Nombre prénoms déclarés;Sexe;Annee;Prenoms;Nombre total cumule par annee
14;F;2022;Emy;14
6;M;2022;Jelani;6
127;F;2024;Adèle;127
6;F;2024;Adama;6
29;F;2024;Stella;29
18;M;2024;Alban;18
10;M;2024;Mathys;10
6;F;2024;Kadidja;6
6;M;2024;Nahïl;6
5;M;2024;Naor;5
97;F;2024;Léa;97
75;F;2024;Charlie;75
7;F;2024;Mawa;7
6;M;2024;Lysandre;6
145;M;2022;Lucas;145
30;F;2022;Thelma;30
26;M;2022;Léopold;26
5;M;2022;Kenzo;5
117;M;2024;Oscar;117
38;M;2024;Balthazar;38
7;M;2024;Ishay;7
23;F;2024;Noor;23
14;F;2024;Rosa;14
13;M;2024;Ilyas;13
8;F;2023;Yaëlle;8
55;F;2024;Alya;55
40;M;2024;Ilyan;40
35;F;2024;Thelma;35
7;M;2024;Ezio;7
6;M;2024;Souhayl;6
5;F;2024;Miya;5
5;F;2024;Khady;5
119;F;2024;Anna;119
36;M;2024;Joshua;36
8;M;2024;Raoul;8
5;F;2024;Elyna;5
5;F;2024;Rosalia;5
7;F;2012;Patricia;7
47;M;2013;Romain;47
6;F;2013;Safia;6
13;F;2014;Aïssatou;13
7;F;2014;Gisèle;7
13;F;2015;Mariame;13
259;M;2015;Paul;259
5;M;2015;Seydina;5
8;F;2015;Yara;8
114;M;2016;Antoine;114
20;F;2016;Louna;20
26;M;2016;Ousmane;26
10;F;2016;Ysé;10
6;M;2017;Calvin;6
5;F;2017;Joey;5
104;F;2017;Lucie;104
32;F;2017;Maryam;32
5;M;2017;Ziad;5
6;M;2018;Akram;6
16;M;2018;Gauthier;16
133;M;2018;Samuel;133
23;M;2018;Stanislas;23
15;M;2019;Harry;15
8;M;2019;Elyes;8
24;F;2021;Assya;24
24;F;2021;Coline;24
15;M;2021;Timéo;15
12;F;2021;Athénaïs;12
8;M;2021;Karim;8
8;F;2019;Basma;8
114;M;2020;Jules;114
83;F;2020;Ava;83
12;F;2020;Hafsa;12
9;M;2020;Aksil;9
48;F;2006;Garance;48
18;M;2006;Gauthier;18
47;M;2006;Mehdi;47
20;F;2006;Prune;20
34;F;2007;Céleste;34
11;F;2007;Emmanuelle;11
8;F;2007;Maïssane;8
12;F;2007;Sidonie;12
14;F;2008;Aline;14
7;F;2016;Rivka;7
38;M;2018;Ali;38
53;F;2018;Brune;53
30;F;2018;Lana;30
19;M;2006;Gaël;19
5;F;2006;Noam;49
75;F;2008;Maya;75
28;F;2009;Bérénice;28
17;F;2009;Mona;17
10;F;2010;Elya;10
6;F;2011;Camilia;6
31;F;2020;Selma;31
8;M;2008;Eden;8
14;M;2008;Jean-Baptiste;14
28;M;2008;Naël;28
33;F;2008;Naomi;33
8;F;2009;Mahault;8
5;F;2009;Maïssane;5
5;F;2009;Perla;5
5;F;2010;Nikita;11
10;F;2010;Philomène;10
37;F;2010;Tess;37
24;F;2010;Zélie;24
14;F;2004;Annabelle;14
73;F;2005;Joséphine;73
154;M;2005;Mohamed;154
14;M;2023;Mattia;14
11;M;2023;Milhan;11
10;M;2023;Amos;10
5;F;2023;Olive;5
33;M;2009;Anton;33
49;F;2009;Constance;49
12;F;2009;Élisa;12
5;M;2009;Filip;5
35;M;2009;Grégoire;35
46;M;2009;Ibrahim;46
88;M;2010;Amine;88
7;M;2010;Hedi;7
21;F;2010;Hélène;21
26;F;2010;Kenza;26
6;F;2010;Lindsay;6
11;F;2010;Nine;11
19;M;2010;Noham;19
11;F;2010;Olympe;11
7;F;2010;Sandra;7
7;F;2011;Anya;7
6;F;2020;Shirel;6
23;M;2021;Raphael;23
6;F;2021;Élyne;6
7;M;2019;Logan;7
21;M;2024;Levi;21
10;M;2023;Mady;10
10;M;2023;Yahya;10
8;F;2023;Yara;8
164;M;2024;Noah;164
6;M;2024;Loïs;6
90;M;2024;Augustin;90
38;F;2024;Ayla;38
16;F;2024;Amalia;16
14;F;2024;Carmen;14
9;F;2024;Ethel;9
7;F;2024;Emmy;7
7;M;2024;Luc;7
7;M;2024;Walid;7
29;M;2005;Ahmed;29
57;M;2005;Florian;57
5;F;2005;Mama;5
11;F;2005;Zélie;11
78;F;2006;Ambre;78
74;F;2004;Margaux;74
17;M;2004;Rafael;17
6;M;2012;Blaise;6
12;F;2013;Laure;12
118;F;2014;Manon;118
5;F;2015;Aïssa;10
5;M;2015;Babacar;5
20;M;2015;Ilian;20
5;M;2015;Justin;5
5;M;2016;Erwann;5
5;F;2024;Alycia;5
57;F;2024;Yasmine;57
48;F;2024;Margaux;48
12;F;2024;Sirine;12
11;M;2024;Yossef;11
6;F;2024;Philomène;6
8;M;2022;Aristide;8
7;F;2022;Hidaya;7
6;M;2013;Erwann;6
9;M;2013;Hugues;9
5;F;2014;Keyla;5
9;F;2014;Malia;9
39;M;2014;Zakaria;39
5;F;2015;Arwa;5
9;M;2015;Elio;9
9;F;2015;Ysé;9
11;F;2016;Anissa;11
71;M;2016;Ibrahim;71
19;M;2016;Kylian;19
59;F;2017;Fatoumata;59
8;M;2017;Melvin;8
5;M;2018;Oren;5
59;M;2019;Enzo;59
27;F;2019;Aliénor;27
24;F;2006;Maud;24
34;M;2006;Yassine;34
8;M;2007;Kyllian;8
7;F;2008;Elona;7
7;M;2008;Paolo;7
45;F;2009;Célia;45
25;F;2009;Elena;25
22;M;2009;Omar;22
5;F;2009;Soumaya;5
5;M;2010;Alessio;5
16;M;2010;Dimitri;16
8;M;2010;Iyed;8
8;F;2010;Lucy;8
6;M;2011;Sékou;6
16;F;2021;Lilya;16
9;F;2021;Tasnim;9
5;M;2020;Zach;5
39;M;2021;Clément;39
8;F;2021;Tessa;8
5;F;2021;Djenna;5
5;F;2021;Esma;5
8;F;2019;Lucy;8
6;M;2019;Aharon;6
5;F;2019;Maud;5
10;F;2020;Tesnim;10
6;M;2020;Barthélemy;6
6;M;2004;Rami;6
10;M;2012;Aboubakar;10
13;M;2012;Gaëtan;13
5;M;2012;Jonah;5
5;F;2012;Lauren;5
19;M;2012;Owen;19
82;F;2013;Apolline;82
7;M;2013;Bradley;7
16;F;2013;Malak;16
101;M;2013;Noé;101
5;F;2014;Dalya;5
5;M;2014;Laurent;5
14;F;2014;Rania;14
12;M;2014;Zachary;12
11;F;2015;Vanessa;11
13;M;2015;Wael;13
21;F;2016;Bintou;21
7;M;2017;Daouda;7
42;F;2017;Sara;42
11;M;2018;Aboubakar;11
16;M;2018;Adrian;16
36;F;2018;Éléonore;36
21;F;2018;Irène;21
86;M;2018;Nathan;86
13;F;2024;Anya;13
9;F;2024;Kamila;9
7;F;2024;Sidra;7
6;M;2024;Luis;6
68;M;2024;Nathan;68
6;F;2024;Alaïa;6
6;M;2024;Quentin;6
20;F;2012;Louisa;20
307;F;2012;Louise;307
6;M;2013;Zinedine;6
5;F;2014;Christina;5
14;F;2015;Noor;14
7;M;2016;Aimé;7
19;F;2017;Athénaïs;19
63;F;2017;Marie;63
13;M;2019;Esteban;13
6;F;2019;Soraya;6
5;M;2019;Orion;5
5;F;2019;Rosa;5
14;F;2020;Marguerite;14
7;M;2020;Aydan;7
67;F;2021;Nour;67
11;M;2021;Mathieu;11
9;F;2013;Marilou;9
27;F;2015;Célia;27
7;F;2015;Olga;7
79;F;2015;Suzanne;79
9;F;2016;Cécile;9
5;F;2016;Leyla;5
6;M;2017;Isidore;6
35;M;2019;Ahmed;35
10;F;2019;Gloria;10
242;M;2006;Antoine;242
7;F;2006;Katia;7
184;M;2006;Victor;184
23;M;2007;Lorenzo;23
8;M;2008;Amin;8
9;M;2008;Curtis;9
7;F;2008;Line;7
11;F;2022;Ania;11
6;M;2022;Ishay;6
40;F;2024;Salomé;40
25;F;2024;Maxine;25
6;M;2024;Naïl;6
48;F;2023;Liv;48
46;F;2023;Madeleine;46
21;M;2023;Ismaïl;21
15;M;2023;Maximilien;15
10;M;2023;Adriel;10
7;M;2023;Dimitri;7
7;F;2023;Cassandre;7
6;M;2023;Ilias;6
5;M;2024;Priam;5
7;F;2024;Melissa;7
6;M;2024;Jed;6
69;M;2023;Léonard;69
24;F;2023;Mahaut;24
12;M;2023;Mehdi;12
8;M;2023;Ezio;8
5;F;2023;Meriem;5
16;M;2024;Anton;16
10;F;2024;Avital;10
5;F;2024;Johanne;5
5;F;2023;Johanna;5
12;M;2012;Leonardo;12
11;M;2012;Mahé;11
6;M;2013;Cheikh;6
27;F;2013;Chiara;27
5;F;2013;Cindy;5
7;F;2013;Hind;7
5;M;2013;Tobias;5
10;M;2013;Yohan;10
7;M;2014;Alassane;7
33;M;2014;Anton;33
8;F;2014;Miya;8
6;F;2014;Patricia;6
5;F;2015;Alima;5
13;F;2011;Yara;13
5;M;2012;Aden;5
5;M;2012;Jassem;5
6;F;2012;Marjane;6
8;F;2012;Nine;8
5;F;2012;Tasnime;5
16;F;2013;Estelle;16
19;F;2013;Lilou;19
10;F;2013;Maylis;10
8;M;2013;Ryad;8
14;F;2014;Eléa;14
112;M;2014;Ethan;112
8;F;2014;Fiona;8
5;F;2014;Gaëlle;5
11;M;2014;Gaëtan;11
8;F;2014;Sacha;154
113;M;2014;Samuel;113
5;M;2014;Stéphane;5
88;M;2014;Valentin;88
13;F;2015;Andréa;25
16;F;2015;Astrid;16
6;M;2015;Aymane;6
19;M;2015;Bastien;19
7;F;2015;Jannah;7
16;M;2015;Noa;16
14;F;2016;Ania;14
5;M;2016;Élio;5
7;M;2016;Ismail;7
5;F;2016;Leia;5
8;M;2016;Michel;8
10;M;2016;Sam;10
54;F;2017;Elsa;54
9;F;2017;Isra;9
45;F;2017;Sophie;45
7;M;2017;Yasser;7
74;M;2018;Auguste;74
10;M;2018;Selyan;10
28;F;2018;Zélie;28
113;M;2019;Noé;113
54;F;2019;Sophia;54
14;F;2019;Rebecca;14
11;M;2019;Constant;11
5;M;2020;Shaï;5
75;F;2021;Alba;75
9;M;2021;Yazid;9
6;M;2021;Arthus;6
5;M;2021;Boubou;5
50;F;2020;Anaïs;50
22;M;2020;Ismael;22
15;F;2020;Emmy;15
13;F;2020;Assa;13
12;F;2020;Rym;12
35;M;2006;Camille;35
88;F;2006;Julie;88
24;F;2006;Maeva;24
15;F;2007;Amira;15
10;F;2007;Ophélie;10
14;F;2008;Alia;14
10;M;2008;Colin;10
13;F;2015;Jessica;13
47;F;2015;Lisa;47
67;F;2015;Pauline;67
8;F;2016;Adriana;8
5;F;2016;Aglaé;5
73;F;2016;Mia;73
5;F;2017;Ayana;5
14;F;2017;Ninon;14
6;F;2018;Félicité;6
7;M;2018;Gaëtan;7
8;M;2019;Mady;8
28;F;2005;Lily;28
7;M;2005;Loris;7
5;F;2005;Seynabou;5
5;M;2006;Aloys;5
21;F;2004;Maïa;21
15;F;2008;Cléo;15
5;F;2009;Eloane;5
9;F;2010;Yara;9
11;M;2011;Kenan;11
6;M;2019;Kenzo;6
70;M;2020;Camille;70
5;F;2021;Alina;5
5;F;2021;Lylia;5
5;M;2008;Ramy;5
6;M;2008;Zakary;6
18;M;2009;Alan;18
7;F;2009;Goundo;7
6;M;2009;Matthew;6
5;M;2009;Menahem;5
14;M;2010;Gaëtan;14
5;F;2010;Maéva;5
10;F;2010;Tiphaine;10
11;M;2011;Andreas;11
17;M;2011;Damien;17
7;M;2011;Elior;7
108;F;2011;Gabrielle;108
15;M;2004;Tony;15
15;F;2005;Bertille;15
5;M;2005;Estéban;5
9;F;2005;Linda;9
8;F;2005;Niouma;8
6;M;2006;Abdallah;6
19;M;2022;Kassim;19
18;F;2022;Marguerite;18
9;M;2022;Adonis;9
5;M;2022;Yacoub;5
5;F;2012;Alycia;5
29;M;2012;Henri;29
23;F;2012;Rachel;23
19;M;2012;Raphael;19
15;M;2013;Aymeric;15
6;F;2013;Nelya;6
16;M;2014;Aylan;16
21;F;2014;Estelle;21
78;M;2014;Ibrahim;78
7;M;2014;Louay;7
23;F;2014;Lucile;23
70;M;2015;Alexis;70
9;F;2015;Athénaïs;9
27;M;2016;Roméo;27
12;F;2017;Anaé;12
14;F;2017;Carla;14
70;M;2017;Enzo;70
6;M;2017;Kays;6
15;F;2017;Line;15
12;M;2017;Salim;12
5;M;2017;Ugo;5
6;M;2018;Adonis;6
5;F;2018;Erin;5
5;M;2018;Sidy;5
8;F;2018;Tesnim;8
47;F;2019;Esther;47
17;F;2019;Camélia;17
12;M;2019;Marlon;12
10;F;2006;Avril;10
5;M;2006;Jibril;5
9;M;2006;Lamine;9
6;M;2006;Loup;6
8;M;2006;Mathurin;8
5;F;2006;Meryem;5
7;M;2006;Rohan;7
7;F;2007;Héléna;7
5;F;2007;Liza;5
6;F;2007;Zineb;6
7;F;2008;Éva;7
13;M;2008;Mohamed-Amine;13
9;M;2008;Térence;9
46;M;2008;Yacine;46
9;F;2009;Félicité;9
21;M;2009;Lino;21
12;F;2009;Naomie;12
6;M;2010;Aziz;6
8;F;2010;Izia;8
15;F;2011;Audrey;15
18;F;2011;Lana;18
9;M;2011;Sean;9
5;F;2011;Tina;5
5;F;2020;Nafissatou;5
8;F;2019;Ema;8
6;M;2019;Barnabé;6
5;M;2019;Mahé;5
17;M;2024;Hedi;17
13;F;2024;June;13
7;M;2019;Matis;7
5;F;2019;Koumba;5
6;M;2020;Mickaël;6
6;F;2020;Catherine;6
5;M;2020;Dante;5
17;M;2021;Lorenzo;17
6;F;2021;Lydia;6
6;M;2004;Albert;6
8;F;2004;Amy;8
6;F;2004;Appoline;6
6;F;2004;Solenn;6
110;M;2005;Julien;110
6;F;2005;Louane;6
9;M;2005;Lukas;9
9;F;2004;Louison;17
19;M;2004;Luka;19
5;F;2006;Elizabeth;5
20;F;2006;Lena;20
35;M;2006;Solal;35
94;F;2006;Valentine;94
13;M;2007;Eden;13
25;M;2007;Jérémy;25
5;M;2007;Livio;5
71;M;2007;Mathieu;71
5;F;2008;Heidi;5
9;M;2008;Sekou;9
9;F;2009;Angela;9
5;F;2009;Halimatou;5
20;M;2009;Jacques;20
5;F;2009;Ranya;5
6;M;2009;Rodrigue;6
79;M;2009;Timothée;79
9;M;2012;Christian;9
5;M;2012;Edward;5
201;F;2012;Inès;201
21;M;2012;Tiago;21
169;F;2013;Emma;169
33;M;2013;Marceau;33
21;F;2014;Coline;21
75;F;2014;Iris;75
34;F;2014;Maria;34
5;F;2014;Milena;5
5;M;2015;Aris;5
19;M;2020;Yassine;19
14;F;2020;Céline;14
5;F;2004;Floriane;5
9;M;2005;Abdallah;9
15;M;2005;Mathurin;15
5;M;2005;Mouhamadou;5
6;F;2005;Nesrine;6
6;F;2005;Tessa;6
126;M;2006;Alexis;126
15;M;2024;Mehdi;15
5;M;2015;Vianney;5
10;M;2016;Eric;10
22;M;2016;Mohammed;22
7;F;2016;Safia;7
6;M;2017;Auxence;6
22;F;2017;Eloïse;22
6;F;2017;Joanne;6
21;F;2017;Neyla;21
5;M;2018;Alon;5
7;M;2018;Andreas;7
50;F;2018;Capucine;50
18;M;2018;Darius;18
8;F;2018;Déborah;8
6;F;2018;Esra;6
8;M;2018;Josh;8
10;M;2018;Raphael;10
54;M;2019;Andrea;54
28;F;2019;Philippine;28
9;F;2019;Shana;9
14;M;2010;Ange;14
5;F;2010;Emi;5
17;M;2010;Gaël;17
15;M;2010;Marco;15
26;M;2010;Nathanaël;26
93;M;2011;Axel;93
6;M;2011;Daouda;6
78;F;2011;Elisa;78
9;M;2011;Iyed;9
15;M;2011;Mayeul;15
26;F;2011;Naomi;26
42;F;2024;Brune;42
37;F;2024;Mahaut;37
34;F;2023;Clémence;34
15;F;2023;Rachel;15
7;M;2023;Mouhamad;7
5;M;2023;Arnaud;5
111;M;2024;Alexandre;111
9;M;2024;Adonis;9
5;M;2024;Menahem;5
10;F;2008;Natacha;10
6;M;2009;Alphonse;6
5;F;2009;Billie;5
12;M;2010;Aylan;12
6;M;2010;Élie;6
11;M;2010;Leny;11
8;M;2010;Matthias;8
20;F;2011;Elina;20
15;F;2011;Tara;15
6;M;2004;Tao;6
6;M;2005;Jeremy;6
36;F;2005;Morgane;36
5;F;2005;Narimane;5
5;M;2020;Clovis;5
5;F;2021;Assetou;5
5;F;2021;Erin;5
7;F;2019;Candice;7
45;M;2020;William;45
29;M;2020;Youssouf;29
14;F;2020;Angèle;14
10;F;2004;Alia;10
5;F;2004;Suzon;5
7;F;2005;Noélie;7
5;M;2006;Aleksandar;5
7;F;2006;Alina;7
15;M;2012;Ambroise;15
5;M;2012;Badis;5
113;M;2012;Clément;113
6;F;2012;Cloé;6
34;M;2012;Edouard;34
5;M;2012;Jawed;5
6;F;2012;Jessie;6
27;F;2012;Kenza;27
5;M;2012;Léo-Paul;5
24;F;2012;Maïssa;24
5;F;2012;Martha;5
5;M;2012;Nizar;5
44;F;2012;Sophia;44
12;F;2013;Lia;12
22;M;2013;Titouan;22
7;F;2014;Ayline;7
6;M;2014;Elhadj;6
5;M;2015;Abdel;5
45;M;2015;Ilyes;45
8;M;2015;Malone;8
166;F;2016;Inès;166
12;F;2023;Maëlys;12
52;F;2006;Carla;52
17;F;2006;Farah;17
18;F;2006;Léonore;18
7;F;2006;Marthe;7
9;F;2007;Angélina;9
8;M;2007;Curtis;8
13;M;2007;Ilias;13
7;F;2007;Samia;7
36;F;2007;Sirine;36
20;M;2008;Gaël;20
5;F;2008;Kessy;5
192;F;2008;Léa;192
7;F;2008;Manelle;7
79;F;2008;Valentine;79
22;M;2009;Ayoub;22
5;F;2009;Calie;5
48;F;2009;Faustine;48
12;M;2009;Philippe;12
11;F;2009;Safa;11
6;M;2009;Zakarya;6
29;M;2010;Dylan;29
10;M;2010;Filip;10
8;M;2010;Tidiane;8
5;M;2010;Yaniv;5
8;F;2011;Alyssia;8
8;F;2011;Ania;8
8;F;2011;Hermine;8
47;M;2011;Nolan;47
6;F;2011;Oriane;6
14;M;2004;Younes;14
8;F;2005;Amira;8
5;F;2005;Annaëlle;5
173;M;2005;Victor;173
28;M;2024;Matteo;28
22;M;2024;Owen;22
16;M;2024;Hadrien;16
5;M;2020;Alistair;5
23;F;2021;Norah;23
23;M;2021;Nathanaël;23
22;F;2021;Aurore;22
8;M;2021;Adriel;8
46;M;2020;Nolan;46
14;F;2020;Julie;14
10;F;2020;Océane;10
9;M;2020;Aziz;9
9;M;2020;Constant;9
14;F;2012;Elya;14
10;F;2012;Léane;10
24;M;2012;Sofiane;24
13;M;2013;Célestin;13
45;F;2013;Daphné;45
11;M;2013;Lyam;11
6;F;2014;Hind;6
10;M;2014;Joan;10
133;M;2014;Léo;133
38;F;2014;Liv;38
8;M;2014;Mady;8
6;F;2014;Ombeline;6
5;M;2014;Sidi;5
5;M;2014;Tim;5
7;F;2015;Divine;7
11;F;2015;Elly;11
5;F;2015;Halima;5
10;F;2015;Lyne;10
59;M;2016;Abel;59
5;M;2016;Arnaud;5
6;F;2016;Ramata;6
12;M;2017;Corentin;12
32;F;2017;Elise;32
15;F;2017;Safiya;15
7;F;2018;Cloé;7
70;M;2018;David;70
10;F;2018;Lia;10
66;M;2019;Baptiste;66
16;F;2019;Manel;16
34;F;2024;Marie;34
14;M;2024;Emmanuel;14
42;F;2024;Aliénor;42
9;M;2024;Ewen;9
8;F;2024;Lily-Rose;8
7;M;2024;Oussayd;7
5;F;2024;Esma;5
5;M;2024;Ghali;5
35;M;2024;Clément;35
29;M;2024;Luca;29
10;M;2024;Éloi;10
7;M;2024;Nahyl;7
6;F;2023;Ada;6
17;M;2024;Ariel;17
6;F;2024;Sanaa;6
9;M;2024;Silas;9
9;F;2023;Sélène;9
6;F;2023;Liba;6
5;M;2023;Alexander;5
25;F;2023;Elise;25
9;M;2023;Lévi;9
8;F;2023;Olga;8
6;F;2023;Lev;6
5;M;2023;Rami;5
5;F;2023;Maylis;5
7;M;2023;Maé;7
5;M;2016;Loan;5
7;M;2016;Robinson;7
8;M;2016;Zakarya;8
16;M;2017;Anis;16
7;F;2017;Baya;7
8;M;2017;Younous;8
25;F;2018;Aliénor;25
6;M;2018;Dany;6
7;F;2018;Eulalie;7
24;F;2018;Louison;33
103;M;2018;Noé;103
8;F;2018;Solveig;8
18;F;2019;Aliya;18
9;F;2019;Jessica;9
7;M;2006;Léo-Paul;7
111;M;2006;Oscar;111
5;M;2006;Oumar;5
21;F;2007;Kelly;21
35;F;2007;Marguerite;35
10;F;2007;Ombeline;10
32;F;2008;Elena;32
5;F;2008;Eline;5
9;M;2008;Jason;9
15;F;2008;Naomie;15
272;M;2010;Louis;272
9;F;2010;Ysé;9
8;F;2011;Hafsa;8
64;M;2011;Maël;64
7;F;2011;Selena;7
19;F;2021;Lya;19
18;M;2021;Neil;18
6;F;2021;Alexia;6
5;M;2021;Safwan;5
7;F;2019;Syrine;7
64;F;2020;Alba;64
12;M;2020;Virgile;12
12;F;2024;Imany;12
9;M;2024;Célestin;9
5;F;2024;Amandine;5
5;F;2024;Assiya;5
5;F;2024;Sonia;5
5;M;2024;Christopher;5
51;F;2023;Ysée;51
12;F;2023;Ida;12
11;F;2023;Sidra;11
6;M;2023;Romain;6
103;M;2023;Liam;103
23;F;2023;Valentina;23
22;F;2023;Jana;22
21;F;2023;June;21
16;F;2023;Zahra;16
15;F;2023;Salimata;15
5;M;2023;Thierno;5
5;F;2023;Artémis;5
81;M;2024;Marceau;81
9;M;2024;Alec;9
7;F;2024;Coline;7
7;F;2024;Serena;7
7;M;2024;Dali;7
7;M;2024;Gauthier;7
5;M;2024;Barthélemy;5
54;M;2023;Imran;54
32;F;2023;Ellie;32
6;F;2023;Tasnim;6
60;M;2023;Henri;60
11;F;2023;Mariame;11
5;M;2023;Ynon;5
27;F;2024;Lison;27
15;M;2024;Elijah;15
10;F;2024;Leila;10
95;M;2024;Eliott;95
6;M;2024;Alpha;6
6;M;2024;Mickaël;6
71;M;2024;Eden;71
54;M;2024;Axel;54
7;M;2024;Abdullah;7
22;M;2023;Edouard;22
10;F;2023;Noor;10
6;M;2021;Alassane;6
29;M;2005;César;29
10;M;2005;Eden;10
10;M;2005;Marvin;10
128;M;2005;Romain;128
26;F;2006;Anaëlle;26
7;F;2019;Alycia;7
5;M;2019;Azad;5
108;F;2020;Nina;108
5;F;2004;Eléanore;5
10;F;2004;Giulia;10
78;F;2023;Juliette;78
10;F;2023;Neyla;10
6;F;2023;Eidel;6
15;F;2023;Ayline;15
5;M;2023;Gael;5
19;M;2024;Lior;19
11;F;2024;Zaynab;11
6;M;2024;Salvador;6
5;F;2024;Éléanore;5
23;F;2022;Louisa;23
15;M;2022;Raphael;15
7;M;2011;Warren;7
24;M;2012;Alban;24
6;F;2012;Binta;6
6;M;2012;Chahine;6
5;M;2012;Danyl;5
8;M;2012;Swann;8
48;F;2013;Myriam;48
5;F;2013;Zineb;5
15;M;2014;Aurèle;15
5;F;2014;Aurélie;5
5;F;2014;Henriette;5
24;M;2014;Ibrahima;24
5;M;2014;Jarod;5
6;M;2015;George;6
6;F;2015;Leonor;6
35;M;2015;Matteo;35
11;M;2016;Colin;11
6;M;2016;Giulian;6
5;F;2017;Christina;5
7;M;2017;Mendel;7
189;F;2018;Emma;189
85;F;2018;Lou;97
14;F;2018;Paola;14
7;F;2018;Vera;7
26;M;2019;Owen;26
11;F;2004;Valentina;11
25;M;2005;Anatole;25
9;F;2005;Éléonore;9
10;M;2005;Gaëtan;10
129;F;2005;Jade;129
5;M;2005;Matheo;5
5;F;2005;Swann;12
13;M;2006;Alan;13
7;F;2019;Amicie;7
6;F;2019;Olympia;6
9;F;2020;Olga;9
34;F;2021;Louisa;34
17;M;2021;Bilal;17
12;F;2021;Mya;12
6;M;2021;Emil;6
5;M;2021;Daris;5
91;F;2004;Lina;91
54;M;2004;Marius;54
16;M;2004;Owen;16
83;M;2006;Augustin;83
31;M;2006;Hippolyte;31
12;M;2006;Louka;12
26;M;2006;Marin;26
41;F;2006;Sophie;41
18;F;2006;Vanessa;18
54;F;2007;Ava;54
13;M;2007;Mahamadou;13
19;F;2007;Maïssa;19
26;M;2007;Pablo;26
10;M;2008;Ari;10
22;F;2008;Estelle;22
9;M;2008;Eyal;9
5;M;2008;Hakim;5
48;M;2008;Marius;48
17;M;2008;Noham;17
5;F;2008;Shelly;5
8;F;2009;Aïssatou;8
5;M;2009;Clarence;5
5;M;2010;Albin;5
8;F;2010;Andrea;41
14;F;2010;Ariane;14
104;M;2010;Ethan;104
6;M;2010;Lyam;6
11;M;2010;Tony;11
6;M;2011;Erwann;6
31;M;2011;Hector;31
14;M;2011;Jonathan;14
8;F;2011;Lindsay;8
39;F;2020;Lila;39
28;F;2020;Maëlle;28
25;F;2020;Noor;25
19;F;2020;Lyne;19
17;F;2020;Eloïse;17
10;F;2020;Ada;10
7;M;2020;Oliver;7
6;F;2020;Nihel;6
5;F;2020;Anita;5
5;F;2020;Maëline;5
5;F;2020;Séraphine;5
5;F;2020;Yana;5
118;F;2021;Iris;118
6;F;2021;Aleyna;6
5;F;2021;Leïna;5
5;F;2012;Baya;5
6;F;2012;Manelle;6
7;F;2012;Milla;7
5;M;2012;Paul-Arthur;5
64;F;2013;Ava;64
15;M;2013;Jaden;15
75;F;2013;Marie;75
42;M;2015;Amine;42
6;M;2015;Bilel;6
30;M;2016;Andrea;30
5;M;2016;Antonio;5
18;F;2016;Billie;18
7;M;2016;Eyal;7
14;M;2016;Ezra;14
138;M;2016;Gaspard;138
8;M;2016;Merlin;8
6;M;2016;Ziyad;6
6;F;2017;Aïna;6
18;F;2017;Léonore;18
8;M;2017;Ryad;8
6;F;2018;Élia;6
14;M;2018;Loup;14
11;F;2018;Philippa;11
10;M;2006;Brayan;10
6;M;2006;Kacper;6
22;F;2006;Sonia;22
6;F;2007;Aby;6
16;F;2007;Dina;16
6;F;2007;Kadiatou;6
5;F;2007;Kassandra;5
14;M;2007;Xavier;14
36;M;2008;Edouard;36
8;F;2006;Grace;8
18;M;2006;Killian;18
18;F;2006;Louna;18
5;F;2007;Angel;12
6;F;2007;Chahinez;6
114;M;2007;Julien;114
6;F;2007;Loïse;6
38;M;2007;Marius;38
7;F;2007;Olga;7
12;F;2008;Nell;12
11;M;2009;Ewan;11
29;F;2009;Maïssa;29
7;M;2009;Seydou;7
41;M;2009;Thibault;41
5;F;2010;Anais;5
15;M;2010;Dan;15
16;F;2010;Emy;16
123;M;2010;Martin;123
14;F;2010;Yaël;14
40;M;2011;Amir;40
5;M;2011;Matys;5
57;M;2011;Tristan;57
9;M;2004;Chris;9
67;M;2004;Dylan;67
5;F;2004;Zina;5
5;F;2005;Avital;5
7;M;2005;Kenzo;7
5;F;2005;Mado;5
103;M;2005;Oscar;103
33;F;2006;Aminata;33
5;M;2004;Pierre-Alexandre;5
6;F;2012;Kiara;6
5;F;2012;Lilie;5
8;F;2012;Nahla;8
35;M;2012;Rafael;35
28;F;2013;Alexandra;28
5;F;2013;Dune;5
16;M;2013;Philippe;16
8;F;2013;Tania;8
6;F;2013;Wendy;6
95;F;2014;Apolline;95
9;F;2015;Annaëlle;9
53;M;2015;Ayoub;53
83;M;2015;Côme;83
10;F;2015;Dalya;10
5;M;2015;Éthan;5
10;M;2016;Aydan;10
9;F;2016;Cassandra;9
7;F;2016;Charlène;7
5;M;2016;Colomban;5
12;M;2016;Imrane;12
7;F;2016;Luce;7
7;F;2017;Rania;7
23;M;2017;Théodore;23
5;F;2018;Eileen;5
5;M;2018;Felix;5
26;F;2023;Jannah;26
24;M;2023;Mathias;24
9;M;2023;Aliocha;9
7;F;2019;Sonia;7
6;M;2019;Ron;6
33;M;2020;Naïm;33
10;M;2020;Habib;10
7;M;2020;Ziyad;7
12;F;2004;Philomène;12
27;F;2004;Salma;27
61;F;2006;Léna;61
13;F;2007;Angela;13
5;M;2007;Ilyess;5
30;F;2007;Imane;30
8;F;2007;Viviane;8
19;F;2008;Flora;19
7;F;2008;Johanna;7
10;M;2008;Jordan;10
7;F;2008;Lynn;7
11;M;2008;Yoann;11
7;F;2009;Angie;7
11;F;2009;Malak;11
7;M;2009;Marwen;7
71;M;2009;Nicolas;71
7;F;2009;Talia;7
20;F;2023;Bintou;20
12;F;2023;Athénaïs;12
27;F;2024;Sophie;27
18;M;2024;Théophile;18
5;F;2024;Arianna;5
27;F;2012;Fatima;27
22;M;2012;Grégoire;22
35;F;2012;Lise;35
6;M;2012;Livio;6
5;F;2013;Celia;5
134;M;2013;Clément;134
10;F;2013;Cléophée;10
11;F;2013;Coumba;11
7;F;2013;Iliana;7
6;F;2014;Alessia;6
7;F;2014;Elvire;7
14;F;2014;Maïmouna;14
11;F;2014;Neïla;11
9;F;2015;Angelina;9
27;M;2015;Aurélien;27
11;M;2011;Youcef;11
11;M;2011;Zadig;11
14;F;2012;Colombe;14
16;M;2012;Eloi;16
36;M;2012;Joachim;36
23;M;2013;Erwan;23
81;F;2013;Romane;81
23;M;2014;Anas;23
12;M;2014;Karl;12
80;F;2014;Victoire;80
9;F;2015;Yaël;9
9;M;2016;Alessio;9
6;F;2016;Anita;6
8;M;2016;Ariel;8
35;M;2016;Hadrien;35
15;F;2016;Maxine;15
12;M;2016;Mayeul;12
7;M;2016;Meïr;7
88;M;2017;Basile;88
10;M;2017;Malone;10
7;F;2017;Syrine;7
19;M;2018;Esteban;19
8;M;2018;Zachary;8
18;F;2019;Salma;18
61;M;2021;Maxence;61
8;F;2021;Ethel;8
7;F;2021;Salimata;7
8;F;2019;Miral;8
5;F;2019;Erika;5
18;M;2020;Kayden;18
8;M;2020;Aliocha;8
6;M;2020;Ivan;6
5;F;2006;Baya;5
83;F;2006;Emilie;83
7;F;2006;Ludmila;7
6;F;2007;Lucille;6
74;F;2007;Noémie;74
8;M;2008;Calixte;8
39;F;2008;Chiara;39
5;M;2015;Giovanni;5
6;F;2015;Layana;6
10;M;2015;Léandre;10
5;M;2016;Assil;5
6;M;2016;Kenzi;6
9;F;2016;Shana;9
17;F;2016;Tess;17
26;M;2016;Tiago;26
63;F;2016;Yasmine;63
63;M;2017;Abel;63
12;F;2017;Agnès;12
6;F;2017;Annaëlle;6
16;F;2017;Elisabeth;16
28;M;2017;Hippolyte;28
5;F;2017;Levana;5
8;M;2017;Swann;8
18;F;2018;Cléo;18
7;M;2018;Ishaq;7
41;M;2018;Lenny;41
8;M;2018;Morgan;8
70;M;2019;Ethan;70
27;M;2019;Aurèle;27
12;F;2019;Line;12
12;F;2019;Solène;12
7;M;2004;Aurèle;7
7;M;2004;Flavio;7
28;M;2004;Hector;28
9;M;2004;Yoann;9
12;M;2005;Adrian;12
63;F;2005;Léna;63
8;F;2005;Maëva;8
29;M;2005;Noa;29
43;F;2005;Olivia;43
60;M;2005;Vincent;60
35;M;2006;Lenny;35
7;M;2007;Ben;7
13;M;2007;Bryan;13
39;F;2007;Constance;39
70;F;2007;Salomé;70
103;M;2007;Valentin;103
6;M;2008;Boris;6
18;F;2008;Charline;18
5;F;2008;Gladys;5
13;M;2008;Ilias;13
29;M;2008;Kevin;29
8;M;2009;Elian;8
21;M;2009;Sofiane;21
7;M;2010;Cheikh;7
5;F;2010;Meriam;5
8;M;2011;Emir;8
18;F;2011;Philippine;18
8;M;2011;Rodrigue;8
5;F;2011;Shirine;5
6;M;2019;Kenzy;6
20;M;2020;Iyad;20
34;F;2021;Naomi;34
20;M;2021;Amadou;20
16;M;2021;Salim;16
5;F;2021;Alexie;5
8;M;2008;Léo-Paul;8
5;M;2008;Stefan;5
6;F;2009;Aïda;6
12;F;2009;Ombeline;12
59;M;2009;Tristan;59
6;M;2010;Alone;6
5;F;2010;Eliana;5
6;M;2010;Melchior;6
6;F;2010;Solange;6
10;M;2011;Alistair;10
7;M;2011;Evann;7
14;M;2011;Ilan;14
31;M;2011;Ilyes;31
13;F;2011;Maylis;13
8;F;2011;Meriem;8
165;M;2011;Sacha;165
5;M;2005;Fares;5
7;F;2005;Joana;7
8;F;2005;Lauren;8
6;F;2005;Mélia;6
107;F;2005;Noémie;107
6;M;2004;Léni;6
26;M;2004;Matéo;26
60;F;2024;Mariam;60
19;M;2024;Ishaq;19
16;F;2024;Elia;16
11;M;2024;Charly;11
6;M;2024;Idrissa;6
5;F;2024;Razane;5
17;F;2012;Carla;17
107;F;2012;Lucie;107
7;M;2012;Marlon;7
31;M;2013;Ahmed;31
5;M;2013;Islem;5
28;F;2013;Raphaëlle;28
166;M;2015;Antoine;166
9;M;2015;Carl;9
73;F;2015;Elsa;73
141;F;2015;Lina;141
5;M;2016;Ahmad;5
51;M;2017;Achille;51
25;M;2018;Corentin;25
28;F;2019;Lilia;28
13;M;2019;Alessandro;13
18;F;2006;Émilie;18
8;M;2006;Flavio;8
7;M;2006;Logan;7
6;M;2007;Enguerrand;6
9;F;2007;Hermine;9
13;F;2007;Oumou;13
23;M;2007;Rafaël;23
5;M;2008;Elia;5
11;F;2009;Gabriella;11
8;F;2009;Soraya;8
12;M;2010;Ilyas;12
44;M;2010;Lenny;44
7;M;2010;Malek;7
10;F;2010;Viviane;10
55;F;2005;Alexandra;55
83;F;2005;Laura;83
5;M;2005;Muhammad;5
9;F;2021;Bella;9
8;F;2021;Yael;8
6;M;2021;Keziah;6
6;M;2020;Samba;6
39;F;2004;Daphné;39
24;F;2005;Léonie;24
16;F;2005;Marilou;16
79;M;2004;Joseph;79
6;M;2004;Lior;6
37;F;2014;Chiara;37
18;F;2014;Eve;18
7;M;2014;Selim;7
93;F;2015;Romane;93
8;M;2016;Aziz;8
17;F;2016;Irène;17
33;M;2023;Armand;33
22;M;2023;Edgar;22
12;M;2023;Youcef;12
8;F;2023;Carla;8
7;M;2023;Ahmad;7
5;M;2023;Ishak;5
5;F;2023;Claudia;5
91;F;2023;Charlie;91
17;F;2023;Alexandra;17
12;M;2023;Avi;12
11;M;2023;Ishaq;11
11;F;2023;Layana;11
9;F;2023;Violette;9
8;F;2023;Joey;8
5;M;2023;Tommaso;5
51;M;2024;Gustave;51
48;F;2024;Aïcha;48
22;F;2024;Judith;22
16;F;2024;Janna;16
10;F;2024;Lehna;10
6;F;2004;Amélia;6
19;F;2005;Anissa;19
7;M;2006;Alfred;7
22;F;2006;Amina;22
10;F;2004;Leïla;10
20;F;2012;Judith;20
9;M;2012;Levi;9
11;F;2013;Amy;11
79;M;2013;Mathis;79
12;F;2014;Elia;12
6;M;2014;Lévi;6
8;F;2015;Oriane;8
44;F;2015;Salomé;44
5;F;2016;Jodie;5
9;M;2017;Christian;9
45;F;2017;Esther;45
8;M;2017;Milhan;8
5;M;2018;Aron;5
9;M;2018;Barthélemy;9
6;F;2018;Liliana;6
5;M;2009;Alpha;5
5;F;2009;Milena;5
29;F;2009;Selma;29
5;F;2021;Luisa;5
7;F;2019;Isabelle;7
7;F;2019;Meryem;7
30;F;2020;Louison;30
19;M;2020;Raphael;19
61;M;2012;Naël;61
10;F;2012;Soline;10
5;M;2013;Joaquim;5
11;F;2014;Antonia;11
7;F;2015;Helena;7
5;F;2016;Anaya;5
6;F;2016;Loane;6
5;M;2017;Hillel;5
29;F;2017;Lana;29
27;M;2017;Loup;27
115;F;2018;Alma;115
6;F;2018;Cécile;6
5;F;2018;Mélinée;5
7;M;2018;Nour;7
18;F;2019;Elya;18
17;M;2019;Lino;17
17;F;2019;Ninon;17
15;F;2011;Maëva;15
8;F;2019;Jane;8
5;M;2019;Rahim;5
47;F;2020;Valentine;47
16;F;2020;Claire;16
30;F;2021;Nelya;30
8;M;2007;Nathaniel;8
9;F;2008;Chayma;9
10;M;2008;Elouan;10
6;F;2008;May;6
20;M;2009;Ariel;20
6;F;2009;Christine;6
8;F;2009;Claudia;8
12;M;2009;Nolhan;12
5;F;2009;Roxanne;5
8;M;2009;Yani;8
10;M;2004;Igor;10
7;M;2004;Teddy;7
5;M;2005;Sidy;5
17;M;2005;Xavier;17
46;F;2023;Pia;46
42;M;2023;Roméo;42
15;F;2023;Elisabeth;15
9;F;2023;Lilas;9
6;F;2023;Zayneb;6
5;M;2023;Gaëtan;5
5;M;2023;Sohann;5
17;M;2023;Zacharie;17
6;M;2023;Mendel;6
17;M;2020;Ambroise;17
29;F;2021;Elsa;29
7;F;2021;Anita;7
6;M;2004;Mory;6
10;F;2008;Alba;10
31;M;2008;Hadrien;31
11;M;2009;Adama;11
18;F;2009;Assia;18
9;F;2009;Cléo;9
57;F;2010;Constance;57
8;M;2010;Youri;8
90;M;2004;Guillaume;90
39;M;2020;Ezra;39
31;M;2020;Rafael;31
9;F;2020;Philippa;9
8;F;2020;Joanna;8
7;F;2020;Jannat;7
6;F;2020;Neïla;6
7;F;2021;Tamara;7
6;F;2021;Laure;6
6;F;2012;Noura;6
7;M;2012;Tybalt;7
14;M;2015;Albert;14
5;F;2015;Gina;5
19;F;2015;Naomie;19
35;F;2016;Éléonore;35
59;M;2016;Félix;59
12;M;2016;Issam;12
32;M;2016;Mathias;32
44;M;2016;Rafael;44
6;M;2017;Carl;6
9;M;2017;Melchior;9
6;F;2017;Nesrine;6
6;F;2017;Tina;6
25;F;2018;Alya;25
6;F;2018;Izïa;6
12;M;2018;Yossef;12
8;M;2019;Abdou;8
20;F;2006;Cassandre;20
9;M;2006;Wandrille;9
6;M;2007;Jacob;6
7;M;2007;Kelyan;7
6;F;2007;Manuela;6
25;M;2007;Sasha;25
16;F;2008;Bertille;16
6;M;2008;Eugène;6
82;F;2008;Noémie;82
7;F;2010;Erin;7
17;M;2010;Olivier;17
7;F;2011;Maëlie;7
15;F;2004;Aurélie;15
22;F;2005;Rosalie;22
11;M;2004;Marwan;11
133;M;2004;Romain;133
30;M;2022;Milan;30
22;M;2022;Samy;22
12;F;2022;Tali;12
5;M;2022;Alec;5
5;F;2022;Malek;5
19;F;2006;Anne;19
6;F;2006;Lorena;6
8;F;2006;Yousra;8
61;F;2007;Carla;61
5;F;2007;Élina;5
6;M;2007;Jibril;6
25;M;2007;Naël;25
8;F;2008;Alycia;8
6;M;2008;Célian;6
52;M;2008;Evan;52
18;F;2008;Kelly;18
15;M;2008;Sébastien;15
118;F;2009;Clara;118
7;M;2009;Flavien;7
5;M;2010;Malcolm;5
80;M;2010;Quentin;80
9;M;2011;Alassane;9
8;M;2011;Islam;8
12;F;2011;Leïla;12
7;F;2011;Lyla;7
20;M;2011;Mattéo;20
8;F;2011;Neyla;8
15;F;2004;Aude;15
18;F;2004;Talia;18
12;M;2005;Anas;12
19;F;2005;Camélia;19
66;F;2005;Capucine;66
18;F;2005;Cassandre;18
25;F;2005;Maria;25
24;M;2005;Rafaël;24
23;F;2005;Rebecca;23
84;F;2005;Victoire;84
5;M;2004;Issam;5
5;M;2004;Modibo;5
8;F;2012;Anissa;8
28;M;2012;Elliot;28
9;M;2012;Jordan;9
11;F;2012;Maeva;11
15;F;2013;Élise;15
94;M;2013;Martin;94
28;M;2013;Naïm;28
11;F;2014;Dana;11
16;M;2014;Florian;16
10;M;2014;Thiago;10
15;M;2014;Zacharie;15
5;M;2015;Demba;5
5;F;2016;Alyah;5
5;M;2016;Anselme;5
5;F;2016;Appoline;5
6;M;2016;Eddy;6
7;F;2016;Oriane;7
16;F;2017;Cléo;16
6;M;2017;Dalil;6
59;M;2017;Evan;59
7;F;2017;Gaia;7
20;F;2017;Irène;20
51;F;2017;Pauline;51
5;M;2018;Abou;5
20;M;2018;Aurélien;20
62;M;2023;Ulysse;62
25;M;2023;Samy;25
5;F;2018;Kiara;5
6;F;2018;Mélodie;6
5;F;2018;Safiatou;5
5;F;2018;Tiguida;5
57;M;2018;Ulysse;57
27;F;2019;Elisabeth;27
10;M;2019;Younès;10
5;M;2019;Christ;5
5;M;2019;Ilias;5
14;F;2020;Nola;14
13;F;2020;Éléa;13
15;M;2021;Lamine;15
13;F;2021;Gabriella;13
9;M;2021;Louison;9
6;M;2021;Damian;6
6;M;2021;Henry;6
39;F;2023;Théa;39
14;M;2023;Alex;14
5;M;2023;Maylone;5
35;M;2012;Andrea;35
9;F;2012;Hafsa;9
13;F;2012;Jessica;13
7;F;2012;Sabrina;7
7;F;2012;Siloé;7
57;M;2012;Youssef;57
11;M;2013;Josh;11
7;M;2013;Wesley;7
18;F;2014;Anaëlle;18
23;M;2014;Aurélien;23
51;F;2014;Garance;51
21;M;2014;Ivan;21
6;M;2014;Mory;6
27;F;2014;Noa;51
20;F;2012;Lison;20
32;M;2012;Luca;32
7;F;2013;Philomène;7
13;F;2014;Léana;13
8;F;2014;Nelly;8
10;M;2014;Tony;10
7;F;2015;Anouck;7
112;M;2016;Isaac;112
5;F;2016;Margo;5
5;F;2017;Myrtille;5
19;M;2017;Vincent;19
8;F;2018;Melina;8
27;M;2019;Emile;27
26;M;2019;Abdoulaye;26
12;F;2021;Éloïse;12
6;F;2021;Perrine;6
13;M;2020;Hedi;13
5;F;2006;Délia;5
43;M;2006;Ibrahim;43
26;F;2006;Judith;26
16;M;2007;Tiago;16
56;F;2008;Célia;56
10;F;2015;Lucia;10
5;M;2015;Nelson;5
24;F;2016;Emilie;24
6;M;2016;Éthan;6
5;F;2016;Samira;5
5;F;2017;Adja;5
9;M;2017;Alpha;9
18;M;2017;Johan;18
6;F;2018;Astrée;6
5;M;2018;Aurel;5
8;F;2018;Domitille;8
34;F;2018;Elise;34
5;M;2018;Johann;5
39;F;2018;Lila;39
8;M;2018;Prince;8
17;F;2019;Janna;17
15;M;2019;Jonathan;15
9;M;2019;Lassana;9
7;M;2004;Avi;7
14;M;2004;Brice;14
6;F;2004;Solveig;6
10;M;2005;Sekou;10
49;F;2005;Sofia;49
8;F;2005;Stéphanie;8
12;M;2005;Vladimir;12
309;M;2006;Alexandre;309
40;M;2004;Lenny;40
34;M;2004;Maximilien;34
295;M;2004;Paul;295
21;M;2006;Auguste;21
8;F;2006;Lea;8
10;M;2006;Nabil;10
7;M;2006;Réda;7
18;M;2006;Souleymane;18
158;M;2007;Hugo;158
34;F;2007;Lily;34
34;F;2007;Lise;34
18;M;2007;Matias;18
8;M;2007;Rami;8
12;F;2007;Tania;12
5;M;2008;Kamil;5
27;F;2008;Maria;27
22;M;2008;Sami;22
22;M;2009;Bastien;22
11;M;2009;Harry;11
14;M;2009;Mahamadou;14
7;F;2010;Neyla;7
6;F;2010;Salimata;6
10;M;2011;Cheick;10
5;F;2011;Hadja;5
35;F;2011;Inaya;35
5;M;2011;Tidiane;5
8;F;2019;Liza;8
7;F;2019;Djeneba;7
7;F;2019;Lilas;7
23;F;2020;Lena;23
9;F;2020;Ora;9
5;M;2020;Swan;5
5;F;2020;Fatimata;5
50;F;2021;Raphaëlle;50
27;M;2021;Gaston;27
8;M;2021;Élias;8
6;M;2021;Mouhamadou;6
5;M;2021;Nil;5
126;M;2008;Léo;126
23;F;2008;Manel;23
78;M;2008;Noé;78
7;F;2008;Paula;7
6;F;2009;Anouck;6
6;F;2009;Joanne;6
17;M;2009;Mohammed;17
10;F;2010;Aïda;10
19;F;2010;Livia;19
12;M;2011;Mahamadou;12
23;F;2011;Rachel;23
44;M;2011;Solal;44
7;M;2004;Siméon;7
24;F;2004;Thaïs;24
5;M;2005;Leonardo;5
8;M;2005;Lou;8
7;F;2005;Rébecca;7
20;F;2005;Tess;20
23;M;2005;Théodore;23
7;M;2005;Yohann;7
17;M;2005;Zakaria;17
6;F;2006;Aleksandra;6
5;M;2020;Noâm;5
34;F;2021;Faustine;34
6;F;2021;Dounia;6
5;M;2021;Andrei;5
5;M;2021;Massyl;5
5;F;2019;Ferima;5
76;F;2020;Léonie;76
10;M;2020;Naor;10
5;M;2004;Adan;5
30;F;2004;Angèle;30
60;F;2005;Alicia;60
24;F;2005;Bintou;24
10;F;2005;Lara;10
5;M;2005;Mohamed-Ali;5
7;F;2005;Nell;7
12;M;2005;Youcef;12
31;F;2004;Ilona;31
17;F;2004;Lou-Ann;17
7;M;2004;Samir;7
22;M;2012;Rayane;22
6;F;2013;Fiona;6
6;M;2013;Joey;6
7;F;2013;Luce;7
9;F;2013;Lylia;9
6;M;2013;Maximilian;6
15;M;2014;Aksil;15
8;F;2014;Catherine;8
12;F;2014;Grace;12
25;F;2014;Marion;25
10;M;2014;Saïd;10
6;F;2014;Simone;6
89;F;2015;Clémence;89
6;M;2015;Mamoudou;6
17;M;2015;Marcus;17
28;F;2016;Alexandra;28
7;F;2016;Alissa;7
8;M;2016;Idris;8
5;M;2006;Élie;5
27;M;2006;Gustave;27
48;F;2006;Iris;48
9;F;2006;Isis;9
11;F;2006;Mia;11
11;M;2006;Tanguy;11
28;M;2007;Anton;28
76;M;2008;Jean;76
6;F;2008;Manuela;6
35;M;2008;Mathys;35
9;M;2009;Aylan;9
13;M;2009;Kilian;13
36;M;2009;Lenny;36
37;F;2009;Lila;37
5;M;2009;Louan;5
103;F;2009;Nina;103
12;F;2009;Shirel;12
5;M;2010;Andréas;5
12;F;2010;Estelle;12
6;F;2010;Héléna;6
25;F;2010;Maëlle;25
10;M;2010;Youssouf;10
16;M;2011;Idriss;16
52;M;2005;Aaron;52
187;M;2005;Adam;187
7;M;2005;Ronan;7
7;F;2005;Wendy;7
7;F;2006;Alexane;7
12;F;2006;Elisabeth;12
8;F;2006;Jana;8
23;M;2006;Wassim;23
10;F;2007;Colette;10
43;M;2007;Hadrien;43
37;M;2007;Rémi;37
6;F;2007;Tina;6
14;M;2007;Younes;14
11;F;2008;Adriana;11
63;F;2008;Alix;70
8;F;2008;Coralie;8
24;M;2008;Erwan;24
135;M;2008;Hugo;135
26;M;2008;James;26
6;M;2008;Leo;6
7;F;2008;Liz;7
6;M;2009;Eytan;6
6;M;2009;Gary;6
5;F;2009;Georgia;5
8;M;2009;Mody;8
5;M;2010;Camil;5
8;F;2010;Cléophée;8
10;M;2010;Issam;10
5;M;2010;Thiago;5
7;M;2010;Younès;7
20;M;2011;Aymen;20
7;M;2011;Ezio;7
6;M;2011;Nadir;6
5;F;2011;Olga;5
33;M;2004;Ali;33
42;F;2004;Candice;42
21;F;2005;Jasmine;21
19;F;2005;Maïlys;19
36;M;2005;Marc;36
283;M;2004;Raphaël;283
12;F;2012;Leïla;12
7;F;2012;Paola;7
10;F;2012;Sana;10
6;M;2013;Eli;6
25;F;2013;Fatima;25
21;M;2013;Ilyas;21
15;M;2014;Etienne;15
6;F;2015;Avital;6
8;M;2015;Aymeric;8
10;F;2016;Laure;10
5;M;2020;Yaya;5
31;M;2021;Abdoulaye;31
7;F;2019;Matilde;7
6;F;2019;Daniella;6
5;M;2019;Yaya;5
11;F;2020;Ève;11
8;M;2004;Ilyas;8
21;M;2004;Isaac;21
61;M;2004;Mehdi;61
8;F;2012;Ashley;8
16;M;2012;Kamil;16
6;F;2012;Leïna;6
15;F;2012;Oumou;15
5;F;2012;Salimata;5
7;M;2013;Alec;7
5;F;2013;Dania;5
5;M;2013;Ezio;5
15;M;2013;Haroun;15
8;F;2014;Ashley;8
6;F;2014;Jill;6
7;F;2014;Layla;7
5;M;2014;Muhammad;5
29;F;2015;Alya;29
20;F;2015;Axelle;20
41;F;2015;Roxane;41
5;M;2015;Shay;5
9;M;2017;Aiden;9
8;F;2017;Anaelle;8
26;F;2017;Brune;26
13;M;2017;Iyed;13
7;M;2017;Lou;7
5;F;2017;Samira;5
119;F;2017;Victoria;119
21;F;2018;Astrid;21
20;M;2018;Aymen;20
9;F;2018;Ramata;9
12;F;2019;Amélia;12
10;F;2024;Tal;10
8;F;2024;Marianne;8
6;M;2024;Arès;6
46;F;2016;Noémie;46
9;M;2016;Siméon;9
5;F;2017;Talya;5
6;F;2017;Vanessa;6
37;M;2018;Ernest;37
9;F;2018;Neïla;9
9;F;2018;Nell;9
12;F;2018;Salimata;12
6;F;2018;Vanessa;6
29;M;2019;Jayden;29
162;M;2020;Léo;162
97;F;2020;Victoire;97
9;M;2020;Rafaël;9
5;M;2020;Yahia;5
22;F;2021;Sibylle;22
19;F;2021;Naya;19
13;F;2021;Olga;13
7;F;2021;Albertine;7
6;M;2021;Aksil;6
5;M;2021;Kays;5
5;M;2012;Sean;5
14;M;2012;Yani;14
42;M;2013;Armand;42
5;M;2014;Adriano;5
33;F;2014;Esther;33
64;M;2015;Lucien;64
8;F;2015;Méline;8
8;F;2015;Mira;8
8;F;2016;Amelia;8
6;M;2016;Elyan;6
5;M;2016;Meyron;5
5;F;2016;Romie;5
12;M;2017;Dan;12
41;M;2022;Leo;41
7;F;2022;Cléophée;7
13;F;2016;Naïla;13
6;F;2016;Naya;6
29;F;2016;Pia;29
5;F;2016;Sélène;5
17;F;2017;Anastasia;17
7;M;2018;Andrew;7
74;M;2018;Charles;74
9;M;2018;Clarence;9
5;M;2018;Marlon;5
7;F;2018;Séréna;7
47;F;2019;Marie;47
9;F;2019;Félicie;9
22;F;2006;Jessica;22
5;F;2006;Kate;5
12;F;2006;Mariame;12
43;M;2007;Achille;43
5;M;2007;Boubacar;5
6;M;2007;John;6
15;M;2007;Kilian;15
19;F;2007;Laetitia;19
55;M;2007;Maël;55
19;F;2007;Mélanie;19
22;F;2007;Mona;22
60;F;2007;Violette;60
8;F;2008;Jennifer;8
7;M;2008;Kilian;7
31;M;2009;Elliot;31
6;M;2009;Nelson;6
38;M;2009;Roman;38
119;M;2009;Sacha;119
9;F;2009;Théa;9
46;M;2010;Abel;46
6;M;2010;Cédric;6
12;F;2010;Ludivine;12
11;M;2010;Mickaël;11
38;M;2011;Auguste;38
59;F;2011;Aya;59
5;F;2011;Léontine;5
5;F;2020;Rahma;5
59;F;2021;Céleste;59
22;F;2021;Fanta;22
8;F;2021;Solène;8
5;F;2021;Daniella;5
5;M;2021;Cayden;5
7;F;2019;Talya;7
5;F;2019;Louve;5
16;F;2020;Eline;16
8;M;2020;Nabil;8
29;F;2022;Esmée;29
27;M;2022;Ahmed;27
16;M;2022;Muhammad;16
5;M;2022;Roy;5
5;F;2019;Ruth;5
8;M;2021;Imrân;8
7;F;2021;Alisha;7
5;M;2004;Abdelaziz;5
7;F;2004;Sohane;7
5;F;2004;Loan;5
36;F;2006;Audrey;36
23;M;2006;Mathys;23
5;F;2006;Noémi;5
6;F;2007;Madina;6
5;M;2007;Menahem;5
48;F;2008;Lila;48
299;M;2009;Raphaël;299
25;F;2012;Asma;25
119;F;2012;Eva;119
23;F;2012;Maryam;23
5;F;2012;Monica;5
13;F;2013;Billie;13
5;M;2013;Rami;5
5;F;2014;Ela;5
8;M;2014;Vianney;8
9;M;2014;Yani;9
6;M;2015;Mayeul;6
105;M;2015;Rayan;105
94;M;2016;Eliott;94
9;M;2016;Ilhan;9
5;M;2016;Liham;5
64;M;2017;Benjamin;64
17;F;2017;Ellie;17
5;M;2017;Ilias;5
9;F;2018;Amel;9
8;M;2018;Kenzo;8
40;F;2019;Raphaëlle;40
13;F;2011;Alia;13
6;F;2011;Allegra;6
9;F;2011;Cécile;9
31;M;2011;Issa;31
7;M;2011;Lisandro;7
37;F;2011;Marion;37
70;M;2023;Zayn;70
15;M;2023;Naïl;15
5;F;2023;Leïa;5
16;F;2004;Hanna;16
16;M;2005;Ange;16
12;F;2005;Fatima;12
9;M;2005;Louka;9
11;F;2005;Nawel;11
11;F;2006;Aïssata;11
5;F;2004;Rivka;5
6;M;2012;Étienne;6
24;F;2013;Ana;24
14;M;2013;Elyes;14
8;F;2013;Emilia;8
6;M;2013;Ishak;6
26;F;2013;Manel;26
10;M;2014;Albert;10
17;F;2014;Amy;17
5;M;2014;Fabien;5
39;F;2014;Giulia;39
67;F;2014;Nour;67
28;M;2014;Sofiane;28
13;F;2016;Jenna;13
5;F;2017;Shanaya;5
8;F;2017;Zeinab;8
22;M;2023;Malik;22
7;F;2023;Rosa;7
38;F;2006;Alicia;38
6;F;2019;Kadidia;6
6;F;2019;Myla;6
5;M;2019;Kaïss;5
5;M;2019;Lewis;5
5;F;2019;Joey;5
5;F;2019;Luisa;5
6;M;2020;Aymeric;6
130;F;2004;Lou;130
13;M;2006;Johan;13
13;F;2006;Laëtitia;13
8;M;2006;Lancelot;8
23;F;2006;Mélanie;23
40;M;2006;Yacine;40
6;M;2007;Amin;6
36;M;2007;Basile;36
195;F;2007;Camille;232
5;F;2007;Félicité;5
26;M;2007;Jérémie;26
6;M;2007;Rodrigue;6
14;M;2008;Aboubacar;14
5;F;2008;Samia;5
6;M;2008;Yohann;6
20;F;2009;Astrid;20
137;F;2009;Charlotte;137
8;F;2009;Leonor;8
28;M;2009;Sami;28
49;M;2024;Naïm;49
43;F;2012;Laura;43
33;F;2012;Sixtine;33
7;M;2012;Youri;7
6;M;2013;Aloys;6
10;F;2013;Gabriela;10
6;F;2013;Nesrine;6
34;M;2014;Issa;34
14;M;2014;Mendel;14
12;M;2014;Rémy;12
11;M;2014;Salim;11
16;F;2014;Syrine;16
5;M;2014;Zayd;5
81;M;2015;David;81
7;M;2015;Kenzi;7
46;F;2016;Assia;46
13;F;2016;Marwa;13
6;F;2016;Maxime;163
19;M;2017;Aurèle;19
25;M;2017;Elijah;25
38;F;2017;Luna;38
5;F;2017;Maëly;5
9;M;2018;Élias;9
30;M;2019;Younes;30
10;F;2019;Anne;10
6;F;2010;Emilia;6
22;M;2011;Henri;22
8;M;2011;Silas;8
5;F;2019;Fatima-Zahra;5
146;M;2020;Noah;146
64;M;2020;Gustave;64
29;M;2020;Lyam;29
12;F;2020;Georgia;12
8;M;2020;Mathieu;8
5;F;2020;Keïla;5
12;F;2021;Rosa;12
7;M;2004;James;7
17;M;2004;Octave;17
20;F;2006;Marguerite;20
9;M;2006;Thierry;9
5;F;2007;Noha;13
5;M;2007;Yanice;5
6;M;2008;Eli;6
5;F;2008;Juliana;5
5;M;2008;Mory;5
9;F;2008;Perrine;9
5;F;2009;Charlène;5
6;F;2009;Marie-Lou;6
5;M;2009;Matheo;5
9;M;2009;Matis;9
5;M;2004;Théotime;5
5;M;2006;Adame;5
23;M;2004;Ayoub;23
5;M;2004;Hillel;5
180;M;2005;Maxime;180
18;M;2004;Laurent;18
10;F;2012;Anaé;10
19;M;2012;Vincent;19
10;F;2013;Ashley;10
13;F;2013;Théa;13
13;F;2014;Billie;13
23;M;2015;Nathanaël;23
6;F;2015;Paula;6
52;M;2016;Amir;52
20;F;2016;Lilou;20
12;F;2017;Norah;12
5;F;2018;Shanna;5
30;M;2006;Luca;30
7;F;2006;Taïna;7
51;F;2007;Esther;51
31;F;2007;Lilou;31
11;F;2007;Lucy;11
11;M;2008;Robinson;11
18;M;2009;Jérémy;18
32;M;2009;Nils;32
101;F;2009;Pauline;101
13;F;2010;Léana;13
26;M;2010;Sasha;26
6;F;2020;Nadine;6
92;M;2021;Maxime;92
7;M;2021;Siméon;7
9;M;2024;Dorian;9
6;M;2024;Gad;6
5;F;2024;Alayna;5
5;M;2024;Ryan;5
6;F;2023;Aissatou;6
5;M;2023;Manoé;5
22;M;2024;Wassim;22
20;M;2024;Oumar;20
7;M;2024;Karl;7
9;M;2024;Ferdinand;9
5;F;2024;Margaret;5
66;M;2023;Mathis;66
7;F;2023;Swann;7
5;M;2012;Félicien;5
5;F;2012;Ranim;5
5;M;2012;Toma;5
20;M;2013;Kylian;20
5;F;2013;Myla;5
98;M;2013;Yanis;98
8;F;2014;Alima;8
11;F;2014;Astrid;11
8;M;2014;Jason;8
6;F;2014;Marnie;6
19;F;2015;Asma;19
14;F;2015;Augustine;14
30;F;2015;Noa;46
5;F;2015;Ornella;5
342;M;2016;Raphaël;342
60;M;2019;Eden;60
30;M;2019;Noa;30
25;M;2019;Roman;25
9;M;2019;Ewen;9
34;F;2006;Fanny;34
18;M;2006;Karim;18
29;F;2007;Ella;29
6;M;2007;Joey;6
8;M;2007;Noha;8
5;F;2007;Ondine;5
9;F;2008;Feriel;9
7;M;2005;Oren;7
8;M;2004;Jarod;8
8;M;2010;Bruno;8
6;F;2010;Mya;6
13;M;2011;Boubacar;13
9;M;2011;Nolhan;9
14;F;2011;Thelma;14
5;M;2020;Priam;5
5;M;2019;Kyan;5
98;M;2020;Auguste;98
6;M;2020;Safwan;6
8;F;2024;Ada;8
7;F;2024;Daria;7
5;F;2024;Mariya;5
31;F;2022;Nelya;31
24;M;2022;Lyam;24
41;M;2022;Clément;41
36;F;2022;Ariane;36
36;F;2022;Raphaëlle;36
12;M;2022;Milann;12
9;F;2022;Assiya;9
6;F;2022;Chloe;6
5;M;2023;Jaden;5
5;F;2023;Jalia;5
7;M;2006;Eden;7
14;F;2006;Elina;14
126;M;2006;Ethan;126
6;F;2006;Floriane;6
23;M;2006;Ilan;23
6;M;2006;Moïse;6
19;F;2006;Oriane;19
35;F;2006;Stella;35
11;F;2007;Amy;11
7;F;2007;Cynthia;7
26;F;2007;Thaïs;26
13;M;2008;Albert;13
52;M;2008;Liam;52
6;F;2008;Marnie;6
5;F;2008;Ranya;5
7;M;2009;Saul;7
5;F;2009;Séléna;5
23;M;2010;Eliot;23
26;M;2010;Loïc;26
21;M;2010;Luka;21
10;M;2010;Ziyad;10
6;F;2011;Aby;6
18;F;2011;Alya;18
42;M;2011;Anatole;42
8;M;2011;Lazare;8
40;M;2005;Hippolyte;40
6;M;2005;Melvil;6
7;F;2005;Natalia;7
77;F;2005;Océane;77
9;M;2006;Alpha;9
8;M;2012;Avi;8
113;F;2012;Julia;113
6;F;2012;Kadidiatou;6
7;F;2012;Liora;7
5;F;2012;Liz;5
5;F;2012;Sherine;5
5;M;2013;Elone;5
5;F;2013;Emmie;5
16;M;2013;Loïc;16
5;F;2013;Natalia;5
6;M;2014;Anes;6
5;F;2014;Rokya;5
33;F;2014;Selma;33
7;M;2015;Guilhem;7
22;F;2015;Imane;22
5;M;2015;Wesley;5
73;M;2016;Timothée;73
26;F;2017;Jasmine;26
6;F;2017;Louane;6
30;F;2017;Louisa;30
25;M;2017;Nils;25
155;M;2017;Noah;155
102;F;2017;Victoire;102
5;M;2018;Chahine;5
20;F;2018;Jenna;20
8;M;2018;Jordan;8
28;F;2018;Nelya;28
5;M;2018;Philémon;5
10;M;2019;Lior;10
7;F;2019;Abigaïl;7
7;F;2019;Nada;7
5;M;2019;Dante;5
5;M;2019;Izaac;5
109;M;2020;Côme;109
49;F;2020;Yasmine;49
44;M;2020;Elie;44
15;F;2020;Sienna;15
9;M;2020;Lévi;9
6;F;2020;Eileen;6
133;F;2021;Rose;133
14;F;2021;Philippa;14
9;M;2021;Maylone;9
7;M;2021;Viktor;7
103;F;2024;Rose;103
10;M;2024;Yahya;10
8;F;2024;Sana;8
64;M;2023;Camille;64
9;F;2023;Alaïa;9
43;M;2023;Yanis;43
5;F;2023;Romie;5
69;M;2022;Charles;69
5;M;2022;Mouhamad;5
5;M;2022;Safwan;5
94;M;2024;Basile;94
10;F;2024;Lital;10
9;M;2024;Antonin;9
6;F;2024;Annabelle;6
16;M;2024;Issam;16
10;F;2024;Aisha;10
5;F;2024;Adelina;5
5;F;2024;Joyce;5
22;M;2023;Vadim;22
18;M;2018;Melchior;18
6;F;2018;Tiana;6
8;F;2017;Alexia;8
40;M;2017;Amine;40
5;F;2017;Cassie;5
5;F;2017;Maïlys;5
5;F;2017;Soukaïna;5
9;M;2018;Bryan;9
119;F;2018;Gabrielle;119
23;M;2018;Gaël;23
9;F;2018;Lili;9
73;F;2019;Manon;73
61;F;2019;Anaïs;61
26;M;2019;Mohammed;26
17;F;2019;Éloïse;17
11;M;2019;Éloi;11
88;F;2004;Elisa;88
15;F;2005;Christine;15
9;F;2005;Ema;9
11;F;2005;Maé;11
6;M;2005;Oussama;6
61;M;2005;Ruben;61
9;M;2004;Ryad;9
6;M;2023;Erwan;6
6;F;2023;Giorgia;6
5;F;2023;Nadia;5
41;F;2022;Maria;41
23;F;2022;Eden;23
20;F;2022;Elisabeth;20
16;M;2022;Lino;16
14;M;2023;Pierre;14
20;F;2023;Mahault;20
16;F;2023;Nayla;16
12;F;2023;Nava;12
235;M;2023;Raphaël;235
30;M;2023;Aksel;30
29;M;2023;Djibril;29
29;F;2023;Chiara;29
27;F;2023;Bianca;27
22;M;2023;Joshua;22
19;F;2023;Lia;19
6;F;2023;Hope;6
17;F;2023;Aïsha;17
5;F;2023;Andrée;5
123;M;2023;Paul;123
13;M;2023;Aloïs;13
8;F;2023;Prune;8
47;M;2022;César;47
5;M;2022;Christ;5
5;M;2022;Francisco;5
5;F;2022;Eydel;5
32;M;2021;Jacques;32
6;F;2021;Enora;6
6;M;2019;Warren;6
27;M;2020;Kylian;27
7;F;2023;Ayna;7
6;F;2023;Liana;6
6;F;2023;Mayssa;6
10;M;2022;Philippe;10
26;F;2022;Oumou;26
15;M;2022;Aurélien;15
7;M;2022;Yaël;7
5;F;2022;Cléa;5
10;F;2024;Aissata;10
10;M;2024;Tiago;10
8;M;2024;Jason;8
11;M;2012;Youcef;11
5;M;2013;Albéric;5
7;F;2013;Oriane;7
16;M;2014;Dorian;16
8;F;2015;Gisèle;8
13;F;2015;Neïla;13
16;F;2016;Andréa;24
5;M;2016;Cheikh;5
31;F;2016;Hana;31
23;F;2017;Alexandra;23
6;F;2017;Djenna;6
12;F;2017;Élisabeth;12
6;M;2017;Jean-Baptiste;6
21;F;2017;Kenza;21
6;M;2018;Aharon;6
9;M;2018;Emilio;9
5;M;2018;Ewan;5
12;F;2023;Marguerite;12
27;M;2022;Mathéo;27
12;F;2022;Rosalie;12
6;M;2022;Dani;6
6;M;2022;Guillaume;6
5;F;2022;Perla;5
13;F;2022;Imane;13
10;F;2022;Irène;10
10;F;2022;Selena;10
6;F;2024;Alizée;6
5;M;2024;Elior;5
5;M;2024;Kai;5
11;M;2022;Tiago;11
6;F;2022;Layla;6
8;F;2013;Khadidja;8
19;F;2014;Célestine;19
48;M;2014;Evan;48
10;M;2015;Arthus;10
58;M;2015;Auguste;58
10;F;2015;June;10
17;M;2016;Nassim;17
19;M;2018;André;19
18;F;2019;Nola;18
12;M;2019;Lou;12
9;F;2019;Sira;9
27;F;2006;Ariane;27
37;M;2006;Armand;37
7;M;2007;Emilio;7
5;M;2007;Horace;5
5;F;2007;Isra;5
6;M;2007;Soren;6
13;M;2007;Ugo;13
128;M;2010;Adrien;128
17;F;2010;Awa;17
56;F;2011;Iris;56
7;M;2011;Mahmoud;7
5;M;2020;Ramy;5
104;F;2021;Sofia;104
7;F;2019;Aimée;7
7;F;2019;Yaëlle;7
6;M;2020;Silas;6
28;M;2012;Bastien;28
6;M;2012;Gautier;6
5;M;2012;Matias;5
60;F;2013;Capucine;60
108;F;2013;Charlotte;108
11;M;2013;Emil;11
8;M;2013;Felix;8
8;F;2013;Liel;8
12;F;2014;Coumba;12
21;M;2014;Ismael;21
63;M;2014;William;63
6;M;2014;Wissem;6
12;F;2015;Anne;12
11;M;2015;Ivan;11
16;M;2015;Mathys;16
6;F;2015;Théodora;6
139;M;2016;Hugo;139
7;F;2016;Jannah;7
6;F;2016;Maelys;6
5;M;2016;Pedro;5
5;F;2016;Ritej;5
23;F;2016;Théa;23
9;F;2016;Yuna;9
6;M;2016;Yvan;6
24;F;2022;Emna;24
8;M;2022;Thierno;8
46;M;2023;Ilyan;46
35;M;2023;Ahmed;35
30;F;2023;Mona;30
25;M;2023;Antonin;25
150;F;2022;Jeanne;150
8;F;2022;Annabelle;8
32;F;2012;Selma;32
5;F;2018;Kahina;5
83;M;2018;Mathis;83
28;F;2018;Stella;28
9;F;2019;Maïwenn;9
6;F;2010;Safiya;6
27;M;2010;Timéo;27
5;M;2021;Sidy;5
60;M;2023;Moussa;60
5;F;2023;Lital;5
54;M;2023;Ali;54
6;M;2023;Theo;6
17;M;2023;Lior;17
5;F;2023;Lilly;5
15;M;2023;Matthieu;15
9;M;2023;Marc;9
83;F;2022;Lou;83
12;F;2022;Mayane;12
12;M;2023;Yacine;12
11;F;2023;Pénélope;11
20;F;2023;Aimée;20
5;M;2023;Yann;5
8;F;2024;Niouma;8
5;F;2024;Siana;5
37;M;2022;Anatole;37
11;M;2022;Souleyman;11
7;F;2022;Celia;7
5;F;2022;Charlène;5
130;M;2024;Lucas;130
79;F;2024;Alba;79
10;M;2024;Aksil;10
9;F;2024;Angèle;9
16;F;2024;Hafsa;16
5;F;2024;Miral;5
50;M;2023;Solal;50
47;F;2023;Albane;47
10;M;2023;Zayan;10
31;M;2022;Joachim;31
9;M;2022;Carl;9
5;M;2022;Felix;5
6;M;2023;Priam;6
47;F;2022;Yasmine;47
10;M;2022;Waël;10
8;M;2022;Tenzin;8
6;M;2022;Youri;6
5;F;2022;Rim;5
138;F;2022;Adèle;138
8;M;2022;Kevin;8
6;M;2022;Lev;6
5;F;2022;Ruth;5
8;F;2010;Penda;8
7;M;2010;Zachary;7
5;F;2021;Zoë;5
11;F;2006;Dounia;11
7;M;2006;Jawad;7
5;F;2006;Perla;5
5;F;2007;Cassidy;5
7;M;2007;Charly;7
6;M;2007;Pascal;6
7;F;2008;Ilana;7
7;M;2008;Tobias;7
40;M;2012;Noham;40
51;M;2012;Tristan;51
5;M;2012;Wesley;5
7;F;2015;Hiba;7
10;F;2016;Assa;10
9;M;2016;Ayman;9
24;F;2018;Amina;24
16;F;2018;Arya;16
14;F;2018;Mélissa;14
21;F;2018;Paloma;21
7;M;2018;Saül;7
74;F;2019;Clara;74
19;F;2019;Maxine;19
8;M;2019;Ladji;8
12;M;2004;Adel;12
30;F;2004;Amandine;30
5;F;2004;Anne-Lise;5
8;M;2004;Sékou;8
6;F;2005;Malak;6
102;M;2005;Noé;102
7;M;2004;Malik;7
18;M;2023;Cheick;18
18;F;2023;Mina;18
12;F;2023;Maëlle;12
39;M;2023;César;39
15;F;2023;Selma;15
12;M;2023;Yusuf;12
12;F;2023;Emilia;12
9;M;2023;Arié;9
8;F;2023;Dahlia;8
6;F;2022;Nicole;6
248;M;2004;Antoine;248
13;M;2005;John;13
197;F;2005;Léa;197
5;M;2012;Lyes;5
7;M;2013;Aydan;7
5;M;2013;Camilo;5
7;F;2013;Mélodie;7
5;F;2013;Yumi;5
6;F;2014;Abigaël;6
5;F;2014;Éline;5
7;F;2014;Tiana;7
55;F;2015;Capucine;55
5;F;2015;Emeline;5
5;M;2015;Jean-Baptiste;5
5;F;2016;Armance;5
5;F;2016;Fatim;5
184;M;2016;Mohamed;184
9;M;2016;Vladimir;9
6;F;2017;Aïssatou;6
7;M;2017;Fabio;7
53;M;2017;Gabin;53
6;M;2018;Hassan;6
17;F;2018;Lya;17
7;F;2018;Tasnime;7
16;F;2018;Yaël;16
20;F;2009;Candice;20
6;F;2009;Fatim;6
5;M;2009;Lény;5
8;M;2009;Matisse;8
5;F;2009;Taïs;5
302;M;2010;Arthur;302
97;M;2010;Axel;97
14;M;2010;Aymeric;14
6;F;2010;Lyne;6
6;F;2010;Mélodie;6
6;M;2011;Miguel;6
30;M;2011;Noa;30
11;F;2011;Pia;11
119;F;2021;Joséphine;119
19;M;2021;Harry;19
17;M;2021;Ismaïl;17
8;F;2021;Zeynab;8
8;M;2021;Luis;8
6;M;2021;Denis;6
5;M;2021;Elouan;5
5;M;2021;Joël;5
44;F;2020;Olympe;44
42;M;2020;Sohan;42
7;F;2020;Tali;7
6;M;2020;Camil;6
23;F;2023;Maïa;23
5;F;2023;Kylie;5
10;F;2024;Andrea;10
5;M;2024;Badis;5
9;M;2022;Caleb;9
5;F;2022;Nelly;5
15;F;2023;Hélène;15
7;F;2023;Solveig;7
5;M;2023;Christopher;5
10;F;2022;Kadidja;10
5;M;2022;Lissandro;5
5;F;2022;Dayana;5
77;M;2023;Charles;77
15;F;2023;Julie;15
12;F;2023;Elina;12
7;M;2023;Alan;7
6;F;2023;Mayar;6
5;M;2023;Mohamed-Lamine;5
15;F;2017;Céline;15
13;F;2017;Eliana;13
8;M;2017;Yassin;8
301;M;2018;Adam;301
19;F;2018;Ana;19
7;M;2018;Andrei;7
7;F;2018;Grace;7
13;M;2018;Neil;13
261;M;2018;Raphaël;261
7;M;2018;Yanni;7
6;M;2018;Yusuf;6
18;F;2019;Maïa;18
15;F;2019;Anaëlle;15
13;F;2019;Émilie;13
6;M;2006;Hubert;6
5;M;2006;Menahem;5
8;M;2006;Viktor;8
5;F;2006;Zahra;5
10;F;2007;Ema;10
18;M;2007;Nino;18
14;F;2007;Talia;14
26;F;2008;Ana;26
8;M;2008;Antony;8
6;F;2008;Gabriella;6
16;M;2008;Karim;16
5;F;2008;Meïssa;5
10;F;2008;Nesrine;10
26;M;2008;Yassine;26
33;F;2009;Daphné;33
162;F;2009;Eva;162
15;M;2009;Idriss;15
10;F;2009;Ilona;10
12;F;2009;Leyna;12
7;F;2010;Aaliyah;7
28;M;2010;Balthazar;28
6;F;2010;Baya;6
6;M;2010;Kenzi;6
38;M;2010;Mamadou;38
6;F;2011;Aïsha;6
10;F;2011;Billie;10
8;M;2011;Cyril;8
5;F;2004;Elina;5
6;F;2004;Sylvia;6
11;M;2004;Zacharie;11
8;F;2005;Lucia;8
15;M;2005;Mahamadou;15
24;M;2005;Maximilien;24
10;M;2005;Nelson;10
8;M;2005;Patrick;8
6;F;2005;Sadio;6
6;M;2019;Harouna;6
5;F;2019;Goundo;5
5;F;2019;Philomène;5
12;M;2020;Issam;12
8;F;2020;Celia;8
33;F;2021;Mahaut;33
26;F;2021;Marie;26
10;F;2021;Sacha;10
7;M;2021;Aly;7
19;F;2004;Isaure;19
12;F;2004;Maïwenn;12
13;M;2004;Marcus;13
5;F;2024;Loujayn;5
94;F;2022;Zoé;94
10;F;2022;Rym;10
9;M;2022;Avi;9
8;F;2022;Nessa;8
7;F;2022;Emmanuelle;7
6;M;2022;Aliou;6
9;M;2023;Eliakim;9
8;M;2023;Grégoire;8
16;M;2023;Gaston;16
45;F;2012;Aminata;45
5;M;2012;Bafodé;5
87;M;2014;David;87
8;F;2014;Maelys;8
7;F;2015;Dune;7
25;F;2015;Hawa;25
19;M;2015;Mouhamed;19
6;F;2015;Safia;6
6;F;2015;Zayneb;6
7;F;2016;Morgane;7
5;M;2016;Sidi;5
197;M;2016;Victor;197
8;F;2018;Aïsha;8
7;M;2018;Dan;7
21;F;2018;Fanta;21
6;F;2024;Hadja;6
5;M;2023;Matisse;5
76;M;2024;Abel;76
14;F;2024;Diana;14
7;F;2024;Nayla;7
6;F;2024;Mayar;6
6;M;2024;Athanase;6
44;F;2004;Eloïse;44
5;M;2004;Hicham;5
34;M;2005;Edouard;34
6;F;2005;Kady;6
22;M;2004;Jean-Baptiste;22
6;F;2012;Avril;6
8;F;2013;Amalia;8
5;M;2016;Amjad;5
5;F;2016;Athéna;5
5;F;2007;Antoinette;5
6;F;2007;Emilia;6
6;F;2007;Naëlle;6
7;F;2009;Junon;7
10;F;2011;Lya;10
58;M;2024;César;58
6;M;2024;Honoré;6
6;M;2024;Reda;6
50;F;2024;Pia;50
20;M;2024;Noham;20
6;M;2024;Habib;6
5;M;2023;Adil;5
25;F;2024;Capucine;25
18;F;2024;Elisabeth;18
10;F;2024;Talya;10
9;M;2024;Alphonse;9
8;F;2024;Line;8
6;M;2024;Taym;6
5;M;2024;Elyan;5
5;M;2024;Mathieu;5
36;M;2022;Marcel;36
14;F;2022;Flora;14
7;F;2022;Élie;7
5;M;2022;Arken;5
49;F;2022;Lucie;49
30;M;2022;Arsène;30
11;F;2022;Ève;11
7;M;2022;Zéphyr;7
59;M;2023;Ayden;59
49;M;2023;Elias;49
12;F;2023;Élisabeth;12
10;F;2023;Tesnim;10
7;M;2023;Tiago;7
5;M;2023;Oren;5
10;M;2023;Jude;10
6;M;2023;Ari;6
12;M;2023;Hedi;12
36;M;2023;Zakaria;36
23;M;2023;Lyam;23
5;F;2023;Éléa;5
5;F;2023;Enola;5
17;F;2023;Leïla;17
16;F;2023;Lena;16
11;M;2023;Imrane;11
10;F;2023;Isra;10
6;M;2023;Kenzi;6
5;M;2023;Merlin;5
8;M;2022;Ismail;8
5;M;2022;Luis;5
34;M;2023;Jayden;34
17;F;2023;Lilya;17
6;M;2023;Andreas;6
13;F;2024;Eléa;13
6;F;2023;Aura;6
12;F;2024;Selena;12
10;M;2024;Paulin;10
43;M;2022;David;43
6;F;2022;Aby;6
24;M;2023;Roman;24
10;F;2023;Océane;10
6;F;2023;Matilde;6
32;M;2024;Rafael;32
26;M;2024;Alexis;26
11;F;2024;Bertille;11
11;F;2022;Diana;11
6;F;2022;Astrée;6
5;F;2022;Wendy;5
42;F;2022;Lila;42
20;F;2022;Selma;20
18;M;2022;Cheick;18
13;M;2022;Étienne;13
11;M;2022;Haron;11
10;F;2022;Zahra;10
8;M;2022;Imrane;8
7;F;2022;Rania;7
5;M;2022;Amin;5
5;F;2022;Sana;5
7;M;2012;Amin;7
5;F;2012;Artémis;5
5;F;2012;Claudia;5
14;M;2012;Haroun;14
8;M;2012;Leandro;8
17;M;2012;Mathys;17
15;F;2012;Solène;15
10;F;2012;Thalia;10
7;M;2012;Tim;7
19;F;2012;Valentina;19
7;M;2013;Aristide;7
23;M;2014;Adel;23
45;M;2014;Amine;45
6;F;2014;Ayah;6
7;M;2015;Abdoul;7
5;F;2015;Romaïssa;5
5;M;2015;Zack;5
56;M;2016;Achille;56
8;M;2016;Andréa;8
38;F;2016;Blanche;38
9;M;2016;Constant;9
15;F;2016;Emmanuelle;15
175;M;2016;Joseph;175
9;M;2016;Malick;9
19;M;2016;Timothé;19
21;M;2017;Ambroise;21
10;M;2017;Zakarya;10
6;M;2018;Paulin;6
282;M;2019;Arthur;282
23;M;2019;Jacob;23
17;M;2006;Jacques;17
7;F;2006;Léopoldine;7
9;M;2007;Éric;9
6;M;2007;Kelvin;6
6;M;2007;Lohan;6
24;M;2007;Sami;24
62;F;2007;Sofia;62
37;F;2008;Carla;37
9;M;2008;Cyril;9
6;F;2008;Léopoldine;6
48;M;2008;Matthieu;48
109;F;2008;Pauline;109
5;M;2008;Philéas;5
5;M;2008;Reda;5
10;F;2009;Anastasia;10
17;M;2009;Karl;17
6;M;2009;Loïs;6
12;M;2009;Nolann;12
88;F;2009;Romane;88
120;M;2009;Yanis;120
13;M;2004;Alban;13
16;M;2004;Franck;16
6;M;2004;Guy;6
8;F;2005;Angélina;8
119;M;2005;Gaspard;119
12;F;2005;Kahina;12
15;F;2005;Lilas;15
7;M;2005;Rodrigue;7
6;M;2005;Yacouba;6
45;M;2005;Yann;45
73;F;2004;Lola;73
6;M;2004;Oren;6
6;M;2004;Ramy;6
31;F;2004;Sabrina;31
6;M;2010;Hélie;6
7;M;2010;Macéo;7
14;M;2011;Ewan;14
7;M;2011;Jeremy;7
6;M;2011;Saad;6
240;M;2023;Adam;240
8;F;2023;Tessa;8
5;M;2023;Aïden;5
5;F;2023;Eleonora;5
6;F;2020;Lucy;6
5;F;2020;Alizée;5
5;F;2020;Zohra;5
21;F;2021;Jana;21
11;F;2021;Nessa;11
5;F;2021;Elsie;5
8;F;2019;Assil;8
5;F;2019;Layel;5
30;F;2020;Jannah;30
21;M;2020;Isaïah;21
11;M;2020;Kamil;11
7;F;2020;Maram;7
40;F;2023;Aliénor;40
15;F;2023;Manel;15
14;F;2023;Aurore;14
9;F;2023;Line;9
5;F;2023;Séléna;5
147;M;2023;Joseph;147
24;M;2023;Lou;24
10;F;2023;Rania;10
45;M;2023;Haroun;45
16;M;2023;Aurélien;16
5;F;2023;Gabriela;5
48;F;2024;Olympe;48
34;F;2024;Lila;34
11;M;2024;Kenan;11
9;F;2024;Ela;9
9;M;2024;Dario;9
5;M;2024;Anthony;5
67;F;2024;Liv;67
44;M;2024;Charlie;44
10;F;2024;Théodora;10
9;F;2024;Lynn;9
7;M;2024;Elon;7
7;M;2024;Taha;7
5;F;2024;Lyah;5
5;F;2024;Mayline;5
35;F;2022;Esther;35
22;M;2022;Diego;22
21;F;2022;Judith;21
17;M;2022;Tidiane;17
7;M;2022;Anes;7
7;F;2022;Mayline;7
6;M;2022;Lancelot;6
6;F;2022;Shirel;6
19;M;2024;Lyam;19
17;F;2024;Hélène;17
9;F;2024;Anita;9
11;M;2022;Nils;11
10;F;2022;Amelia;10
5;F;2022;Avril;5
51;M;2022;Aylan;51
46;F;2022;Liv;46
27;M;2022;Armand;27
12;M;2022;Aimé;12
6;F;2010;Eulalie;6
6;M;2010;Hatem;6
6;F;2010;Kayna;6
6;M;2010;Rami;6
13;F;2010;Syrine;13
19;M;2011;Eden;19
44;F;2011;Eloïse;44
18;F;2011;Lison;18
7;M;2019;Dario;7
7;F;2019;Amel;7
6;F;2019;Nana;6
5;F;2019;Ayana;5
5;F;2019;Nellia;5
23;F;2020;Axelle;23
18;M;2020;Muhammad;18
17;M;2020;Orso;17
13;F;2020;Soline;13
121;M;2021;Oscar;121
84;M;2021;Charles;84
38;M;2021;Nino;38
6;F;2021;Max;6
5;F;2006;Hélèna;5
8;F;2006;Imene;8
8;F;2006;Isabelle;8
9;M;2006;Robinson;9
104;M;2007;Alexis;104
9;M;2007;Arié;9
35;M;2007;Emile;35
160;M;2007;Enzo;160
9;M;2008;Andréas;9
7;F;2008;Élodie;7
26;M;2008;Henri;26
6;F;2009;Cerise;6
5;F;2009;Hafsa;5
6;F;2009;Melody;6
20;M;2010;Abdoulaye;20
6;F;2012;Assya;6
15;M;2012;Gaston;15
20;M;2012;Ilian;20
5;F;2012;Mara;5
29;M;2012;Roméo;29
6;M;2012;Steven;6
29;M;2013;Adem;29
6;F;2013;Dahlia;6
20;F;2013;Louane;20
23;M;2013;Mathys;23
21;M;2013;Mattéo;21
5;F;2014;Ayana;5
37;F;2014;Elena;37
9;M;2014;Eli;9
11;F;2014;Eliza;11
145;F;2014;Eva;145
51;M;2014;Gabin;51
42;F;2014;Madeleine;42
6;M;2014;Richard;6
6;F;2015;Adama;17
15;F;2015;Alexia;15
11;F;2015;Billie;11
38;M;2015;Solal;38
16;F;2016;Carmen;16
47;M;2016;Evan;47
11;F;2016;Khadidja;11
29;F;2016;Luna;29
14;M;2022;Mayeul;14
8;M;2022;Leandro;8
7;M;2022;Alassane;7
12;M;2023;Constantin;12
46;M;2024;Daniel;46
12;M;2024;Mateo;12
11;F;2024;Izïa;11
8;F;2024;Ayana;8
139;M;2004;Clément;139
34;F;2004;Hélène;34
24;M;2004;Sébastien;24
5;F;2005;Danaé;5
20;M;2005;Djibril;20
6;M;2005;Mouhamed;6
8;F;2004;Léonore;8
125;M;2004;Quentin;125
10;M;2012;Anselme;10
12;M;2013;Joakim;12
7;F;2013;Nayla;7
41;F;2013;Stella;41
27;M;2014;Abdoulaye;27
31;M;2014;Andrea;31
6;M;2014;Christopher;6
11;M;2014;Darius;11
16;F;2014;June;16
5;M;2014;Liham;5
8;M;2014;Maxim;8
8;F;2015;Milena;8
5;F;2015;Swann;22
9;F;2016;Amélia;9
31;F;2016;Hawa;31
9;M;2016;Louay;9
6;M;2016;Michaël;6
8;F;2016;Naëlle;8
10;F;2016;Nine;10
8;F;2016;Sacha;146
7;F;2016;Scarlett;7
6;F;2016;Simone;6
6;M;2016;Stéphane;6
12;F;2017;Eline;12
9;M;2017;Harry;9
7;M;2017;Kenzi;7
5;F;2018;Alessia;5
32;F;2006;Angèle;32
11;M;2006;Chris;11
6;F;2006;Shérine;6
10;F;2009;Marthe;10
12;M;2009;Shaï;12
29;F;2010;Ninon;29
5;F;2011;Rébecca;5
7;M;2021;Clarence;7
91;F;2020;Lou;91
70;F;2020;Manon;70
9;F;2023;Safia;9
10;M;2024;Maé;10
6;F;2024;Ariana;6
7;F;2022;Maud;7
17;F;2012;Céline;17
8;F;2012;Mariame;8
6;M;2013;Jean-Baptiste;6
43;F;2013;Laura;43
9;F;2013;Nadine;9
12;M;2013;Yani;12
12;M;2014;Adrian;12
21;M;2014;Dylan;21
19;M;2014;Ousmane;19
5;F;2015;Lyah;5
35;M;2015;Samy;35
8;F;2016;Amel;8
22;M;2016;Aurélien;22
8;F;2016;Ève;8
5;M;2016;Loïs;5
5;M;2016;Yacoub;5
5;M;2017;Lazar;5
39;M;2018;Imran;39
77;F;2018;Léonie;77
18;M;2018;Mathieu;18
7;F;2006;Angélina;7
8;F;2006;Iliana;8
8;F;2006;Thelma;8
28;M;2007;Abel;28
10;M;2007;Miguel;10
9;F;2007;Serena;9
7;M;2008;Leny;7
9;F;2009;Clothilde;9
16;M;2009;Raphael;16
20;F;2004;Selma;20
5;M;2005;Tao;5
14;F;2004;Natacha;14
8;M;2010;Jimmy;8
7;M;2011;Artus;7
53;F;2011;Garance;53
19;M;2023;Raphael;19
19;F;2023;Louisa;19
8;M;2023;Ben;8
6;F;2021;Aïssatou;6
6;M;2021;Akram;6
13;M;2022;Sandro;13
6;F;2022;Aissatou;6
13;F;2023;Coumba;13
11;F;2023;Ora;11
5;M;2023;Qassim;5
25;M;2022;Mathias;25
16;F;2022;Lyana;16
31;F;2023;Hannah;31
30;F;2023;Amina;30
19;F;2023;Arya;19
9;M;2023;Eliot;9
8;F;2023;May;8
5;M;2023;Haron;5
13;F;2024;Athéna;13
6;F;2024;Johanna;6
6;F;2024;Yuna;6
5;F;2024;Salimatou;5
17;F;2022;Anaëlle;17
14;F;2022;Yara;14
5;M;2022;Idrissa;5
17;M;2011;Waël;17
6;M;2012;Aïdan;6
60;M;2012;Basile;60
7;F;2012;Darine;7
12;M;2012;Iyed;12
5;F;2012;Tamara;5
7;M;2012;Valentino;7
16;F;2013;Enora;16
16;F;2013;Halima;16
48;F;2013;Sasha;69
91;F;2013;Victoire;91
30;F;2014;Albane;30
23;F;2014;Éléonore;23
22;F;2014;Émilie;22
22;F;2014;Emna;22
22;F;2014;Hana;22
20;F;2014;Olympe;20
10;M;2015;Aïdan;10
23;M;2015;Gaston;23
8;M;2015;Harry;8
9;M;2015;Jérémy;9
5;M;2015;Lohan;5
38;M;2015;Mehdi;38
5;F;2016;Cléophée;5
119;M;2016;Ethan;119
75;F;2016;Margot;75
16;M;2017;Édouard;16
16;M;2017;Elio;16
7;M;2017;Gaspar;7
13;M;2017;Guillaume;13
18;F;2017;June;18
33;F;2017;Laura;33
115;F;2017;Lou;122
10;M;2017;Youcef;10
50;M;2018;Théo;50
72;M;2019;Clément;72
37;M;2019;Joachim;37
12;F;2024;Philippine;12
10;M;2024;Cameron;10
9;M;2022;Emilio;9
47;M;2023;Naël;47
49;M;2022;Yanis;49
10;F;2022;Eloïse;10
7;M;2022;Corentin;7
5;M;2023;Théophane;5
62;M;2022;Maxime;62
44;F;2022;Clara;44
26;M;2022;Nathanaël;26
18;F;2022;Lia;18
11;F;2022;Alyssa;11
8;M;2022;Eli;8
5;M;2022;Yahia;5
13;F;2022;Farah;13
41;M;2022;Benjamin;41
5;F;2022;Syrine;5
32;F;2022;Colette;32
8;M;2022;Maylone;8
5;M;2022;Ziyad;5
11;M;2023;Lassana;11
5;F;2024;Béatrice;5
12;M;2023;Julien;12
5;F;2023;Anita;5
11;M;2023;Abou;11
10;M;2023;George;10
63;F;2024;Alix;63
12;M;2024;Mady;12
8;F;2023;Célestine;8
7;F;2023;Eydel;7
46;F;2023;Mila;46
35;M;2023;Evan;35
11;F;2023;Anya;11
10;F;2023;Malika;10
8;F;2023;Naëlle;8
5;F;2023;Dayana;5
7;F;2024;Hanaé;7
23;F;2023;Laya;23
14;M;2023;Saul;14
10;M;2023;Anton;10
6;M;2023;Seydou;6
5;M;2023;Salif;5
5;F;2023;Amicie;5
64;M;2024;Malo;64
37;F;2024;Lana;37
22;M;2024;Emile;22
15;M;2024;Kassim;15
13;M;2024;Eliel;13
9;M;2024;Nahil;9
30;M;2023;Anatole;30
13;F;2023;Elya;13
7;F;2023;Joyce;7
65;M;2024;Amir;65
20;F;2024;Ora;20
17;F;2024;Lilya;17
33;M;2023;Ayoub;33
49;F;2024;Maryam;49
47;M;2024;Elio;47
12;F;2022;Aïssatou;12
5;M;2012;Adib;5
99;M;2012;Simon;99
5;M;2012;Youness;5
6;M;2013;Antoni;6
15;F;2013;Ilyana;15
31;F;2013;Lena;31
8;M;2013;Melvin;8
8;F;2013;Ornella;8
9;M;2013;Robinson;9
5;F;2014;Adama;15
12;F;2014;Alia;12
7;M;2014;Aron;7
23;M;2014;Grégoire;23
245;F;2015;Alice;245
10;M;2015;Camil;10
5;M;2015;Kyle;5
5;F;2015;Laurine;5
16;M;2016;Erwan;16
9;M;2016;Hedi;9
7;F;2017;Carmen;7
58;M;2023;Elio;58
13;F;2023;Simone;13
7;M;2023;Viktor;7
40;M;2022;Joshua;40
9;M;2022;Olivier;9
10;M;2023;Edmond;10
8;F;2023;Nicole;8
28;F;2017;Louison;28
12;F;2017;Lyana;12
6;F;2018;Ayla;6
12;F;2018;Flore;12
5;F;2018;Mariana;5
124;F;2018;Romy;124
7;F;2018;Saja;7
5;F;2018;Sidonie;5
27;M;2018;Théophile;27
125;F;2019;Jade;125
45;F;2019;Noémie;45
21;F;2019;Jasmine;21
17;F;2019;Cassandre;17
5;F;2006;Dahlia;5
8;F;2006;Kim;8
5;F;2006;Nadine;5
5;F;2006;Neyla;5
20;F;2007;Cécile;20
6;F;2007;Laëtitia;6
8;F;2007;Lou-Anne;8
9;F;2007;Mariame;9
9;F;2007;Nell;9
23;M;2007;Olivier;23
7;M;2007;Owen;7
17;F;2008;Angelina;17
22;F;2008;Aurore;22
78;M;2008;Benjamin;78
11;F;2008;Christine;11
36;F;2008;Ella;36
5;F;2008;Miya;5
18;F;2008;Sibylle;18
6;F;2008;Stacy;6
22;F;2009;Alma;22
22;F;2009;Louison;27
8;M;2010;Laurent;8
10;M;2011;Iyad;10
9;F;2011;Lucy;9
7;F;2004;Bianca;7
7;M;2005;Hicham;7
7;F;2005;Léonore;7
6;F;2005;Philomène;6
24;M;2005;Yacine;24
5;F;2006;Ada;5
6;M;2019;Salomon;6
65;M;2020;Félix;65
56;M;2020;Maxence;56
12;M;2020;Joud;12
11;F;2020;Luce;11
5;F;2020;Madeline;5
86;M;2021;Simon;86
8;F;2021;Bayane;8
26;M;2004;Léon;26
164;M;2004;Nicolas;164
75;M;2024;Hector;75
31;F;2024;Maria;31
10;M;2024;Muhammad;10
7;M;2024;Lévi;7
6;F;2024;Eve;6
5;F;2024;Mélissa;5
5;F;2024;Zeinab;5
5;M;2024;Ayman;5
7;F;2023;Djeneba;7
6;M;2023;Ezéchiel;6
5;F;2023;Adélie;5
18;M;2023;Elijah;18
8;M;2023;Eyden;8
137;M;2023;Léon;137
28;F;2023;Cléo;28
7;M;2023;Sadio;7
55;F;2023;Margot;55
9;M;2023;Thiago;9
5;M;2023;Sebastian;5
5;F;2023;Tara;5
35;M;2023;James;35
16;F;2023;Hafsa;16
14;F;2023;Imany;14
13;M;2023;Melchior;13
12;F;2023;Elia;12
5;M;2023;Armel;5
12;M;2024;Yacine;12
8;F;2024;Nava;8
53;M;2024;Ali;53
24;F;2024;Myriam;24
32;F;2023;Salomé;32
71;M;2024;Théo;71
26;M;2024;Adama;26
17;M;2024;Salim;17
9;M;2024;Lev;9
6;M;2024;Mark;6
29;M;2024;Henri;29
7;F;2024;Israa;7
6;F;2024;Eléna;6
5;M;2024;Adams;5
163;M;2024;Léo;163
30;M;2024;Pablo;30
22;F;2024;Lyana;22
5;M;2024;Jack;5
30;M;2024;Hamza;30
10;M;2024;Mattéo;10
44;M;2024;Youssef;44
39;F;2024;Nora;39
18;M;2024;Alessio;18
8;M;2024;Youcef;8
7;M;2024;Zachary;7
5;M;2024;Daoud;5
27;M;2023;Lazare;27
5;M;2023;Elyam;5
56;M;2024;Théodore;56
10;M;2024;Calixte;10
6;M;2024;Samson;6
5;F;2024;Maïna;5
5;M;2024;Mohamed Lamine;5
10;F;2023;Eloïse;10
7;M;2023;Daouda;7
7;F;2023;Gala;7
21;F;2024;Amélia;21
10;F;2024;Abby;10
6;F;2024;Angela;6
14;F;2024;Rosalie;14
8;M;2024;Alexander;8
79;M;2024;Aaron;79
61;F;2024;Maya;61
29;F;2024;Noémie;29
15;F;2024;Dalia;15
7;F;2024;Olive;7
5;M;2016;Nelson;5
25;F;2016;Violette;25
8;F;2016;Zeynab;8
6;M;2017;Calixte;6
9;F;2017;Isabelle;9
23;F;2024;Paola;23
7;M;2017;Jack;7
16;M;2024;Matisse;16
10;F;2017;Liora;10
44;F;2017;Liv;44
16;M;2017;Quentin;16
15;F;2018;Amélia;15
85;M;2018;Côme;85
147;F;2018;Lina;147
18;F;2018;Mariama;18
8;M;2019;Leandro;8
25;F;2006;Candice;25
25;M;2006;César;25
6;F;2006;Florence;6
29;M;2006;Rémi;29
9;F;2007;Déborah;9
29;F;2007;Kenza;29
5;M;2007;Pierre-Antoine;5
9;M;2007;Rudy;9
100;F;2008;Clémence;100
15;M;2008;Elliott;15
15;M;2008;Ismael;15
15;F;2008;Liv;15
13;M;2008;Marco;13
5;F;2008;Shirine;5
10;F;2009;Bianca;10
13;M;2009;Boubacar;13
9;M;2009;Issam;9
8;F;2009;Maxine;8
67;F;2009;Sara;67
5;F;2009;Saskia;5
5;F;2009;Valérie;5
9;F;2010;Emna;9
5;M;2010;Hakim;5
121;M;2010;Noah;121
7;F;2010;Oriane;7
8;F;2010;Safa;8
11;M;2010;Youcef;11
77;F;2011;Diane;77
9;M;2011;Honoré;9
11;M;2011;Lukas;11
5;F;2020;Amel;5
5;F;2020;Fleur;5
11;M;2021;Aboubakar;11
10;F;2021;Salma;10
8;F;2021;Lynn;8
6;F;2021;Astrée;6
6;M;2021;Marley;6
5;M;2021;Gino;5
6;M;2019;Prince;6
5;M;2019;Aïden;5
6;F;2023;Mayane;6
16;F;2020;Bérénice;16
14;F;2020;Marion;14
9;F;2020;Lital;9
7;M;2020;Matéo;7
6;M;2020;Avi;6
59;M;2022;Ali;59
54;F;2022;Olympe;54
18;F;2022;Emilia;18
17;M;2022;Bilal;17
12;F;2022;Naomie;12
8;F;2022;Soraya;8
5;F;2022;Elyna;5
71;M;2022;Achille;71
34;F;2022;Salomé;34
12;M;2022;Calixte;12
8;F;2022;Malya;8
7;F;2022;Maylis;7
87;F;2024;Eva;87
50;M;2024;Émile;50
26;M;2024;Evan;26
15;F;2024;Norah;15
24;F;2024;Fanta;24
23;M;2024;Jacques;23
14;F;2024;Anaya;14
11;F;2024;Gisèle;11
5;M;2024;Michael;5
28;F;2012;Eugénie;28
5;F;2012;Hasna;5
11;F;2012;Isabelle;11
17;F;2012;Jenna;17
5;M;2012;Jude;5
28;F;2012;Lilia;28
12;F;2012;Marianne;12
7;F;2012;Mayline;7
6;F;2012;Sarra;6
8;F;2012;Ysé;8
10;F;2012;Yuna;10
7;F;2013;Abigaïl;7
27;F;2014;Faustine;27
14;F;2015;Miya;14
39;F;2016;Elena;39
17;F;2016;Ellie;17
5;M;2016;Marvin;5
6;M;2016;Swan;6
6;M;2016;Yassin;6
21;F;2023;Emna;21
17;F;2023;Myriam;17
16;M;2023;Abdoul;16
7;M;2023;Gaoussou;7
10;M;2024;Cheikh;10
9;M;2024;Santiago;9
10;F;2017;Luce;10
71;F;2018;Maya;71
5;M;2018;Tony;5
55;M;2019;Youssef;55
40;M;2019;Elio;40
5;F;2006;Annaëlle;5
8;M;2006;Élias;8
36;M;2006;Théodore;36
6;M;2007;Cyrian;6
28;M;2007;Eliot;28
36;M;2007;Etienne;36
34;M;2007;Hippolyte;34
7;F;2008;Emily;7
7;M;2008;Matt;7
7;F;2009;Alyssa;7
5;M;2009;Louison;5
10;M;2010;Albert;10
9;F;2011;Avril;9
6;M;2011;Aymane;6
16;F;2011;Elia;16
19;M;2011;Hamza;19
32;M;2011;Titouan;32
23;F;2004;Amina;23
25;F;2004;Clarisse;25
6;F;2004;Colette;6
17;F;2004;Colombe;17
215;F;2005;Clara;215
5;M;2005;George;5
7;F;2005;Ranya;7
12;F;2005;Tania;12
5;F;2005;Virginie;5
15;F;2006;Amel;15
5;F;2019;Lily-Rose;5
5;F;2019;Mariem;5
150;M;2020;Léon;150
25;M;2020;Ismaïl;25
19;M;2020;Mohammed;19
7;F;2020;Razan;7
108;M;2021;Naël;108
78;M;2021;Félix;78
7;F;2021;Elly;7
10;M;2004;Nikola;10
89;F;2023;Sofia;89
59;F;2023;Romane;59
29;M;2023;Léandre;29
23;M;2023;Noa;23
6;F;2023;Shirel;6
5;F;2023;Laetitia;5
60;M;2010;Julien;60
5;M;2010;Naïl;5
8;F;2019;Zita;8
33;M;2020;Émile;33
12;M;2021;Julian;12
6;M;2021;Prince;6
5;F;2021;Rivka;5
197;M;2006;Maxime;197
24;F;2006;Rania;24
5;M;2007;Abou;5
8;F;2007;Célina;8
8;F;2013;Maelys;8
16;F;2014;Anastasia;16
5;M;2014;Emir;5
31;M;2014;Luca;31
11;F;2016;Lahna;11
19;M;2023;Nathanaël;19
15;M;2023;Zakariya;15
10;M;2023;Timothé;10
8;F;2023;Claire;8
29;M;2024;Ambroise;29
15;M;2024;Alassane;15
7;F;2024;Nelia;7
10;F;2017;Sonia;10
7;F;2018;Éléa;7
27;M;2018;Nathanaël;27
5;F;2018;Tesnime;5
61;M;2019;Georges;61
8;M;2019;Marvin;8
37;M;2004;Emmanuel;37
7;M;2005;Flavien;7
161;M;2005;Hugo;161
27;F;2005;Maïa;27
77;M;2004;Noah;77
85;M;2024;Marius;85
59;M;2024;Lucien;59
26;M;2024;Nicolas;26
14;M;2024;Marcus;14
11;F;2024;Aïssatou;11
10;M;2024;Tobias;10
9;M;2024;Alessandro;9
6;M;2024;Tao;6
5;F;2024;Amicie;5
12;F;2024;Clotilde;12
9;M;2024;Asaël;9
150;M;2022;Paul;150
6;F;2022;Liliane;6
14;M;2024;Adrian;14
9;F;2024;Binta;9
72;M;2022;Mathis;72
10;F;2022;Carla;10
5;M;2022;Wael;5
6;M;2019;Sidy;6
12;M;2020;Neil;12
10;F;2020;Ania;10
9;F;2020;Amandine;9
6;M;2020;Nissim;6
33;F;2004;Lila;33
23;M;2007;Ryan;23
6;M;2008;Alone;6
9;M;2008;Joaquim;9
11;F;2008;Malak;11
7;M;2008;Matis;7
9;F;2009;Lahna;9
35;M;2009;Titouan;35
47;F;2008;Mélissa;47
9;F;2011;Aline;9
24;F;2004;Aliénor;24
14;F;2004;Auriane;14
7;M;2004;Elijah;7
8;F;2004;Hermine;8
9;M;2004;Yannick;9
43;F;2005;Imane;43
9;F;2004;Leslie;9
9;F;2012;Alba;9
9;M;2012;Melvin;9
42;M;2012;Samy;42
9;M;2013;Niels;9
27;M;2014;Anatole;27
7;M;2014;Yannis;7
16;F;2016;Zaynab;16
6;F;2017;Cataleya;6
58;F;2018;Aya;58
125;M;2024;Paul;125
61;F;2024;Inaya;61
34;F;2024;Awa;34
12;F;2024;Leyla;12
8;M;2024;Asher;8
6;M;2024;Alex;6
10;F;2004;Keren;10
6;F;2004;Liza;6
41;F;2004;Maëlys;41
133;M;2004;Pierre;133
7;M;2011;Yossef;7
24;F;2012;Angèle;24
12;M;2012;Balthazar;12
6;F;2012;Charlène;6
10;F;2012;Coumba;10
9;F;2012;Gaëlle;9
11;M;2012;Lukas;11
41;M;2012;Nolan;41
8;F;2012;Tiana;8
8;F;2013;Cléa;8
38;M;2013;Diego;38
8;M;2013;Gaëtan;8
17;M;2013;Ivan;17
9;F;2013;Lyana;9
9;F;2013;Tasnime;9
6;F;2014;Chahinez;6
10;F;2014;Ema;10
5;F;2014;Emmie;5
15;M;2014;Jad;15
46;M;2014;Joshua;46
9;F;2014;Liora;9
46;F;2014;Mariam;46
16;F;2014;Nayla;16
5;M;2015;Aydan;5
16;M;2015;Etienne;16
6;F;2015;Maxine;6
8;F;2015;Melina;8
14;F;2015;Rosalie;14
6;F;2015;Tal;6
25;M;2016;Djibril;25
8;F;2016;Élina;8
13;F;2016;Halima;13
5;M;2016;Kays;5
6;M;2016;Lou;6
11;M;2016;Milhan;11
6;F;2016;Olympia;6
6;F;2016;Philippa;6
6;M;2017;Eddy;6
5;M;2017;Sékou;5
6;M;2018;Charly;6
5;F;2018;Élisabeth;5
17;M;2018;Nahel;17
6;M;2018;Pierre-Louis;6
46;M;2018;Robin;46
32;M;2019;Noham;32
12;F;2019;Eugénie;12
9;F;2019;Flora;9
21;F;2006;Awa;21
5;F;2006;Dado;5
5;F;2006;Lilwenn;5
77;F;2006;Victoire;77
18;F;2007;Cassandra;18
14;F;2007;Maïmouna;14
22;M;2008;Djibril;22
23;F;2008;Hawa;23
57;F;2008;Maëlys;57
18;M;2008;Melvin;18
21;F;2009;Flora;21
6;F;2009;Gabriela;6
5;F;2009;Sarra;5
6;F;2010;Cassiopée;6
9;F;2010;Eléna;9
101;F;2010;Marie;101
16;F;2010;Rania;16
9;F;2010;Thelma;9
21;F;2011;Hannah;21
5;M;2011;Mamoudou;5
36;F;2005;Fanny;36
6;M;2005;Jacob;6
88;M;2005;Maxence;88
12;M;2005;Robinson;12
6;M;2006;Aksel;6
5;F;2020;Nada;5
59;M;2021;Robin;59
37;F;2021;Sasha;37
7;M;2021;Seydou;7
7;F;2019;Ashley;7
6;M;2019;Jérémy;6
6;M;2019;Karl;6
39;F;2020;Ellie;39
27;F;2020;Awa;27
14;M;2020;Ange;14
14;M;2020;Dylan;14
7;M;2020;Rayane;7
40;M;2004;Hadrien;40
5;M;2004;Sebastien;5
8;F;2005;Aimée;8
11;F;2005;Héléna;11
19;F;2005;Lyna;19
6;M;2005;Teddy;6
46;F;2004;Iris;46
15;M;2012;Bilal;15
17;F;2013;Camélia;17
5;M;2013;Cyriaque;5
42;M;2013;Léonard;42
66;F;2013;Valentine;66
18;F;2014;Aicha;18
19;F;2015;Louane;19
8;M;2015;Mahdi;8
6;F;2015;Sana;6
88;M;2016;Enzo;88
31;M;2006;Anis;31
10;F;2006;Auriane;10
43;M;2006;Emile;43
12;F;2006;Louison;18
11;F;2006;Lucia;11
44;F;2006;Noa;79
11;M;2006;Tao;11
7;F;2007;Annabelle;7
5;F;2007;Daniela;5
21;M;2007;Eric;21
5;M;2007;Kenzy;5
69;F;2008;Ambre;69
9;F;2008;Déborah;9
21;F;2008;Philippine;21
21;M;2008;Roméo;21
37;M;2008;Stanislas;37
13;F;2009;Hanaé;13
24;F;2009;Rachel;24
6;M;2009;Raoul;6
19;M;2010;Etienne;19
6;F;2010;Johanna;6
17;F;2010;Paola;17
5;M;2011;Aydan;5
5;M;2011;Driss;5
7;F;2011;Maïlys;7
113;M;2011;Martin;113
10;M;2011;Téo;10
89;M;2011;Théo;89
10;M;2004;Cheikh;10
61;F;2004;Elise;61
30;F;2004;Eve;30
108;F;2004;Zoé;108
6;M;2005;Aymane;6
44;M;2005;Basile;44
11;F;2005;Yaël;11
15;F;2021;Irène;15
5;F;2021;Salima;5
5;M;2012;Amaël;5
24;M;2012;Anis;24
9;M;2012;Dimitri;9
5;M;2012;Fady;5
52;F;2013;Ines;52
9;F;2013;Nada;9
16;M;2013;Raphael;16
8;F;2013;Séréna;8
8;F;2014;Divine;8
26;M;2016;Julien;26
15;F;2016;Marion;15
70;M;2017;Alexis;70
5;F;2017;Elyssa;5
30;M;2017;Haroun;30
261;M;2017;Louis;261
11;F;2018;Mira;11
22;M;2018;Nahil;22
31;M;2018;Rafael;31
66;M;2019;Ulysse;66
13;F;2019;Yuna;13
85;M;2006;Elias;85
6;F;2008;Maïssane;6
10;F;2021;Hadja;10
10;M;2021;Alessio;10
6;M;2019;Gaëtan;6
28;M;2020;Edouard;28
6;F;2020;Joanne;6
17;M;2004;Milan;17
9;F;2012;Liya;9
7;M;2012;Marco;7
19;M;2012;Ousmane;19
16;M;2013;Damien;16
22;F;2013;Dina;22
5;F;2013;Karen;5
22;F;2013;Paloma;22
202;F;2013;Sarah;202
64;F;2014;Capucine;64
24;M;2014;Hippolyte;24
11;F;2014;Safa;11
5;F;2014;Sanaa;5
6;F;2014;Solveig;6
33;M;2015;Armand;33
6;M;2015;Darius;6
12;F;2015;Elina;12
5;F;2016;Candice;5
9;M;2016;Éloi;9
11;F;2016;Lia;11
12;F;2016;Mya;12
13;M;2016;Saul;13
9;M;2017;François;9
16;M;2017;Henry;16
6;F;2017;Jeannette;6
14;M;2017;Julian;14
8;M;2017;Karim;8
15;M;2017;Mahamadou;15
5;M;2017;Théophane;5
5;F;2018;Aïko;5
5;M;2018;Dante;5
21;F;2018;Eugénie;21
5;F;2018;Leya;5
63;F;2018;Marie;63
46;M;2019;Tom;46
16;F;2019;Safiya;16
8;M;2019;Siméon;8
48;M;2022;Solal;48
40;M;2022;Idriss;40
5;M;2022;Nour;5
74;F;2016;Madeleine;74
6;M;2016;Tayron;6
18;F;2017;Amélie;18
7;M;2018;Aïdan;7
11;F;2018;Djeneba;11
42;F;2018;Hanna;42
12;M;2018;Mouhamed;12
16;M;2019;Hayden;16
6;M;2006;Joris;6
9;M;2007;Elliott;9
5;M;2007;Mario;5
6;F;2007;Roxanne;6
11;M;2008;Gauthier;11
58;F;2008;Iris;58
17;F;2009;Alya;17
7;F;2009;Ilana;7
8;M;2010;Curtis;8
107;F;2010;Romane;107
211;M;2011;Maxime;211
5;F;2020;Fatima-Zahra;5
58;M;2021;Valentin;58
60;M;2020;Léopold;60
11;M;2020;Johan;11
53;F;2021;Garance;53
7;M;2021;Maxim;7
13;M;2016;Ismaïl;13
9;F;2017;Hiba;9
10;F;2017;Miya;10
6;M;2017;Morgan;6
22;F;2018;Chiara;22
18;F;2018;Naëlle;18
27;F;2018;Sirine;27
38;F;2019;Élise;38
12;F;2019;Laya;12
64;F;2021;Noa;64
22;F;2021;Georgia;22
7;M;2021;Yannis;7
5;F;2021;Ruby;5
9;M;2020;Rémi;9
31;M;2006;Mamadou;31
45;M;2006;Mattéo;45
8;M;2007;Adama;8
7;M;2007;Hugues;7
6;F;2007;May;6
75;F;2007;Victoria;75
6;M;2015;Kurtis;6
10;M;2015;Mahamadou;10
10;F;2015;Maxime;162
7;M;2004;Yaya;7
7;F;2005;Christelle;7
5;F;2008;Youna;5
5;M;2019;Anthony;5
5;M;2019;Jimmy;5
16;F;2021;Leïla;16
99;F;2008;Julie;99
8;F;2009;Angélique;8
32;M;2009;Etienne;32
79;F;2009;Margot;79
7;F;2009;Michelle;7
5;M;2009;Takumi;5
7;M;2010;Arnaud;7
5;F;2010;Cerise;5
12;F;2010;Ema;12
41;F;2010;Ines;41
9;M;2010;Lamine;9
11;M;2010;Leonardo;11
92;M;2010;Maxence;92
5;M;2010;Mike;5
36;F;2010;Roxane;36
22;M;2010;Younes;22
98;F;2011;Adèle;98
7;M;2011;Henry;7
41;F;2011;Lyna;41
112;F;2011;Mathilde;112
23;M;2011;Souleymane;23
7;F;2004;Cléophée;7
17;F;2005;Lison;17
9;M;2005;Yannick;9
22;F;2004;Lili;22
5;M;2004;Nour;5
7;M;2012;Alessio;7
22;M;2012;Anthony;22
25;F;2012;Mélina;25
7;F;2012;Nesrine;7
38;F;2013;Ambre;38
5;F;2013;Camelia;5
19;F;2013;Fatou;19
69;F;2013;Léna;69
24;F;2013;Maïa;24
8;F;2013;Nadia;8
55;M;2013;Quentin;55
6;F;2014;Baya;6
28;F;2014;Kenza;28
9;F;2014;Thalia;9
5;M;2014;Wassil;5
17;F;2015;Awa;17
14;M;2015;Leo;14
7;M;2015;Orso;7
79;M;2016;Axel;79
5;M;2016;Clarence;5
5;M;2017;Bryan;5
5;M;2017;Jayson;5
6;M;2017;Mani;6
10;M;2017;Samba;10
5;M;2017;Tidjane;5
15;F;2018;Ania;15
6;M;2018;Arslan;6
6;M;2018;Élio;6
13;F;2018;Yara;13
50;F;2019;Giulia;50
10;M;2019;Maximilien;10
6;F;2006;Ruth;6
25;M;2006;Sébastien;25
9;F;2006;Sérine;9
13;F;2007;Hanna;13
12;F;2008;Sonia;12
149;F;2009;Jade;149
11;F;2009;Ysée;11
398;M;2010;Gabriel;398
5;M;2010;Hicham;5
9;M;2011;Ilyès;9
104;F;2021;Ella;104
72;F;2021;Romane;72
16;M;2021;Aymen;16
14;M;2021;Adel;14
12;F;2021;Eugénie;12
11;M;2021;Zéphyr;11
10;F;2021;Aria;10
10;F;2021;Ilyana;10
10;M;2021;Mattéo;10
9;M;2021;Grégoire;9
7;M;2019;Ishak;7
7;F;2019;Imani;7
5;M;2019;Merlin;5
23;M;2023;Anas;23
6;M;2023;Lev;6
5;M;2023;Karim;5
5;F;2023;Cassie;5
5;F;2023;Hélia;5
16;F;2020;Maïssa;16
12;F;2020;Ayla;12
10;M;2020;Mouhamed;10
6;F;2020;Alina;6
6;M;2004;Amara;6
11;M;2004;Brieuc;11
8;M;2004;Ernest;8
9;M;2004;Stefan;9
123;M;2005;Yanis;123
11;M;2005;Yoni;11
12;F;2004;Nora;12
33;F;2004;Rachel;33
7;M;2004;Rodrigue;7
7;M;2024;Alfred;7
7;F;2004;Cindy;7
30;M;2004;Damien;30
7;M;2004;Geoffrey;7
14;M;2004;Jacques;14
5;M;2004;Karamba;5
17;F;2004;Prune;17
10;F;2012;Ariane;10
14;F;2013;Carmen;14
36;F;2013;Kenza;36
10;M;2013;Mahé;10
7;M;2013;Wissem;7
5;F;2013;Youna;5
10;F;2014;Aïssata;10
51;M;2014;Auguste;51
21;M;2014;Matteo;21
98;F;2014;Olivia;98
8;F;2015;Ania;8
15;F;2015;Camélia;15
6;F;2015;Fatim;6
6;M;2016;Aïssa;6
7;M;2016;Alexander;7
24;F;2016;Émilie;24
6;M;2017;Amaël;6
15;M;2017;Timothé;15
5;M;2018;Eli;5
6;F;2018;Noélie;6
17;M;2018;Romain;17
78;M;2019;Léonard;78
29;F;2019;Naomi;29
9;F;2019;Anissa;9
7;F;2006;Charlie;13
140;F;2006;Lucie;140
13;F;2006;Nine;13
11;M;2007;Aboubacar;11
6;F;2007;Léopoldine;6
5;M;2007;Sören;5
70;F;2008;Ava;70
23;F;2023;Esmée;23
13;F;2023;Soumaya;13
5;M;2023;Aboubakr;5
5;M;2023;Cameron;5
9;F;2008;Maélys;9
45;M;2008;Milo;45
7;F;2008;Rahma;7
8;M;2009;Avi;8
7;F;2009;Dahlia;7
13;M;2009;Ilyès;13
9;M;2009;Marc-Antoine;9
22;F;2009;Rosalie;22
11;F;2011;Dalia;11
19;M;2011;Kenzo;19
20;M;2011;Nael;20
8;M;2011;Raoul;8
8;F;2011;Sidonie;8
5;F;2005;Neïla;5
21;F;2005;Pénélope;21
6;M;2005;Térence;6
70;M;2021;Abel;70
7;F;2021;Eve;7
7;M;2021;Soren;7
6;F;2021;Jodie;6
6;F;2021;Razane;6
5;F;2021;Marnie;5
5;M;2021;Abdou;5
6;F;2019;Domitille;6
5;M;2019;Anass;5
115;M;2020;Hugo;115
11;F;2020;Liya;11
10;M;2020;Matthias;10
8;F;2020;Carla;8
6;M;2020;Haron;6
6;F;2019;Liel;6
5;F;2019;Frida;5
37;M;2020;Ilyes;37
7;M;2020;Youcef;7
5;M;2020;Jérémy;5
6;M;2021;Matis;6
5;F;2021;Alessia;5
12;F;2004;Aline;12
19;F;2004;Alma;19
13;M;2004;Thibaud;13
7;M;2005;Aubin;7
283;F;2005;Inès;283
9;F;2005;Talia;9
71;F;2006;Elisa;71
16;M;2006;Ilyas;16
6;M;2006;Jalil;6
45;M;2006;Jérémy;45
44;M;2006;Max;44
12;M;2006;Yohann;12
6;M;2007;Barnabé;6
15;M;2007;Ilyas;15
5;F;2007;Solveig;5
13;F;2008;Alyssa;13
20;M;2008;Aymen;20
32;M;2008;Hamza;32
15;F;2009;Anne;15
12;M;2009;Célestin;12
12;F;2009;Elisabeth;12
30;M;2009;Kaïs;30
7;M;2009;Zakariya;7
6;M;2012;Amos;6
40;F;2012;Bérénice;40
7;M;2012;Johann;7
8;F;2012;Tiphaine;8
7;F;2013;Aude;7
7;F;2013;Aylin;7
23;M;2013;Ernest;23
6;F;2013;Haby;6
31;M;2013;Luca;31
5;F;2013;Ophélie;5
14;F;2013;Serena;14
6;F;2013;Tara;6
21;F;2014;Bintou;21
5;F;2014;Rébecca;5
11;F;2006;Élise;11
15;F;2006;Fatou;15
10;F;2006;Rébecca;10
5;M;2007;Brandon;5
9;M;2007;Nelson;9
13;M;2008;Alan;13
8;F;2008;Assa;8
6;F;2008;Katia;6
14;F;2008;Maïmouna;14
5;M;2008;Marcus;5
122;M;2008;Oscar;122
41;M;2008;Samy;41
8;M;2009;Aboubakar;8
49;F;2009;Anouk;49
5;M;2009;Bruno;5
6;M;2009;Imrane;6
5;F;2010;Hermine;5
14;M;2010;Loan;14
11;M;2010;Marcel;11
70;F;2010;Victoria;70
5;F;2011;Cyrine;5
6;M;2011;Élias;6
19;M;2011;Gaston;19
6;M;2011;Nathaniel;6
24;F;2004;Fanny;24
7;M;2004;Hakim;7
12;M;2004;Hugues;12
12;F;2005;Aïssatou;12
31;F;2005;Anaëlle;31
9;M;2005;Barnabé;9
8;F;2005;Deborah;8
25;M;2005;Luka;25
17;M;2005;Owen;17
81;M;2005;Valentin;81
16;F;2015;Lison;16
5;F;2015;Maïna;5
6;F;2015;Meriam;6
29;M;2015;Stanislas;29
17;M;2016;Gaël;17
5;M;2016;Matthew;5
12;F;2016;Noor;12
6;M;2017;Aris;6
6;M;2017;Nathaniel;6
8;M;2018;Edward;8
10;F;2018;Kelly;10
25;F;2018;Manel;25
6;M;2018;Mouhamadou;6
21;M;2019;Leo;21
9;M;2019;Laszlo;9
36;M;2010;Anis;36
6;F;2010;Blandine;6
6;F;2010;Éva;6
164;F;2010;Juliette;164
8;F;2010;Naëlle;8
11;M;2010;Pacôme;11
5;F;2010;Shaïly;5
29;M;2011;Amaury;29
5;F;2011;Inés;5
6;M;2011;Swann;6
9;M;2021;Jack;9
32;M;2011;Théophile;32
9;M;2021;Yann;9
7;F;2021;Camila;7
7;F;2021;Layla;7
7;M;2021;Silas;7
6;F;2021;Claudia;6
5;F;2021;Alizée;5
5;F;2021;Ashley;5
5;M;2021;Dayan;5
5;M;2019;Zayd;5
190;M;2020;Victor;190
19;F;2020;Andréa;19
7;M;2020;Jawad;7
7;F;2020;France;7
5;F;2012;Catherine;5
5;F;2012;Emie;5
371;M;2012;Gabriel;371
7;F;2012;Leila;7
7;F;2012;Lily-Rose;7
60;F;2012;Lola;60
99;M;2012;Martin;99
8;F;2012;Sira;8
26;M;2013;Rafael;26
12;M;2014;Andréa;12
13;F;2014;Ethel;13
6;F;2014;Liza;6
5;M;2014;Michael;5
5;F;2014;Rim;5
7;M;2014;Waël;7
15;F;2015;Lilou;15
14;M;2016;Eugène;14
8;F;2016;Haya;8
7;M;2016;Jack;7
65;M;2016;Jean;65
11;M;2016;Lamine;11
5;M;2016;Philippe;5
44;M;2016;Wassim;44
40;M;2017;César;40
7;M;2017;Eliel;7
14;F;2017;Emilia;14
12;F;2017;Farah;12
29;M;2017;Malo;29
17;F;2017;Rachel;17
199;F;2018;Alice;199
19;F;2019;Claire;19
14;F;2019;Andrea;14
9;M;2019;Ishaq;9
9;M;2019;Oren;9
26;M;2024;Kaïs;26
14;F;2024;Salma;14
6;F;2024;Imani;6
41;M;2023;Pio;41
24;F;2023;Amélia;24
11;M;2023;Ilan;11
34;M;2023;Jad;34
18;M;2023;Bilal;18
17;F;2023;Augustine;17
29;M;2023;Rafael;29
19;F;2023;Lola;19
101;F;2020;Margaux;101
63;F;2020;Apolline;63
23;F;2020;Oumou;23
15;M;2020;Gianni;15
13;M;2020;Célestin;13
11;F;2020;Dana;11
7;F;2020;Avril;7
7;F;2020;Milena;7
7;F;2020;Sanaa;7
6;M;2020;Yanni;6
5;M;2020;Zack;5
125;F;2021;Romy;125
5;F;2021;Joey;5
24;F;2005;Ilona;24
8;F;2004;Lucy;8
6;M;2004;Marc-Antoine;6
6;F;2004;Olympe;6
5;F;2006;Fatiha;5
21;F;2006;Syrine;21
8;F;2007;Barbara;8
5;F;2007;Macha;5
8;F;2007;Yuna;8
5;F;2007;Zina;5
21;F;2008;Fleur;21
17;M;2009;Ambroise;17
6;M;2009;Aron;6
265;F;2009;Chloé;265
8;F;2009;Gloria;8
6;F;2009;Tamara;6
5;F;2011;Yuna;5
75;F;2012;Capucine;75
8;M;2012;Maceo;8
9;M;2012;Mahamadou;9
6;M;2013;Farès;6
16;F;2013;Isra;16
9;M;2013;Thiago;9
5;M;2013;Tomas;5
11;F;2014;Andrea;42
8;M;2014;Constant;8
161;F;2014;Lina;161
26;F;2015;Maïa;26
108;M;2015;Noah;108
275;M;2016;Louis;275
11;F;2016;Meriem;11
7;M;2016;Rahim;7
6;M;2017;Eli;6
14;M;2017;Eyden;14
45;M;2017;Marin;45
25;M;2017;Mohammed;25
8;F;2017;Tiphaine;8
46;M;2017;Wassim;46
5;F;2017;Zara;5
7;M;2018;Bakary;7
15;F;2018;Gaïa;15
12;M;2018;Malick;12
8;F;2018;Mara;8
6;F;2018;Sélène;6
77;M;2019;Axel;77
74;M;2019;Ilyan;74
44;F;2019;Alba;44
17;M;2019;Ilian;17
13;F;2019;Gabriela;13
8;M;2019;Louay;8
7;F;2010;Athénaïs;7
58;F;2010;Justine;58
14;F;2010;Maeva;14
10;F;2010;Maia;10
59;M;2010;Noam;59
8;M;2010;Steven;8
8;M;2011;Bakary;8
34;M;2011;Moussa;34
46;F;2022;Pia;46
41;F;2022;Hortense;41
31;F;2022;Elise;31
13;M;2022;Camil;13
8;M;2022;Saïd;8
7;M;2022;Rahim;7
7;F;2022;Khadidja;7
220;M;2007;Thomas;220
5;F;2008;Salima;5
10;F;2009;Elissa;10
8;M;2009;Lazare;8
5;M;2009;Manuel;5
111;F;2010;Clémence;111
11;M;2010;Téo;11
7;F;2011;Eléna;7
25;M;2011;Maximilien;25
7;M;2011;Pedro;7
15;F;2005;Aude;15
36;F;2005;Lise;36
15;F;2004;Louisa;15
5;M;2004;Peter;5
25;M;2004;Roméo;25
6;F;2012;Camilia;6
9;M;2012;Emilien;9
10;M;2012;Jean-Baptiste;10
23;M;2012;Maximilien;23
67;M;2013;Alexis;67
11;F;2015;Emmanuelle;11
15;M;2016;Bastien;15
27;F;2023;Lily;27
5;M;2012;Elliott;5
5;M;2012;Matis;5
6;F;2012;Nadia;6
12;F;2012;Soumaya;12
23;M;2012;Stanislas;23
6;M;2013;Aron;6
165;M;2013;Jules;165
7;F;2013;Lyne;7
29;M;2013;Matteo;29
6;F;2014;Arya;6
30;M;2014;Emmanuel;30
11;M;2014;Lassana;11
5;F;2014;Quitterie;5
24;F;2014;Rosalie;24
48;F;2015;Céleste;48
44;M;2015;Daniel;44
50;F;2015;Elena;50
16;F;2015;Lia;16
15;F;2015;Louisa;15
37;M;2015;Zakaria;37
6;F;2016;Félicie;6
11;F;2016;Isra;11
76;M;2017;Auguste;76
7;M;2017;Luc;7
8;F;2016;Maïssane;8
7;M;2017;Ayan;7
31;F;2017;Bérénice;31
11;F;2017;Mellina;11
9;M;2018;Aloïs;9
40;F;2018;Esther;40
8;F;2018;Isabella;8
5;F;2018;Leia;5
5;F;2018;Nicole;5
22;F;2019;Célestine;22
15;M;2019;Gianni;15
25;F;2019;Mina;25
9;M;2019;Lubin;9
9;M;2019;Nahel;9
22;F;2006;Elodie;22
6;F;2007;Andrea;30
22;F;2007;Lara;22
6;M;2007;Luis;6
32;M;2008;Milan;32
8;M;2011;Abraham;8
6;F;2011;Alissa;6
7;F;2011;Melody;7
5;F;2011;Shannon;5
7;F;2019;Nicole;7
15;M;2020;Abdoul;15
9;F;2020;Gaia;9
23;F;2005;Aurore;23
9;F;2005;Dora;9
20;F;2005;Lydia;20
32;F;2018;Elisa;32
15;M;2018;Roman;15
14;M;2019;Henry;14
10;F;2019;Marianne;10
6;M;2010;Gaétan;6
9;F;2010;Isabelle;9
187;M;2010;Lucas;187
43;F;2010;Sasha;69
71;M;2010;Tom;71
41;F;2011;Justine;41
38;F;2020;Lola;38
17;F;2020;Naëlle;17
8;M;2020;Livio;8
7;M;2020;Romeo;7
5;M;2020;Honoré;5
5;M;2020;Joakim;5
5;F;2020;Alima;5
95;F;2021;Juliette;95
5;F;2021;Sokhna;5
7;M;2004;Jawad;7
23;M;2006;Damien;23
7;F;2006;Daniela;7
14;F;2006;Lison;14
44;M;2006;Marius;44
12;M;2006;Pierre-Louis;12
117;M;2006;Romain;117
12;F;2006;Tania;12
5;M;2007;Ayman;5
8;F;2007;Coralie;8
9;M;2007;Lamine;9
5;M;2007;Nizar;5
8;M;2007;Tidiane;8
23;F;2008;Lana;23
19;M;2008;Lassana;19
7;F;2008;Milena;7
19;M;2008;Thibaut;19
5;F;2009;Anouchka;5
13;M;2009;Eyal;13
5;M;2009;Jayden;5
12;M;2009;Michel;12
20;F;2009;Rebecca;20
11;F;2004;Bintou;11
20;F;2005;Naomi;20
9;F;2005;Sacha;139
5;M;2005;Shawn;5
217;M;2006;Adam;217
16;M;2006;Amir;16
72;M;2023;Basile;72
46;F;2023;Margaux;46
15;F;2023;Mélina;15
11;F;2023;Yuna;11
9;F;2023;Laura;9
7;M;2023;Giovanni;7
60;M;2011;Youssef;60
5;M;2012;Cameron;5
17;M;2012;Sam;17
20;M;2013;Ambroise;20
10;F;2014;Félicie;10
19;F;2017;Aliyah;19
5;M;2017;Sidney;5
25;F;2019;Billie;25
20;F;2019;Stella;20
11;F;2006;Cécilia;11
38;M;2007;Lenny;38
5;F;2008;Jane;5
59;F;2004;Shirel;59
39;M;2004;Jonathan;39
14;M;2004;Mateo;14
37;M;2004;Moussa;37
6;M;2004;Oussama;6
18;F;2011;Emmy;18
5;F;2011;Loïse;5
36;F;2022;Elsa;36
13;F;2022;Coline;13
11;F;2022;Rebecca;11
9;F;2022;Asma;9
7;M;2022;Farès;7
37;F;2021;Olympe;37
7;F;2021;Eya;7
7;M;2020;Elyo;7
5;F;2023;Mélia;5
27;F;2022;Ayline;27
10;M;2022;Eugène;10
9;F;2022;Ilyana;9
16;M;2023;Sandro;16
5;M;2023;Pacôme;5
29;M;2022;Balthazar;29
19;M;2022;Amaury;19
14;F;2022;Maxime;14
11;F;2022;Gabriela;11
5;M;2022;Mouhamadou;5
6;F;2022;Mayla;6
6;F;2024;Dayana;6
7;M;2012;Curtis;7
15;M;2012;Dan;15
6;F;2012;Serine;6
22;M;2013;Anas;22
11;M;2013;Lassana;11
6;M;2014;Mohamed-Lamine;6
5;F;2016;Lyne;5
8;F;2016;Mayline;8
6;F;2017;Alana;6
18;F;2017;Eléa;18
14;M;2017;Raphael;14
25;F;2018;Awa;25
6;M;2018;Jean-Baptiste;6
9;M;2019;Guillaume;9
5;M;2006;Antonio;5
32;F;2006;Lily;32
17;M;2007;Lilian;17
7;F;2008;Camila;7
7;M;2008;Filip;7
7;M;2008;Warren;7
11;F;2009;Cléa;11
7;F;2009;Solange;7
8;F;2010;Abigaël;8
6;M;2005;Alon;6
8;F;2005;Dalia;8
10;M;2005;Michel;10
24;F;2005;Thaïs;24
139;M;2022;Victor;139
41;F;2022;Lana;41
29;M;2022;Jacques;29
23;M;2022;Ariel;23
188;M;2023;Noah;188
8;F;2023;Clarisse;8
6;M;2023;Yahia;6
5;M;2023;Elouan;5
5;M;2023;Mory;5
5;F;2023;Assetou;5
8;F;2019;Louane;8
138;F;2020;Anna;138
21;F;2020;Lison;21
6;M;2020;Andrew;6
45;F;2007;Maëlys;45
5;M;2007;Sekou;5
13;M;2008;Bilel;13
6;M;2008;Constant;6
25;F;2009;Judith;25
100;M;2004;Gaspard;100
17;F;2004;Judith;17
9;F;2013;Eliana;9
23;M;2016;Anis;23
67;F;2016;Ella;67
41;M;2018;Youssef;41
98;F;2019;Mia;98
14;F;2019;Laure;14
13;M;2019;Kamil;13
7;M;2006;Pierre-Antoine;7
49;M;2007;Mehdi;49
13;M;2009;Marwan;13
24;F;2009;Mina;24
40;F;2020;Salomé;40
7;M;2020;Elyes;7
17;F;2023;Ilyana;17
7;F;2023;Zeinab;7
8;F;2019;Lynn;8
6;F;2019;Ivana;6
5;M;2019;Marley;5
5;M;2019;Solan;5
5;F;2019;Audrey;5
46;F;2020;Mathilde;46
8;M;2020;El;8
8;M;2020;Imrane;8
6;M;2020;Etienne;6
6;M;2020;Gaspar;6
15;M;2004;Naël;15
7;F;2006;Ketsia;7
20;M;2006;Omar;20
9;M;2007;Niels;9
7;F;2008;Eliette;7
82;F;2008;Gabrielle;82
5;F;2008;Lynda;5
6;M;2008;Rodrigue;6
9;F;2008;Satine;9
14;F;2009;Cassandre;14
7;F;2009;Maelle;7
11;M;2009;Wesley;11
23;M;2022;Isaiah;23
8;F;2022;Ombeline;8
6;F;2022;Angélina;6
6;F;2022;Marion;6
5;F;2022;Meriem;5
16;F;2023;Kayla;16
14;F;2023;Ninon;14
14;F;2023;Rita;14
8;M;2023;Neil;8
5;M;2023;Akram;5
7;M;2006;Harry;7
5;M;2006;Malek;5
46;M;2008;Isaac;46
35;M;2008;Joshua;35
78;F;2008;Sofia;78
5;F;2009;Célya;5
5;M;2009;Jean-David;5
157;M;2010;Mohamed;157
6;M;2004;Harry;6
83;F;2012;Apolline;83
17;M;2012;Ariel;17
10;F;2012;Dalia;10
45;F;2012;Eléonore;45
18;M;2013;Jayden;18
10;M;2014;Christian;10
6;M;2018;Erwann;6
16;M;2018;Muhammad;16
19;M;2019;Ilyas;19
5;F;2011;Charlène;5
10;M;2021;Kevin;10
53;F;2021;Liv;53
12;M;2021;Zachary;12
7;F;2021;Abigaël;7
12;M;2020;Elliot;12
12;F;2020;Daria;12
55;F;2012;Ambre;55
7;M;2012;Damien;7
7;F;2012;Ève;7
164;F;2012;Jeanne;164
13;F;2012;Rebecca;13
5;F;2013;Anouck;5
12;F;2013;Castille;12
57;M;2013;Naël;57
255;M;2014;Arthur;255
27;M;2015;Adem;27
7;M;2016;Qassim;7
17;M;2016;Raphael;17
6;F;2016;Tiphaine;6
6;F;2017;Léah;6
69;M;2018;Léonard;69
78;F;2024;Nour;78
27;M;2024;Ibrahima;27
17;M;2024;Hippolyte;17
6;M;2024;Younous;6
32;F;2023;Eden;32
5;F;2024;Elyana;5
21;M;2023;Andréa;21
12;M;2023;Adem;12
18;M;2020;Oumar;18
8;F;2004;Mayssa;8
5;M;2007;Léo-Paul;5
85;F;2007;Rose;85
7;M;2008;Nikita;7
42;M;2008;Noa;42
14;F;2008;Philomène;14
5;F;2009;Auxane;5
5;F;2009;Jessie;5
19;M;2009;Oumar;19
38;F;2009;Romy;38
67;F;2010;Agathe;67
21;F;2023;Andréa;21
10;M;2023;Éloi;10
6;M;2023;Cheikh;6
193;F;2004;Alice;193
7;M;2004;Ari;7
7;F;2005;Diana;7
92;F;2006;Agathe;92
9;F;2004;Romy;9
25;F;2012;Aliya;25
6;M;2012;Amara;6
34;M;2012;Léopold;34
37;M;2012;Mathéo;37
16;F;2013;Audrey;16
7;M;2013;Elliott;7
6;M;2013;Thierry;6
37;M;2014;Antonin;37
9;F;2014;Ludivine;9
10;M;2014;Tancrède;10
27;M;2014;Yacine;27
11;F;2015;Alyssa;11
174;F;2015;Sarah;174
52;F;2016;Elise;52
6;F;2019;Calypso;6
5;F;2019;Chana;5
10;M;2020;Ari;10
8;M;2020;Moustapha;8
7;M;2006;Malick;7
30;F;2007;Lucile;30
7;F;2007;Ruth;7
12;F;2008;Caroline;12
29;M;2008;Edgar;29
5;M;2008;Tao;5
131;F;2009;Anna;131
26;M;2023;Ousmane;26
6;M;2023;Lukas;6
16;F;2020;Camélia;16
9;F;2020;Tahel;9
6;F;2020;Ange;6
21;F;2004;Anissa;21
10;F;2005;Serena;10
14;F;2006;Alyssa;14
41;M;2004;Ryan;41
38;M;2006;François;38
21;M;2006;Hamza;21
22;F;2006;Lise;22
70;F;2006;Victoria;70
23;M;2007;Matthias;23
6;F;2008;Djeneba;6
12;M;2008;Sandro;12
29;F;2009;Clémentine;29
6;M;2009;Tomas;6
24;M;2012;Anas;24
9;F;2012;Chahinez;9
40;M;2012;Malo;40
6;M;2012;Zakariya;6
15;F;2013;Judith;15
6;F;2013;Shaïly;6
10;F;2014;Cécile;10
5;M;2014;Flavien;5
23;F;2014;Irène;23
9;M;2014;Joaquim;9
5;F;2015;Alissa;5
20;F;2015;Farah;20
12;F;2016;Nelia;12
9;M;2017;Dario;9
12;F;2017;Gaïa;12
77;M;2017;Timothée;77
8;M;2018;Adan;8
55;M;2019;William;55
37;F;2019;Colette;37
10;M;2010;Bilel;10
6;M;2010;Carl;6
9;M;2010;Zadig;9
7;M;2011;Jason;7
9;F;2011;Sana;9
28;F;2023;Sara;28
14;M;2023;Niels;14
10;F;2023;Andrea;10
10;F;2023;Melissa;10
9;M;2023;Eliel;9
5;M;2012;Fadi;5
163;F;2012;Juliette;163
8;F;2012;Lucille;8
93;M;2012;Maxence;93
6;M;2012;Nikola;6
19;M;2012;Rafaël;19
8;F;2012;Talya;8
5;M;2013;Driss;5
56;M;2013;Elias;56
45;M;2013;Ilyes;45
8;F;2013;Layla;8
5;F;2013;Mariame;5
14;F;2013;Mona;14
6;F;2013;Sabrina;6
5;F;2014;Allya;5
62;M;2014;Côme;62
13;F;2015;Lahna;13
36;M;2015;Noham;36
22;F;2016;Emna;22
27;M;2016;Marc;27
16;F;2017;Aïda;16
6;F;2017;Anne;6
41;M;2023;Omar;41
7;M;2023;Asaël;7
12;F;2024;Elina;12
7;M;2024;Nahel;7
38;M;2017;Ayoub;38
11;M;2017;Erwan;11
134;M;2017;Jules;134
5;F;2017;Keira;5
5;F;2018;Alissa;5
7;M;2018;Armel;7
27;F;2018;Jasmine;27
7;F;2018;Maram;7
43;M;2018;Marcel;43
5;M;2018;Ron;5
15;M;2019;Eliot;15
12;M;2019;Mouhamed;12
43;M;2004;Alex;43
22;M;2004;Amir;22
5;M;2005;Amin;5
41;M;2005;Dylan;41
6;F;2005;Jenna;6
9;M;2005;Maxim;9
6;F;2005;Ysé;6
9;F;2006;Agnès;9
36;M;2004;Marc;36
40;F;2023;Garance;40
14;M;2023;Adrian;14
10;M;2023;Honoré;10
6;F;2024;Lennie;6
5;F;2024;Marwa;5
7;F;2012;Abigail;7
5;F;2012;Annabelle;5
6;F;2012;Éléa;6
11;M;2012;Ilan;11
17;F;2012;Livia;17
5;F;2013;Dana;5
5;F;2013;Daniella;5
8;F;2013;Fatma;8
8;F;2014;Amalia;8
5;F;2014;Siham;5
5;M;2015;Abd;5
10;M;2015;Damien;10
18;F;2015;Elisabeth;18
15;F;2015;Éva;15
23;M;2015;Jayden;23
74;M;2015;Léonard;74
30;F;2015;Liv;30
6;F;2015;Loïs;6
31;M;2015;Mathias;31
7;M;2015;Nohé;7
133;M;2015;Oscar;133
5;M;2016;Gianni;5
5;F;2016;Kadidia;5
14;M;2016;Melvil;14
50;F;2017;Aïcha;50
6;F;2017;Armance;6
19;M;2017;Balthazar;19
9;F;2017;Dahlia;9
39;M;2017;Issa;39
11;F;2018;Asma;11
23;F;2018;Castille;23
12;M;2018;Mayeul;12
12;F;2018;Tara;12
66;F;2019;Céleste;66
13;M;2006;Cheick;13
9;M;2006;Denis;9
155;F;2006;Manon;155
11;M;2006;Thibaud;11
5;M;2006;Yves;5
5;M;2007;Antony;5
7;M;2007;Chris;7
21;F;2007;Hannah;21
18;F;2007;Sabrina;18
5;M;2007;Tomas;5
24;F;2008;Albane;24
24;F;2008;Hortense;24
5;M;2008;Merwan;5
12;M;2008;Pierre-Louis;12
9;M;2008;Tidiane;9
7;M;2009;Alfred;7
35;M;2009;Hamza;35
5;F;2009;Haya;5
8;M;2009;Leonardo;8
18;M;2009;Melvil;18
5;M;2010;Abdel;5
138;F;2004;Eva;138
17;F;2004;Fanta;17
10;F;2005;Auriane;10
10;F;2005;Elisabeth;10
37;M;2005;Hector;37
7;F;2005;Thelma;7
13;F;2010;Gabriela;13
26;M;2010;Grégoire;26
6;F;2010;Leyna;6
84;F;2010;Maya;84
7;M;2010;Riad;7
13;F;2010;Shirel;13
6;F;2010;Tasnime;6
42;F;2011;Lila;42
7;M;2011;Marko;7
7;M;2011;Mohamed-Amine;7
5;M;2011;Théophane;5
6;F;2020;Khadidja;6
43;F;2021;Aïcha;43
6;F;2021;Elissa;6
5;M;2021;Tony;5
5;F;2019;Cara;5
24;F;2020;Ana;24
23;F;2020;Sara;23
7;F;2020;Leïa;7
6;M;2020;Jamal;6
6;F;2020;Janelle;6
27;F;2024;Hannah;27
23;F;2024;Simone;23
20;F;2024;Jennah;20
26;F;2024;Mathilde;26
14;F;2024;Manel;14
14;M;2024;Aloïs;14
7;F;2024;Agnès;7
6;F;2024;Bahia;6
5;F;2024;Olimpia;5
13;M;2018;Andy;13
181;F;2018;Chloé;181
30;F;2018;Faustine;30
7;M;2018;Jessim;7
5;F;2018;Loïs;5
23;F;2018;Oumou;23
26;M;2018;Youssouf;26
37;M;2019;Vadim;37
15;M;2010;Elyas;15
12;M;2010;Yoan;12
6;F;2011;Alba;6
24;F;2011;Anaëlle;24
22;F;2011;Céline;22
5;M;2011;Eddy;5
6;F;2011;Stéphanie;6
5;F;2019;Florence;5
99;F;2020;Sarah;99
35;F;2020;Naomi;35
10;M;2020;Dorian;10
9;F;2020;Mathilda;9
8;M;2020;Louison;8
8;F;2020;Yuna;8
6;F;2020;Ela;6
119;F;2021;Zoé;119
43;M;2021;Charlie;43
16;F;2021;Aïda;16
6;M;2021;Mahmoud;6
5;F;2021;Haydée;5
5;M;2021;Mendel;5
5;M;2021;Otis;5
124;M;2006;Mathis;124
33;F;2007;Alexia;33
6;F;2007;Eliza;6
12;M;2007;Lukas;12
9;M;2008;Cameron;9
14;F;2008;Lindsay;14
33;M;2008;Mamadou;33
6;F;2008;Neela;6
13;M;2009;Arnaud;13
72;F;2009;Ava;72
10;M;2009;Franck;10
243;M;2009;Maxime;243
36;F;2004;Cécile;36
33;M;2004;Ibrahim;33
14;F;2005;Candice;14
19;F;2005;Dina;19
5;F;2005;Prudence;5
211;F;2022;Alma;211
16;M;2022;Zayd;16
9;M;2022;Aron;9
7;M;2022;Dov;7
6;M;2004;Alon;6
54;F;2004;Célia;54
8;M;2004;Yani;8
41;F;2005;Constance;41
5;F;2005;Elona;5
5;F;2005;Maëline;5
13;M;2005;Paolo;13
9;F;2005;Yousra;9
9;F;2006;Abigaël;9
8;M;2006;Adama;8
6;F;2006;Amélia;6
5;M;2011;Ylan;5
6;F;2012;Alessia;6
5;M;2012;Jacob;5
5;M;2012;Kim;5
5;F;2013;Camilia;5
26;M;2023;Alexis;26
54;F;2024;Fatima;54
33;M;2024;Jean;33
26;F;2024;Amira;26
26;M;2024;Gaël;26
13;F;2024;Gabriela;13
9;M;2024;Constantin;9
9;M;2024;Soren;9
8;F;2024;Aaliyah;8
115;M;2024;Jules;115
61;M;2024;Antoine;61
7;F;2024;Gia;7
7;M;2024;Aimé;7
16;M;2023;Kylian;16
11;F;2023;Asma;11
69;M;2024;Achille;69
61;F;2024;Léna;61
7;M;2024;Wael;7
36;F;2024;Lucie;36
10;F;2024;Zita;10
31;M;2022;Adem;31
14;F;2022;Kayla;14
8;F;2022;Vittoria;8
6;M;2022;Johan;6
8;M;2023;Siméon;8
36;M;2024;Jad;36
35;M;2024;Marcel;35
18;M;2024;Idris;18
10;F;2024;Mahault;10
6;F;2024;Éva;6
5;F;2024;Lys;5
73;F;2024;Léonie;73
61;M;2024;Camille;61
26;M;2024;Edgar;26
9;M;2024;George;9
5;F;2024;Haya;5
124;M;2023;Léo;124
9;M;2023;Kyan;9
39;M;2022;Lucien;39
48;M;2022;Issa;48
11;M;2022;Aloïs;11
9;M;2022;Theo;9
5;F;2022;Yaëlle;5
14;F;2004;Alyssa;14
47;M;2004;Titouan;47
61;F;2005;Sara;61
27;F;2005;Shirel;27
8;M;2004;Marwane;8
5;F;2004;Maureen;5
7;F;2004;Nicole;7
8;M;2004;Paulin;8
36;M;2004;Rémi;36
7;M;2011;Willy;7
16;F;2012;Amélia;16
10;F;2012;Lea;10
163;M;2012;Jules;163
11;F;2012;Tessa;11
88;F;2013;Mathilde;88
11;F;2013;Milla;11
72;F;2013;Olivia;72
218;M;2013;Victor;218
30;F;2015;Elia;35
7;F;2016;Assiya;7
8;M;2016;Mattéo;8
27;M;2016;Yann;27
11;M;2017;Zachary;11
7;F;2018;Naïa;7
5;M;2006;Paul-Emile;5
13;F;2006;Yaël;13
24;F;2007;Eugénie;24
6;M;2008;Mario;6
15;F;2009;Viviane;15
10;M;2010;Oumar;10
13;F;2011;Angelina;13
49;F;2021;Albane;49
8;F;2013;Catherine;8
19;F;2013;Colombe;19
18;M;2013;Soren;18
64;F;2020;Aya;64
9;M;2014;Abdoul;9
45;F;2020;Garance;45
42;M;2014;Ayoub;42
10;F;2004;Inés;10
40;M;2014;Hadrien;40
16;F;2004;Joana;16
40;M;2014;Lenny;40
11;M;2004;Joris;11
19;M;2014;Mattéo;19
6;M;2004;Louka;6
5;F;2015;Adélie;5
8;M;2004;Briac;8
7;F;2015;Hind;7
7;M;2015;Khalil;7
9;M;2015;Thibaut;9
5;M;2016;Jimmy;5
11;M;2016;Luc;11
8;M;2016;Lukas;8
10;F;2016;Talia;10
5;F;2017;Alycia;5
26;F;2017;Amélia;26
130;M;2017;Oscar;130
6;M;2017;Pharell;6
12;M;2018;Matéo;12
18;M;2018;Oumar;18
187;M;2019;Victor;187
5;M;2006;Emeric;5
6;M;2006;Hicham;6
7;F;2006;Katell;7
5;M;2007;Alon;5
26;M;2007;Bilal;26
38;M;2007;Erwan;38
11;F;2007;Maïwenn;11
17;M;2007;Marwan;17
6;M;2007;Roy;6
5;F;2008;Inaya;5
11;F;2008;Ludivine;11
44;M;2008;Robin;44
17;F;2009;Ema;17
5;F;2009;Honorine;5
6;F;2009;Lylia;6
20;M;2009;Matéo;20
8;M;2009;Neil;8
11;F;2009;Tina;11
5;F;2010;Lune;5
18;M;2010;Melvil;18
6;M;2010;Nil;6
17;F;2010;Prune;17
12;M;2010;Yohann;12
11;M;2011;Alessio;11
132;F;2011;Anna;132
6;M;2011;Kelyan;6
5;M;2011;Kenzy;5
10;F;2011;Mariame;10
26;F;2011;Ninon;26
24;F;2011;Pénélope;24
5;M;2020;Eytan;5
7;M;2021;Enguerrand;7
7;M;2019;Imrân;7
6;F;2019;Isra;6
5;M;2019;Moïse;5
5;F;2019;Zeynep;5
30;M;2020;Djibril;30
21;F;2020;Joy;21
12;F;2020;Maxime;12
5;F;2023;Florence;5
5;F;2023;Tal;5
8;M;2024;Yann;8
6;F;2024;Aylin;6
47;F;2023;Lucie;47
34;F;2023;Mathilde;34
7;F;2023;Alyah;7
10;F;2024;Lucy;10
7;M;2024;Angelo;7
5;F;2024;Gaia;5
107;M;2009;Noé;107
175;F;2010;Léa;175
12;M;2010;Mayeul;12
13;M;2010;Walid;13
8;M;2010;Yani;8
5;F;2011;Anabelle;5
12;M;2011;Jérémy;12
17;F;2011;Kelly;17
35;F;2011;Lise;35
5;M;2004;Alvin;5
8;F;2004;Eline;8
5;F;2005;Mouna;5
34;F;2004;Marguerite;34
25;F;2006;Astrid;25
39;F;2006;Eléonore;39
5;F;2006;Hafsa;5
156;M;2006;Samuel;156
7;M;2024;Dan;7
5;F;2007;Lauren;5
6;M;2024;Yunus;6
10;F;2007;Maelys;10
5;F;2024;Azel;5
6;M;2007;Mickael;6
28;M;2007;Milan;28
15;F;2008;Auriane;15
17;M;2008;Damien;17
23;F;2008;Léane;23
11;M;2009;Adrian;11
5;M;2009;Amar;5
21;M;2009;Aurèle;21
13;F;2009;Liv;13
5;F;2009;Meriam;5
16;M;2010;Aloïs;16
22;M;2010;Damien;22
50;M;2010;Ibrahim;50
21;F;2010;Jessica;21
23;M;2010;Malik;23
15;F;2011;Norah;15
13;F;2011;Sacha;178
5;M;2011;Steven;5
5;F;2004;Althéa;5
7;F;2004;Elona;7
15;F;2004;Fatou;15
16;M;2004;Ferdinand;16
23;F;2005;Ariane;23
11;F;2005;Cléa;11
8;F;2005;Hermine;8
120;F;2005;Lisa;120
7;F;2006;Alizée;7
5;M;2004;Léo-Paul;5
5;F;2004;Maayane;5
29;F;2004;Ninon;29
9;F;2012;Ema;9
6;F;2012;Flavie;6
6;F;2012;Klara;6
5;F;2012;Mariem;5
13;M;2013;Dorian;13
22;M;2013;Dylan;22
6;M;2013;Iyed;6
24;M;2013;Jad;24
6;F;2013;Johanne;6
5;F;2013;Sabrine;5
40;F;2013;Sophia;40
5;M;2013;Thibaud;5
76;F;2014;Alix;85
18;M;2014;Eliot;18
9;M;2014;Jack;9
18;M;2015;Erwan;18
20;F;2015;Mya;20
89;F;2015;Valentine;89
5;F;2018;Ayana;5
8;M;2018;Aydan;8
9;M;2018;Jude;9
19;M;2018;Lorenzo;19
22;M;2018;Saul;22
8;M;2018;Yahya;8
105;M;2019;Maxime;105
33;F;2019;Thaïs;33
19;F;2019;Rita;19
9;F;2019;Elyssa;9
7;M;2019;Éden;7
7;F;2019;Avril;7
6;M;2019;Dany;6
11;F;2020;Malia;11
7;F;2020;Leonor;7
5;F;2020;Divine;5
21;F;2021;Louison;21
75;M;2022;Marius;75
7;M;2022;Viktor;7
6;M;2022;Rayane;6
198;F;2024;Louise;198
35;M;2024;William;35
6;M;2022;Joel;6
11;F;2018;Billie;11
7;F;2018;Carmen;7
19;M;2019;Hadrien;19
8;M;2019;Jude;8
15;M;2006;Elyas;15
16;M;2006;Melchior;16
6;M;2007;Lounis;6
129;M;2007;Mohamed;129
7;M;2008;Kyle;7
26;M;2008;Nael;26
5;F;2006;Eryne;5
13;M;2006;Farès;13
11;F;2006;Lia;11
17;M;2007;Ange;17
27;F;2007;Eve;27
17;M;2007;Ilyès;17
5;F;2007;Ketsia;5
8;M;2007;Loan;8
5;M;2007;Marouane;5
14;M;2007;Melchior;14
8;M;2008;Abderrahmane;8
6;F;2008;Gaëlle;6
5;F;2008;Kimberley;5
8;M;2008;Leandro;8
23;M;2008;Luka;23
26;F;2008;Raphaëlle;26
8;F;2009;Kahina;8
65;F;2010;Aya;65
8;M;2010;Fabio;8
16;F;2011;Aïssatou;16
6;F;2011;Barbara;6
74;M;2011;Benjamin;74
13;M;2011;Matéo;13
36;M;2004;Emile;36
5;M;2004;Tidiane;5
15;M;2005;Cédric;15
45;M;2005;Kevin;45
29;F;2005;Louna;29
20;M;2005;Marin;20
17;F;2005;Sonia;17
28;F;2004;Madeleine;28
15;F;2004;Marilou;15
5;F;2004;Naïs;5
49;F;2004;Noa;72
5;F;2011;Viktoria;5
8;M;2012;Calvin;8
7;F;2012;Ophélie;7
67;M;2013;Edgar;67
7;F;2013;Haya;7
16;M;2013;Sam;16
38;F;2013;Sophie;38
6;F;2014;Isadora;6
9;F;2015;Anissa;9
9;M;2015;Aron;9
61;F;2015;Garance;61
8;M;2015;Ilyès;8
36;F;2016;Aïcha;36
6;F;2016;Ayah;6
8;F;2016;Eliana;8
92;F;2016;Iris;92
20;F;2017;Aliénor;20
9;F;2017;Binta;9
5;F;2017;Grâce;5
5;F;2017;Maïssane;5
17;M;2017;Timéo;17
57;M;2018;Alexis;57
148;M;2018;Lucas;148
12;F;2018;Safia;12
292;M;2019;Adam;292
29;M;2019;Ezra;29
12;M;2019;Malick;12
6;F;2019;Perla;6
17;F;2020;Fatou;17
12;F;2020;Alia;12
11;F;2020;Aria;11
8;M;2020;Aïden;8
7;M;2021;Thibault;7
5;F;2021;Dora;5
8;M;2023;Yaya;8
5;F;2024;Miriam;5
120;M;2014;Oscar;120
29;F;2014;Pénélope;29
25;F;2015;Albane;25
8;F;2015;Colombe;8
76;F;2015;Margot;76
8;F;2015;Marnie;8
11;F;2016;Gaïa;11
6;F;2016;Kelly;6
74;F;2016;Romy;74
5;M;2017;Lélio;5
9;F;2018;Flora;9
10;F;2018;Melissa;10
9;M;2006;Ian;9
5;F;2007;Aimée;5
5;F;2008;Abigaëlle;5
11;M;2008;Cheick;11
6;M;2010;Christopher;6
10;F;2010;Milena;10
37;F;2011;Manel;37
5;M;2011;Mickael;5
6;M;2011;Samson;6
34;F;2021;Sophie;34
29;F;2021;Castille;29
16;M;2021;Kayden;16
14;M;2021;Abdoul;14
6;F;2021;Leyla;6
49;F;2020;Constance;49
5;M;2023;Jassim;5
51;F;2024;Margot;51
27;M;2024;Younes;27
22;F;2024;Mina;22
14;M;2024;Lorenzo;14
21;F;2022;Philippine;21
5;M;2024;Élias;5
85;F;2024;Chloé;85
14;M;2024;Étienne;14
12;F;2024;Laura;12
5;F;2023;Aissata;5
6;F;2005;Armance;6
7;F;2005;Isra;7
9;M;2024;Jonathan;9
5;F;2005;Naëlle;5
8;F;2024;Marthe;8
12;M;2004;Matis;12
5;F;2024;Nélya;5
10;M;2004;Raphael;10
6;F;2012;Danaé;6
7;M;2013;Albin;7
6;F;2014;Alizée;6
9;F;2016;Rebecca;9
34;M;2017;Ayden;34
8;F;2017;Imany;8
9;F;2017;India;9
5;M;2017;Siaka;5
48;F;2018;Aminata;48
16;F;2018;Anastasia;16
51;F;2024;Elena;51
6;M;2022;Alpha;6
5;F;2022;Léo;5
77;M;2024;Ismaël;77
5;F;2024;Leonor;5
65;M;2012;Lucien;65
5;F;2013;Alycia;5
14;F;2013;Andréa;19
9;F;2013;Claudia;9
10;F;2013;Ethel;10
5;F;2013;Olga;5
6;M;2014;Aliou;6
10;M;2014;Alphonse;10
32;M;2014;Arsène;32
9;F;2014;Gaïa;9
10;F;2014;Maxime;184
6;F;2016;Clélia;6
12;F;2017;Maylis;12
6;M;2010;Melvin;6
8;M;2011;Ronan;8
10;M;2004;Clovis;10
6;F;2021;Aylin;6
5;F;2021;Amélie;5
5;M;2021;Miguel;5
6;M;2004;Yanni;6
19;M;2005;Matis;19
13;M;2005;Souleymane;13
61;F;2005;Violette;61
6;F;2017;Eliza;6
6;F;2018;Goundo;6
34;M;2018;Mehdi;34
10;F;2018;Rym;10
174;M;2019;Isaac;174
10;M;2006;Boris;10
12;F;2007;Clotilde;12
5;M;2007;Emir;5
36;F;2007;Sophie;36
112;M;2007;Théo;112
111;M;2009;Martin;111
15;F;2010;Aïssatou;15
13;F;2010;Émilie;13
16;M;2010;Jérémie;16
14;F;2010;Mahaut;14
13;M;2010;Mateo;13
14;F;2011;Ludivine;14
8;F;2011;Sohane;8
13;F;2005;Aïssata;13
7;F;2005;Ambrine;7
42;M;2005;Mehdi;42
132;M;2005;Rayan;132
31;F;2021;Ellie;31
12;M;2021;Naïl;12
6;F;2006;Armance;6
10;F;2006;Emily;10
5;F;2006;Leonor;5
13;F;2006;Loane;13
45;F;2006;Marine;45
14;M;2006;Philippe;14
10;M;2006;Youcef;10
12;F;2007;Asma;12
24;F;2007;Awa;24
5;F;2007;Séléna;5
135;M;2007;Yanis;135
20;M;2008;Ilan;20
10;F;2008;Joana;10
10;F;2008;Prune;10
121;M;2008;Rayan;121
27;M;2009;Corentin;27
122;M;2009;Léo;122
43;M;2009;Mamadou;43
5;M;2009;Terence;5
5;M;2010;Livio;5
6;F;2010;Malia;6
6;M;2010;Stan;6
25;F;2011;Awa;25
5;F;2011;Aylin;5
180;F;2011;Juliette;180
306;F;2011;Louise;306
15;F;2011;Nayla;15
9;M;2004;Christopher;9
58;F;2004;Sofia;58
5;F;2005;Ikram;5
7;M;2005;Ilhan;7
17;F;2005;Ludivine;17
7;F;2005;Tina;7
10;M;2004;Ilyès;10
10;M;2004;Matias;10
6;F;2012;Emmanuelle;6
6;M;2012;Giulio;6
7;M;2012;Jason;7
5;M;2012;Joan;5
8;F;2012;Léonor;8
15;F;2012;Mona;15
8;F;2013;Eulalie;8
14;F;2013;Maïmouna;14
14;F;2013;Ombeline;14
5;M;2014;Alpha;5
8;M;2014;Andrew;8
33;F;2014;Bérénice;33
12;F;2014;Elina;12
8;F;2014;Elyne;8
9;F;2014;Lia;9
74;F;2014;Lisa;74
6;F;2015;Kendra;6
5;F;2015;Matilde;5
88;F;2016;Agathe;88
5;M;2016;Joaquim;5
15;M;2006;Boubacar;15
5;M;2006;Nizar;5
33;M;2006;Roman;33
6;F;2006;Tasnim;6
9;F;2007;Cléophée;9
6;F;2007;Naya;6
5;M;2007;Zakary;5
13;F;2008;Keren;13
17;F;2008;Rebecca;17
10;F;2009;Carmen;10
16;F;2009;Éléonore;16
30;F;2009;Marine;30
6;F;2009;Moïra;6
7;M;2009;Steven;7
7;M;2010;Emilien;7
13;F;2010;Fatou;13
19;M;2010;François;19
5;F;2010;Hind;5
7;M;2010;Philémon;7
5;M;2010;Sebastian;5
8;F;2010;Thalia;8
39;M;2011;Edgar;39
8;M;2011;Farès;8
17;F;2011;Flora;17
6;F;2011;Isra;6
10;F;2011;Lylia;10
5;F;2011;Sadio;5
13;F;2011;Serena;13
7;F;2004;Aurélia;7
15;M;2004;Balthazar;15
84;F;2004;Carla;84
5;F;2004;Violaine;5
16;F;2005;Anastasia;16
8;M;2005;Nikola;8
7;M;2011;Xavier;7
12;F;2012;Astrid;12
98;M;2012;Baptiste;98
15;M;2012;Karim;15
17;F;2012;Norah;17
5;F;2013;Auriane;5
12;F;2013;Talia;12
80;M;2013;Théo;80
13;F;2013;Zahra;13
40;M;2014;Joachim;40
6;M;2015;Firas;6
14;F;2015;Mariama;14
29;F;2016;Louisa;29
8;F;2016;Nadine;8
16;M;2017;Alex;16
6;M;2017;Giulio;6
8;F;2017;Miral;8
8;F;2018;Aicha;8
9;F;2018;Coumba;9
9;F;2016;Mahault;9
9;F;2016;Rosa;9
12;F;2016;Shirel;12
5;F;2016;Sia;5
7;F;2017;Catherine;7
22;F;2017;Chiara;22
7;F;2017;Fatou;7
7;F;2017;Maimouna;7
5;M;2017;Maksim;5
6;M;2017;Michel;6
38;F;2017;Selma;38
84;M;2018;Amir;84
9;F;2018;Eléanore;9
5;F;2018;Firdaws;5
48;M;2018;Ilyes;48
36;F;2018;Laura;36
17;M;2018;Mathéo;17
22;F;2019;Laura;22
8;F;2019;Azélie;8
7;F;2019;Béryl;7
51;M;2020;Achille;51
24;F;2020;Lyna;24
14;F;2020;Flore;14
11;M;2020;Kevin;11
11;M;2020;Mahamadou;11
9;M;2020;Ilyane;9
9;M;2020;Joaquim;9
8;M;2020;Ayan;8
28;F;2021;Livia;28
13;F;2021;Maxime;13
9;F;2021;Soline;9
5;M;2018;Nayel;5
54;F;2018;Sasha;74
107;M;2019;Nathan;107
19;M;2019;Aboubacar;19
18;F;2019;Carmen;18
8;M;2019;Cheikh;8
6;M;2019;Nolhan;6
5;M;2019;Aimé;5
51;M;2020;Georges;51
16;F;2020;Sirine;16
8;M;2020;Alessio;8
7;M;2020;Louka;7
6;F;2020;Elyne;6
187;M;2021;Isaac;187
50;M;2021;Théodore;50
14;F;2021;Éline;14
145;M;2008;Gaspard;145
14;F;2008;Marina;14
6;M;2009;Idris;6
6;M;2009;Marwane;6
43;M;2009;Naël;43
10;F;2010;Elodie;10
8;M;2010;Keziah;8
103;F;2010;Rose;103
7;F;2011;Nicole;7
19;M;2011;Nils;19
18;F;2004;Sirine;18
8;M;2005;Malek;8
37;M;2023;Orso;37
12;M;2022;Iyed;12
6;F;2022;Sira;6
21;F;2024;Zélie;21
8;F;2024;Éléna;8
5;M;2024;Soulayman;5
5;F;2004;Ikrame;5
6;F;2011;Yasmina;6
5;F;2012;Coralie;5
10;M;2012;Ibrahima;10
21;M;2012;Ilyan;21
37;F;2012;Naomi;37
9;F;2013;Aline;9
7;M;2013;Gaspar;7
9;M;2013;Lysandre;9
6;M;2013;Marwane;6
5;F;2014;Goundo;5
22;M;2015;Ibrahima;22
8;M;2017;Aristide;8
30;F;2018;Albane;30
9;M;2018;Hélios;9
226;F;2018;Louise;226
5;F;2018;Saly;5
9;F;2006;Emeline;9
54;F;2006;Maya;54
19;M;2006;Niels;19
18;F;2007;Aurélie;18
11;M;2007;Elio;11
5;F;2007;Emi;5
5;F;2007;Haya;5
9;F;2007;Joyce;9
8;F;2007;Malak;8
20;F;2009;Amira;20
8;F;2009;Isis;8
12;M;2010;Andréa;12
10;M;2010;Lou;10
102;M;2005;Axel;102
5;F;2005;Zahra;5
6;F;2020;Naïma;6
48;M;2021;Kaïs;48
5;M;2021;Filip;5
6;F;2019;Kadidja;6
33;M;2020;Joachim;33
26;F;2016;Elya;26
40;M;2016;Henri;40
11;M;2024;Nassim;11
5;M;2020;Yuri;5
27;M;2021;Mouhamed;27
26;M;2021;Mohammed;26
30;M;2020;Ilyas;30
158;M;2004;Julien;158
11;M;2004;Nadir;11
17;F;2012;Ellie;17
27;F;2012;Syrine;27
35;F;2013;Eugénie;35
24;M;2014;Elyas;24
26;F;2015;Claire;26
16;M;2015;Malik;16
9;M;2015;Marley;9
6;M;2015;Yannick;6
5;F;2016;Maja;5
7;F;2016;Salimata;7
8;F;2017;Ayline;8
33;M;2017;Mamadou;33
9;M;2017;Yoann;9
6;F;2018;Georgia;6
13;F;2019;Maëva;13
89;F;2024;Ava;89
28;M;2024;Isaiah;28
26;M;2024;Benjamin;26
21;F;2024;Astrid;21
15;M;2024;Sami;15
6;M;2013;Dario;6
6;M;2014;Aubin;6
14;M;2014;Elyes;14
19;F;2015;Anastasia;19
11;M;2015;Matthias;11
132;M;2018;Liam;132
5;M;2006;Billal;5
13;M;2008;Lou;13
5;F;2009;Alana;5
22;M;2009;Luka;22
22;M;2010;Elliot;22
26;F;2010;Naomi;26
45;F;2021;Salomé;45
7;F;2020;Nicole;7
191;F;2017;Chloé;191
60;F;2017;Clémence;60
6;M;2018;Constant;6
10;F;2018;Halima;10
25;M;2018;Owen;25
164;M;2019;Gaspard;164
45;M;2019;Naïm;45
43;M;2019;Nicolas;43
21;M;2019;Hippolyte;21
16;F;2019;Helena;16
14;F;2019;Prune;14
7;M;2006;Gaston;7
42;M;2006;Grégoire;42
11;M;2006;Moustapha;11
6;F;2006;Soraya;6
12;F;2007;Mahaut;12
6;F;2007;Manar;6
7;M;2008;Elijah;7
8;F;2008;Hind;8
9;F;2008;Jenna;9
29;M;2008;Malo;29
19;M;2008;Timéo;19
5;M;2008;Yessine;5
50;M;2008;Youssef;50
7;F;2009;Amalia;7
9;M;2009;Elouan;9
21;F;2009;Oumou;21
13;F;2010;Anastasia;13
31;M;2010;Emile;31
8;M;2010;Thibaut;8
28;F;2011;Albane;28
5;M;2011;Alec;5
17;M;2011;Anton;17
5;F;2020;Liza;5
6;M;2021;Giovanni;6
8;F;2019;Ida;8
8;M;2020;Elouan;8
7;F;2020;Soumaya;7
7;F;2019;Adja;7
18;M;2020;Leo;18
13;F;2020;Pénélope;13
12;M;2021;Alan;12
153;F;2006;Alice;153
9;F;2004;Lauren;9
5;M;2006;Barthélemy;5
9;M;2007;Elijah;9
36;M;2008;Vincent;36
6;F;2009;Imene;6
6;F;2009;Maëline;6
46;F;2009;Noa;79
5;M;2013;Cameron;5
11;M;2013;Waël;11
22;F;2014;Ninon;22
10;F;2014;Sonia;10
18;F;2015;Neyla;18
7;F;2016;Joey;7
7;F;2016;Khady;7
7;M;2016;Warren;7
8;F;2017;Alyssa;8
7;F;2018;Avril;7
49;F;2010;Eléonore;49
145;M;2010;Enzo;145
5;F;2010;Karine;5
37;M;2010;Rayane;37
5;F;2010;Sakina;5
19;F;2011;Hélène;19
10;M;2011;Lyam;10
15;F;2023;Safiya;15
8;F;2023;Ashley;8
6;F;2022;Louve;6
9;M;2012;Nathanael;9
5;F;2012;Swann;13
9;M;2014;Aidan;9
20;M;2014;Olivier;20
77;M;2014;Théo;77
12;F;2014;Yara;12
15;F;2015;Angèle;15
69;M;2015;Baptiste;69
6;M;2015;Charlie;6
6;M;2015;Nathaniel;6
16;F;2015;Tessa;16
13;F;2016;Ayline;13
8;F;2016;Laetitia;8
26;F;2012;Lena;26
6;M;2012;Louison;6
5;M;2013;Matthew;5
31;F;2013;Selma;31
16;M;2014;Alex;16
7;F;2015;Shana;7
10;F;2016;Alyssa;10
60;M;2016;Malo;60
11;F;2012;Lucia;11
6;F;2012;Maïly;6
17;M;2012;Mateo;17
102;F;2012;Mathilde;102
46;F;2012;Mia;46
81;M;2012;Valentin;81
5;M;2012;Ziyad;5
128;F;2013;Anna;128
11;F;2013;Candice;11
15;M;2013;Dimitri;15
12;M;2013;Elijah;12
5;F;2013;Lyla;5
7;F;2013;Malia;7
12;M;2013;Melvil;12
155;M;2013;Thomas;155
8;F;2014;Élina;8
12;F;2014;Leonor;12
61;F;2014;Romy;61
6;F;2015;Christine;6
10;F;2015;Fanny;10
5;M;2015;Idrissa;5
5;F;2015;Iman;5
205;M;2015;Jules;205
11;F;2015;Maïmouna;11
6;M;2016;Cyrus;6
66;M;2016;Gustave;66
6;F;2016;Iliana;6
28;F;2016;Lilia;28
24;F;2016;Livia;24
5;F;2016;Natacha;5
14;M;2016;Sekou;14
12;F;2017;Amalia;12
9;F;2017;Bertille;9
6;F;2017;Éléa;6
37;M;2017;Milo;37
41;F;2017;Pia;41
9;F;2018;Farah;9
38;F;2018;Jana;38
18;F;2018;Nélia;18
9;F;2019;Zoey;9
7;M;2010;Christ;7
11;M;2010;Emir;11
7;M;2010;Lazar;7
8;M;2010;Lubin;8
7;F;2011;Auriane;7
20;M;2011;Dorian;20
13;F;2011;Lilya;13
12;M;2004;Adrian;12
5;F;2004;Charlie;12
9;M;2004;Gautier;9
5;F;2020;Matilde;5
22;M;2021;Saul;22
12;M;2021;Zayd;12
10;M;2021;Eli;10
5;M;2021;Imad;5
6;F;2005;Aurélia;6
6;F;2005;Célina;6
5;M;2005;Ludovic;5
90;F;2023;Lou;90
7;M;2023;Bastien;7
5;M;2023;Damian;5
13;F;2024;Carla;13
5;F;2024;Evy;5
7;F;2022;Naëlle;7
34;M;2004;Esteban;34
32;M;2021;Idriss;32
5;F;2021;Saskia;5
22;M;2024;Mathias;22
8;F;2023;Coline;8
7;M;2023;Joey;7
15;M;2023;Élio;15
9;M;2023;Malick;9
7;M;2023;Lazar;7
7;M;2023;Nathaniel;7
6;M;2023;Ilyès;6
9;F;2023;Gina;9
97;F;2023;Jade;97
11;M;2023;Lorenzo;11
24;F;2024;Théa;24
30;F;2023;Lisa;30
7;F;2023;Perla;7
6;M;2023;Michael;6
6;F;2023;Fatim;6
36;M;2022;Kaïs;36
26;F;2022;Sophie;26
7;F;2012;Sandra;7
9;F;2012;Wendy;9
7;M;2013;Bilel;7
5;M;2016;Aymeric;5
26;F;2016;Chiara;26
9;M;2016;Idrissa;9
49;M;2016;Milo;49
21;F;2016;Salma;21
5;F;2018;Naïs;5
5;M;2018;Vassily;5
371;M;2019;Gabriel;371
18;M;2019;Abdoul;18
15;F;2019;Nayla;15
29;F;2010;Hawa;29
13;M;2010;Kenny;13
53;F;2010;Madeleine;53
38;M;2010;Noa;38
5;F;2010;Youmna;5
12;F;2004;Ashley;12
8;M;2021;Clovis;8
48;F;2005;Marion;48
54;M;2005;Mattéo;54
6;F;2005;Rim;6
12;F;2019;Rosalie;12
11;F;2019;Eliana;11
5;F;2006;Camillia;5
12;F;2006;Diana;12
12;M;2006;Léandre;12
6;F;2007;Anaël;6
18;M;2007;Georges;18
27;M;2007;Kylian;27
90;F;2007;Lisa;90
12;M;2008;Arthus;12
37;M;2008;Basile;37
8;F;2008;Kiara;8
5;M;2009;Léo-Paul;5
5;F;2009;Tali;5
6;M;2009;Tidiane;6
78;F;2010;Apolline;78
6;F;2010;Binta;6
164;M;2010;Sacha;164
6;F;2011;Alizée;6
23;F;2011;Angèle;23
14;M;2011;Ernest;14
8;F;2019;Caroline;8
7;F;2019;Tenzin;7
60;F;2020;Mariam;60
9;F;2020;Abby;9
9;F;2020;Asma;9
11;F;2005;Émilie;11
5;M;2005;Igor;5
5;F;2005;Loïs;12
13;M;2005;Naël;13
106;M;2005;Théo;106
24;M;2006;Ambroise;24
8;F;2004;Maude;8
26;F;2004;Philippine;26
6;M;2018;Anthony;6
16;M;2018;Maximilien;16
11;M;2018;Rémi;11
43;M;2019;Anatole;43
25;M;2010;Naïm;25
47;M;2010;Nolan;47
297;M;2010;Raphaël;297
15;M;2010;Salim;15
9;F;2011;Nesrine;9
8;F;2020;Jihane;8
7;M;2020;Élio;7
6;M;2020;Yoann;6
5;M;2020;Faël;5
5;F;2021;Olive;5
11;M;2006;Macéo;11
5;F;2006;Maelle;5
5;F;2007;Elizabeth;5
33;F;2007;Lyna;33
63;F;2007;Margaux;63
39;F;2007;Paloma;39
38;M;2009;Achille;38
7;M;2009;Cameron;7
46;M;2009;Esteban;46
46;F;2009;Sasha;73
13;F;2004;Amel;13
7;M;2005;Issam;7
7;F;2005;Rivka;7
9;F;2006;Adélaïde;9
6;M;2023;Etienne;6
5;F;2023;Clotilde;5
9;F;2017;Daria;9
6;M;2017;Logan;6
290;M;2017;Raphaël;290
28;M;2017;Roméo;28
31;M;2018;Abdoulaye;31
64;M;2018;Abel;64
5;F;2018;Cléophée;5
5;F;2018;Firdaous;5
151;F;2018;Inès;151
5;M;2018;Maé;5
5;M;2018;Yasser;5
14;M;2019;Constantin;14
6;M;2004;Idris;6
12;F;2005;Mahaut;12
14;M;2005;Marwane;14
34;M;2005;Noam;34
8;M;2005;Ylan;8
6;F;2004;Latifa;6
5;M;2022;Amar;5
6;M;2023;Paulin;6
5;F;2023;Eve;5
20;M;2022;Mohammed;20
6;M;2022;Uriel;6
7;F;2016;Zayneb;7
14;F;2017;Diana;14
9;F;2017;Lucia;9
6;M;2018;Nathaël;6
62;F;2018;Valentine;62
9;M;2004;Angelo;9
6;M;2004;Ylan;6
13;M;2005;Ariel;13
15;M;2005;James;15
24;F;2005;Lana;24
9;F;2005;Maéva;9
9;M;2012;Mael;9
20;M;2012;Matteo;20
8;M;2012;Nolhan;8
77;F;2012;Olivia;77
8;M;2013;Loan;8
120;M;2013;Simon;120
21;F;2014;Andréa;33
9;F;2014;Ernestine;9
13;M;2014;Lior;13
33;F;2015;Aminata;33
23;F;2015;Eugénie;23
7;M;2015;Gabriele;7
31;M;2015;Julien;31
149;F;2015;Juliette;149
32;M;2015;Luca;32
5;F;2015;Maissa;5
5;F;2016;Frida;5
43;F;2016;Sara;43
5;F;2017;Anne-Marie;5
17;M;2017;Bastien;17
221;F;2017;Louise;221
7;F;2017;Safa;7
18;F;2018;Clémentine;18
6;M;2018;Mohamed-Lamine;6
48;F;2019;Capucine;48
12;F;2019;Salimata;12
8;M;2019;Tim;8
6;F;2005;Camelia;6
27;F;2005;Elena;27
11;F;2005;Hajar;11
27;M;2005;Liam;27
7;M;2005;Loïs;7
106;M;2005;Martin;106
10;F;2022;Malak;10
5;M;2022;Aharon;5
5;M;2022;Yann;5
14;M;2020;Mayron;14
10;M;2020;Levi;10
5;F;2020;Meryem;5
166;M;2021;Léo;166
30;F;2021;Elise;30
16;F;2021;Maïssa;16
11;F;2021;Tess;11
8;M;2021;Yacoub;8
26;F;2004;Léonie;26
5;F;2006;Elisheva;5
6;F;2006;Jennifer;6
15;F;2006;Thaïs;15
5;M;2006;Valentino;5
5;F;2007;Fatim;5
18;F;2007;Louane;18
60;M;2008;Amine;60
8;M;2008;Joris;8
9;F;2008;Mélodie;9
53;F;2008;Mila;53
36;F;2008;Stella;36
8;F;2008;Ysé;8
20;M;2009;Dimitri;20
22;F;2009;Hélène;22
39;F;2009;Léonie;39
31;M;2009;Loïc;31
5;M;2009;Maé;5
14;F;2009;Maïlys;14
5;M;2009;Marcel;5
9;F;2010;Carmen;9
6;F;2010;Danaé;6
106;M;2010;Rayan;106
8;F;2011;Cléa;8
6;F;2011;Ilona;6
25;M;2011;Kylian;25
46;M;2011;Mehdi;46
8;M;2011;Souleyman;8
6;F;2004;Abigaël;6
20;M;2004;Bruno;20
32;F;2004;Eugénie;32
48;F;2020;Elsa;48
35;M;2020;Arsène;35
13;M;2020;Milann;13
9;M;2020;Élias;9
5;M;2020;Maho;5
21;M;2021;Owen;21
20;M;2021;Isaiah;20
18;M;2021;Antonin;18
13;F;2021;Marguerite;13
9;F;2021;Marwa;9
9;M;2021;Tidiane;9
9;M;2021;Titouan;9
6;F;2021;Isée;6
5;M;2021;Thierno;5
15;M;2011;Wael;15
6;M;2012;Joaquim;6
26;M;2012;Théophile;26
19;F;2013;Anissa;19
143;M;2013;Antoine;143
6;M;2013;Lilian;6
9;F;2013;Lou-Ann;9
21;M;2013;Matthias;21
46;M;2013;Nicolas;46
8;F;2014;Cléa;8
7;M;2014;Emilio;7
29;F;2014;Lyna;29
37;M;2014;Milan;37
11;F;2014;Tina;11
82;M;2015;Charles;82
34;M;2015;Kylian;34
5;M;2015;Marvin;5
16;M;2015;Ryan;16
6;F;2016;Liza;6
8;M;2016;Pharell;8
21;F;2017;Bintou;21
10;F;2017;Elyne;10
8;F;2018;Assiya;8
18;M;2019;Samy;18
142;F;2006;Charlotte;142
23;F;2006;Domitille;23
5;F;2006;Klara;5
9;F;2023;Lehna;9
8;F;2023;Aïna;8
6;F;2023;Abigaël;6
6;F;2023;Layan;6
5;F;2023;Nawa;5
46;M;2012;Achille;46
5;F;2012;Elvire;5
22;M;2012;Elyes;22
5;M;2013;Filip;5
22;M;2013;Gaston;22
11;F;2013;Hanaé;11
29;F;2013;Lise;29
22;M;2013;Marin;22
5;M;2014;Frédéric;5
5;M;2014;Gautier;5
45;F;2014;Julie;45
18;M;2014;Lyam;18
5;F;2014;Méllina;5
34;F;2015;Daphné;34
117;M;2015;Hugo;117
13;M;2015;Iyed;13
8;F;2015;Mahault;8
7;F;2015;Simone;7
58;F;2015;Sophia;58
118;F;2015;Zoé;118
5;F;2016;Noah;145
7;M;2017;Andy;7
161;M;2017;Augustin;161
20;F;2017;Billie;20
11;M;2017;Cheikh;11
45;F;2017;Elisa;45
11;M;2017;Elyes;11
5;F;2017;Helena;5
5;F;2017;Laurine;5
146;M;2018;Oscar;146
8;M;2018;Sébastien;8
22;M;2019;Thibault;22
42;M;2006;Kylian;42
5;F;2006;Leila;5
247;M;2006;Louis;247
232;F;2006;Sarah;232
5;F;2007;Emmy;5
5;F;2007;Grâce;5
14;M;2007;Richard;14
165;M;2007;Sacha;165
35;F;2008;Daphné;35
30;M;2008;Rayane;30
8;M;2008;Vianney;8
5;F;2009;Charlize;5
78;F;2009;Victoire;78
18;F;2004;Amira;18
15;M;2004;Yannis;15
139;M;2005;Baptiste;139
9;M;2005;Jason;9
13;M;2005;Melvin;13
7;M;2005;Moustapha;7
7;M;2005;Pierre-Antoine;7
11;M;2005;Tanguy;11
5;F;2006;Amanda;5
7;M;2004;Rafaël;7
6;M;2010;Firas;6
9;F;2010;Hiba;9
33;M;2011;César;33
28;F;2011;Eve;28
5;F;2011;Tiana;5
9;M;2021;Marco;9
8;F;2021;Sana;8
16;F;2020;Esmée;16
26;M;2020;Ruben;26
14;M;2020;Eugène;14
10;F;2021;Amaya;10
10;F;2021;Sonia;10
63;F;2022;Maya;63
17;M;2022;Marc;17
9;F;2022;Léana;9
21;M;2005;Léopold;21
5;F;2005;Liora;5
9;M;2005;Selim;9
43;M;2020;Henri;43
12;F;2012;Dahlia;12
52;F;2012;Eden;77
9;F;2012;Laure;9
5;F;2012;Sanaa;5
20;M;2013;Esteban;20
15;M;2013;Florian;15
12;M;2013;Leo;12
22;M;2013;Luka;22
5;M;2014;Abishan;5
21;F;2014;Aliyah;21
9;M;2014;Cheick;9
6;M;2014;Thierno;6
15;F;2015;Clotilde;15
67;M;2015;Ulysse;67
16;M;2016;Bilal;16
10;M;2016;El;10
32;M;2016;Ernest;32
14;F;2016;Malak;14
25;M;2016;Nils;25
99;M;2016;Thomas;99
6;M;2017;Aloïs;6
56;M;2017;Lucien;56
6;F;2017;Yaël;6
9;M;2018;Louison;9
22;F;2018;Louna;22
7;F;2018;Malia;7
11;M;2018;Xavier;11
19;F;2019;Judith;19
13;F;2019;Yaël;13
19;M;2004;Wassim;19
7;M;2005;Alec;7
30;M;2005;Armand;30
7;M;2019;Tancrède;7
6;M;2019;Maximilian;6
8;F;2019;Coumba;8
5;F;2019;Tali;5
48;M;2020;Jean;48
45;M;2020;Alexis;45
34;F;2020;Lily;34
12;M;2020;Logan;12
10;M;2020;Hassan;10
16;F;2021;Mélina;16
8;F;2021;Lucy;8
5;F;2021;Jemima;5
15;F;2012;Bintou;15
6;F;2012;Elina;6
7;M;2012;Eloan;7
34;F;2012;Giulia;34
123;F;2012;Manon;123
12;F;2012;Marwa;12
5;F;2012;Shaïna;5
11;M;2013;Archibald;11
71;M;2013;Camille;71
236;F;2013;Chloé;236
7;F;2013;Lucille;7
5;F;2013;Nicole;5
6;M;2015;Ange;6
7;F;2015;Ayline;7
5;M;2017;Loan;5
18;F;2017;Maxine;18
25;M;2007;Djibril;25
15;F;2012;Fleur;15
7;F;2012;Lahna;7
6;F;2012;Maé;6
6;M;2012;Nabil;6
7;M;2012;Wael;7
12;M;2013;Christian;12
5;F;2013;Kim;5
24;F;2013;Livia;24
38;M;2013;Mathieu;38
25;F;2013;Nora;25
5;M;2013;Reda;5
5;F;2013;Thanina;5
22;M;2014;Djibril;22
7;M;2015;Édouard;7
12;F;2012;Eline;12
103;F;2013;Adèle;103
20;M;2017;Ezra;20
23;M;2017;Mathéo;23
7;F;2017;Nélya;7
70;M;2018;Adrien;70
13;M;2018;Soren;13
12;M;2019;Zakarya;12
10;M;2019;Ayan;10
10;F;2019;Athéna;10
7;F;2010;Célestine;7
9;F;2010;Michelle;9
6;M;2010;Rodrigue;6
8;M;2011;Mael;8
9;F;2021;Ayana;9
7;M;2021;Jimmy;7
6;F;2005;Erine;6
19;M;2005;Karl;19
9;M;2005;Zachary;9
19;M;2012;Jonas;19
28;F;2012;Maria;28
21;F;2013;Khadija;21
46;M;2014;Octave;46
36;M;2015;Amaury;36
144;F;2016;Charlotte;144
5;M;2016;John;5
5;M;2017;Assil;5
27;M;2017;Elliot;27
7;F;2017;Mathilda;7
17;M;2019;Zayn;17
15;F;2019;Soline;15
12;F;2019;Eléa;12
18;M;2006;Zacharie;18
5;F;2007;Ayline;5
5;M;2007;Brayan;5
242;M;2008;Paul;242
20;F;2009;Axelle;20
5;F;2009;Marylou;5
11;M;2010;Jordan;11
17;M;2010;Souleymane;17
23;F;2021;Violette;23
19;M;2021;Ismael;19
17;M;2021;Alex;17
15;M;2021;Youri;15
6;M;2021;Ilyane;6
12;F;2020;Arya;12
11;F;2004;Liora;11
5;F;2006;Arielle;5
20;M;2006;Ayoub;20
81;F;2006;Laura;81
6;M;2007;Badis;6
6;M;2007;Tim;6
8;F;2008;Aliya;8
5;M;2008;Dario;5
6;M;2008;Mateja;6
5;M;2009;Frédéric;5
5;F;2009;Martha;5
5;F;2009;Suzie;5
30;M;2020;Omar;30
9;F;2020;Layana;9
8;M;2020;Jonathan;8
6;M;2020;Maxim;6
13;F;2005;Elina;13
85;F;2005;Lola;85
32;F;2005;Marguerite;32
7;M;2005;Matt;7
32;M;2004;Killian;32
11;F;2004;Ophélie;11
6;F;2022;Elizabeth;6
6;F;2022;Inayah;6
9;F;2018;Miral;9
16;M;2019;Adel;16
18;F;2020;Amira;18
7;M;2020;Joey;7
6;F;2020;Alyssa;6
98;F;2021;Agathe;98
7;M;2021;Priam;7
6;F;2021;Ève;6
5;F;2021;Mazarine;5
14;F;2022;Safiya;14
9;M;2022;Mady;9
6;M;2022;Yacouba;6
84;F;2012;Lisa;84
88;F;2012;Valentine;88
27;F;2013;Pénélope;27
28;M;2015;Arsène;28
24;M;2015;Haroun;24
19;F;2015;Malak;19
13;F;2015;Nine;13
110;M;2015;Noé;110
5;F;2015;Razane;5
5;F;2016;Anaelle;5
6;F;2017;Héléna;6
7;F;2018;Tahel;7
15;M;2019;Sam;15
12;F;2019;Haya;12
10;F;2006;Khadija;10
11;M;2006;Kyllian;11
6;M;2006;Leny;6
11;F;2006;Viviane;11
46;M;2007;Evan;46
8;M;2007;Thibaud;8
12;M;2009;Iyad;12
21;F;2010;Albane;21
5;F;2011;Eglantine;5
10;M;2011;Hassan;10
12;M;2011;Louka;12
14;F;2011;Nine;14
15;F;2021;Aicha;15
45;M;2023;Malo;45
5;F;2023;Aïssa;5
9;M;2004;Steeve;9
6;F;2005;Éléa;6
6;M;2005;Reda;6
7;M;2019;Theodore;7
9;F;2020;Nayla;9
5;F;2004;Meïssane;5
7;F;2004;Asma;7
8;M;2004;Fabio;8
60;F;2024;Juliette;60
18;F;2024;Eugénie;18
80;F;2011;Yasmine;80
38;F;2012;Esther;38
19;F;2012;Irène;19
5;M;2012;Moché;5
8;M;2012;Nahil;8
14;M;2012;Soren;14
5;M;2012;Vianney;5
7;M;2013;Célian;7
20;M;2013;Ilian;20
10;F;2013;Rahma;10
7;F;2015;Zeinab;7
11;M;2017;Lukas;11
45;M;2018;Tristan;45
52;M;2012;Abel;52
7;M;2012;Bakary;7
6;F;2012;Olympia;6
6;F;2012;Tatiana;6
6;M;2013;Calixte;6
28;M;2013;Théophile;28
10;M;2015;Aidan;10
5;M;2015;Aïssa;5
8;M;2015;Emir;8
6;F;2015;Loane;6
7;F;2015;Shirel;7
14;F;2017;Éloïse;14
13;F;2017;Hafsa;13
43;F;2018;Maryam;43
17;M;2018;Timéo;17
10;F;2019;Fatim;10
27;M;2005;Eric;27
5;F;2012;Linda;5
31;F;2012;Sirine;31
25;M;2012;Souleymane;25
49;F;2013;Madeleine;49
9;F;2013;Nine;9
5;F;2013;Noha;11
15;F;2013;Thaïs;15
9;M;2014;Sekou;9
18;F;2014;Sixtine;18
5;F;2014;Tasnim;5
6;M;2015;Elyes;6
13;M;2015;Fares;13
10;M;2015;Farès;10
6;F;2015;Solange;6
9;F;2017;Aaliyah;9
10;M;2017;Boubacar;10
18;M;2018;Amadou;18
11;F;2018;Amelia;11
11;F;2018;Gloria;11
6;M;2018;Lubin;6
9;M;2018;Walid;9
26;F;2024;Léonore;26
13;M;2024;Leonardo;13
7;M;2024;Swan;7
21;F;2022;Joy;21
15;M;2022;Kylian;15
18;F;2018;Naomie;18
13;M;2019;Salim;13
17;M;2020;Philippe;17
8;F;2020;Talya;8
11;F;2005;Olympe;11
42;M;2005;Ryan;42
29;F;2005;Suzanne;29
5;F;2004;May;5
182;M;2012;Antoine;182
12;M;2013;Naïl;12
8;F;2013;Samira;8
19;F;2014;Elya;19
8;F;2014;Manelle;8
27;M;2015;Elyas;27
5;F;2015;Yasmina;5
10;M;2016;Younès;10
6;M;2017;Angelo;6
5;M;2017;Levi;5
22;F;2017;Salma;22
18;M;2019;Edouard;18
43;F;2006;Constance;43
7;F;2006;Tatiana;7
7;F;2006;Ysée;7
12;M;2007;Ariel;12
78;M;2007;Benjamin;78
6;M;2007;Calixte;6
6;F;2007;Kiara;6
10;M;2007;Marco;10
7;F;2007;Marylou;7
51;M;2007;Mathéo;51
37;M;2007;Milo;37
6;F;2008;Aude;6
15;F;2008;Colette;15
46;F;2008;Eden;54
10;M;2008;Marvin;10
44;M;2008;Mathias;44
87;M;2008;Romain;87
34;F;2009;Alexandra;34
5;F;2009;Basma;5
6;M;2009;Eugène;6
9;F;2009;Maylis;9
9;F;2009;Nayla;9
8;M;2010;Josué;8
7;F;2010;Nelly;7
23;M;2010;Owen;23
143;M;2010;Samuel;143
9;M;2011;Aloïs;9
6;M;2011;Brieuc;6
6;M;2004;Aris;6
9;M;2004;Emilien;9
6;M;2019;Enguerrand;6
5;M;2019;Louison;5
5;F;2019;Odélia;5
63;F;2020;Céleste;63
5;M;2005;Avi;5
9;M;2005;Boubacar;9
5;M;2020;Arlo;5
5;M;2020;Skander;5
5;F;2020;Zahara;5
14;F;2021;Manel;14
7;F;2021;Léane;7
19;F;2004;Jasmine;19
6;F;2004;Louane;6
43;M;2004;Maël;43
5;F;2004;Morganne;5
78;F;2004;Noémie;78
14;F;2018;Kayla;14
17;F;2019;Charline;17
16;F;2019;Julie;16
9;F;2007;Shaïna;9
51;M;2008;Guillaume;51
6;M;2009;Kelyan;6
6;M;2009;Maceo;6
37;F;2010;Aïcha;37
15;F;2010;Malak;15
12;F;2011;Ema;12
6;F;2020;Maud;6
6;F;2020;Perla;6
124;M;2021;Sacha;124
7;F;2019;Saran;7
28;M;2020;Souleymane;28
8;M;2020;Bilel;8
9;F;2015;Haya;9
17;F;2015;Lya;17
5;M;2015;Prince;5
5;F;2015;Suzie;5
25;M;2015;Timéo;25
7;F;2016;Janna;7
7;M;2016;Jean-Baptiste;7
74;M;2016;Naël;74
17;F;2016;Nelya;17
8;M;2016;Selim;8
5;M;2017;Enguerrand;5
36;M;2017;Joachim;36
6;F;2017;Milena;6
6;M;2017;Sebastian;6
8;M;2017;Tidiane;8
5;F;2018;Aurélia;5
13;F;2018;Océane;13
22;F;2018;Soumaya;22
80;F;2019;Ella;80
43;F;2019;Lisa;43
36;F;2019;Nora;36
25;F;2019;Izia;25
24;M;2019;Ibrahima;24
23;M;2019;Sasha;23
9;M;2019;Ayaan;9
12;F;2010;Anne;12
11;F;2010;Eline;11
85;F;2010;Elise;85
8;F;2010;Lucille;8
7;F;2010;Nélia;7
7;F;2010;Ramata;7
37;F;2011;Assia;37
8;M;2011;Cameron;8
5;M;2011;Hadriel;5
5;M;2011;Maé;5
70;F;2011;Sara;70
11;M;2023;Ryan;11
9;M;2022;Logan;9
8;M;2022;Silas;8
34;M;2022;Adrien;34
14;M;2012;Ferdinand;14
8;M;2012;Matisse;8
9;F;2013;Dounia;9
37;M;2013;Matthieu;37
16;M;2014;Gaël;16
7;F;2015;Carolina;7
57;M;2023;Amir;57
44;M;2023;Ezra;44
36;F;2023;Manon;36
15;F;2023;Roma;15
6;F;2012;Assil;6
6;M;2012;Mikail;6
5;F;2013;Aglaé;5
47;M;2013;Joachim;47
10;M;2013;John;10
10;F;2013;Leila;10
5;F;2013;Noemi;5
5;M;2014;Adame;5
8;M;2014;Aly;8
11;M;2014;Charly;11
35;F;2014;Luna;35
25;F;2014;Nélia;25
6;M;2014;Ronan;6
8;F;2014;Selena;8
11;F;2015;Aria;11
5;F;2015;Aurélie;5
126;F;2015;Manon;126
6;F;2015;Maÿlis;6
6;F;2015;Zineb;6
22;F;2016;Alya;22
6;F;2016;Eleanor;6
7;F;2016;Gabriela;7
5;F;2016;Naïma;5
8;M;2017;Jonathan;8
6;M;2018;Eymen;6
92;F;2018;Romane;92
46;F;2019;Fatima;46
5;M;2020;Hélio;5
16;M;2021;Darius;16
13;M;2020;Marcus;13
38;F;2006;Olivia;38
162;F;2007;Léa;162
12;F;2007;Olympe;12
6;F;2017;Félicie;6
10;M;2018;Cheikh;10
13;M;2019;Matéo;13
11;F;2019;Maxime;11
11;F;2006;Anaé;11
9;F;2004;Maïssa;9
6;F;2009;Savannah;6
80;F;2009;Valentine;80
26;M;2010;Omar;26
7;F;2011;Célestine;7
5;F;2019;Adélie;5
19;M;2020;Esteban;19
7;M;2020;Karim;7
7;M;2020;Leon;7
31;F;2012;Lucile;31
6;F;2012;Miya;6
5;F;2012;Zineb;5
21;F;2013;Amélie;21
6;M;2023;Zack;6
103;M;2013;Liam;103
8;M;2013;Tim;8
6;F;2015;Caroline;6
14;F;2015;Céline;14
13;F;2015;Eve;13
6;M;2015;Lisandro;6
36;F;2015;Lyna;36
12;M;2015;Sam;12
10;M;2015;Yacouba;10
21;F;2016;Ana;21
8;M;2016;Gary;8
10;F;2016;Lara;10
12;F;2016;Mellina;12
7;M;2016;Nour;7
37;M;2016;Vadim;37
88;M;2017;Côme;88
29;M;2017;Léandre;29
5;F;2017;Loïs;12
25;F;2017;Théa;25
7;M;2018;Justin;7
49;M;2018;Pierre;49
76;M;2019;Valentin;76
41;F;2019;Elena;41
17;F;2019;Aicha;17
16;M;2019;Neil;16
13;M;2019;Dimitri;13
11;M;2019;Yusuf;11
18;M;2006;Eloi;18
58;M;2006;Florian;58
107;M;2006;Martin;107
10;F;2006;Olga;10
6;F;2007;Ilana;6
64;F;2007;Justine;64
26;M;2007;Maximilien;26
107;F;2007;Nina;107
24;M;2007;Omar;24
5;F;2007;Yona;5
6;M;2007;Younès;6
8;M;2008;Elio;8
10;F;2008;Fatou;10
13;F;2008;Gabriela;13
29;F;2008;Jasmine;29
5;M;2008;Marlon;5
5;F;2008;Neïla;5
5;M;2008;Szymon;5
37;M;2008;Théophile;37
8;M;2008;Zachary;8
24;F;2009;Angèle;24
8;F;2009;Béatrice;8
9;F;2009;Emmie;9
146;F;2009;Manon;146
7;M;2009;Reda;7
11;M;2010;Arthus;11
12;F;2010;Clarisse;12
5;F;2011;Cosima;5
47;M;2011;Marius;47
24;M;2011;Timéo;24
21;F;2021;Maïmouna;21
19;M;2021;Tristan;19
114;F;2020;Joséphine;114
52;F;2020;Roxane;52
6;F;2020;Alyah;6
42;M;2004;Edouard;42
12;M;2004;Timothé;12
124;F;2005;Anaïs;124
52;M;2005;Ibrahim;52
5;M;2011;Yvan;5
5;M;2012;Idrissa;5
5;F;2012;Jehanne;5
6;M;2012;Patrick;6
8;M;2013;Gaël;8
6;F;2013;Shyrel;6
11;M;2013;Swann;11
126;M;2014;Antoine;126
7;M;2014;Bradley;7
14;F;2014;Flore;14
41;M;2014;Nicolas;41
9;F;2014;Shirel;9
47;F;2014;Thaïs;47
9;M;2015;Aksil;9
160;F;2015;Anna;160
13;F;2015;Fatou;13
31;F;2015;Lena;31
9;F;2016;Angela;9
9;F;2016;Camila;9
16;M;2016;François;16
6;M;2004;Cyriaque;6
66;F;2004;Héloïse;66
19;M;2004;Ibrahima;19
9;M;2005;Aksel;9
5;M;2005;Tommy;5
8;F;2004;Karine;8
10;F;2004;Lilas;10
44;M;2004;Mamadou;44
17;M;2011;Walid;17
6;M;2012;Dario;6
17;F;2012;Flora;17
6;M;2012;Mendel;6
116;M;2012;Théo;116
5;M;2013;Abderrahmane;5
7;F;2013;Delphine;7
6;M;2013;Ilhan;6
57;F;2013;Iris;57
17;M;2013;Mahamadou;17
39;M;2013;Mehdi;39
47;M;2013;Nolan;47
17;F;2013;Norah;17
11;M;2013;Thibaut;11
7;M;2014;Bryan;7
36;M;2014;Matthieu;36
32;M;2014;Thibault;32
6;F;2015;Alyah;6
7;M;2015;Aubin;7
7;F;2015;Eliana;7
5;M;2015;Rémy;5
13;M;2016;Elyas;13
10;F;2016;Hélène;10
6;F;2016;Johanne;6
6;M;2016;Kenny;6
7;F;2016;Tina;7
29;M;2017;Ahmed;29
12;F;2017;Maxime;121
7;F;2017;Noura;7
7;M;2017;Yacoub;7
8;F;2018;Aylin;8
5;F;2018;Liz;5
10;M;2018;Louka;10
115;F;2019;Inès;115
13;M;2019;Youcef;13
8;M;2019;Jean-Baptiste;8
23;F;2006;Chaïma;23
7;F;2006;Irina;7
72;F;2006;Margot;72
9;M;2006;Siméon;9
7;F;2006;Tina;7
12;F;2007;Adélaïde;12
19;F;2007;Ana;19
61;M;2007;Jean;61
5;M;2007;Jude;5
14;M;2007;Kamil;14
10;M;2007;Leo;10
26;M;2008;Nino;26
22;M;2008;Olivier;22
5;F;2008;Salomée;5
57;M;2009;Amine;57
17;F;2009;Andréa;26
7;M;2009;Carl;7
40;M;2009;Gabin;40
23;F;2010;Charlie;60
5;M;2010;Markus;5
14;M;2010;Rémy;14
9;M;2010;Xavier;9
5;M;2011;Akram;5
5;F;2011;Armelle;5
21;M;2011;Charlie;21
5;F;2011;Charlize;5
5;F;2011;Fantine;5
11;M;2011;Jérémie;11
41;M;2011;Lenny;41
36;F;2011;Mélissa;36
6;F;2020;Mayline;6
5;M;2020;Racim;5
25;M;2021;Ariel;25
15;M;2021;Marc;15
6;F;2021;Imane;6
6;M;2021;Warren;6
7;F;2019;Dune;7
6;F;2019;Elly;6
6;F;2019;Kadidiatou;6
6;F;2019;Naïa;6
5;M;2019;Zakariya;5
93;F;2020;Mila;93
66;M;2020;Thomas;66
5;F;2016;Leïna;5
18;M;2016;Mathieu;18
7;F;2017;Isabella;7
6;F;2017;Kadiatou;6
9;F;2017;Paola;9
11;F;2017;Rosa;11
7;M;2017;Seydou;7
21;M;2017;Sohan;21
177;F;2018;Anna;177
66;M;2018;Baptiste;66
15;F;2018;Imane;15
5;F;2018;Mathilda;5
82;F;2019;Suzanne;82
21;F;2019;Célia;21
19;M;2019;Ismaïl;19
9;M;2019;Aris;9
9;F;2019;Elia;9
8;M;2006;Badis;8
6;M;2006;Calvin;6
12;F;2006;Maylis;12
22;F;2006;Mina;22
45;F;2007;Stella;45
11;F;2009;Aliyah;11
9;F;2009;Anaé;9
18;F;2009;Brune;18
30;M;2009;Diego;30
11;M;2009;Florent;11
143;F;2009;Lucie;143
5;F;2009;Manuela;5
10;M;2010;Guilhem;10
24;F;2010;Judith;24
6;M;2010;Mickael;6
8;M;2010;Saul;8
5;F;2010;Stéphanie;5
11;M;2011;Aboubacar;11
11;M;2011;Darius;11
5;F;2011;Georgia;5
13;F;2011;Naëlle;13
40;M;2011;Noham;40
5;M;2020;Francesco;5
5;F;2020;Ina;5
68;M;2021;Aylan;68
41;M;2021;Zayn;41
34;F;2021;Awa;34
22;F;2021;Selma;22
5;F;2021;Lea;5
5;F;2021;Yousra;5
242;M;2020;Arthur;242
68;F;2020;Maya;68
18;F;2020;Aliyah;18
7;M;2020;Ishaq;7
7;F;2020;Aïssata;7
9;M;2004;Arthus;9
18;F;2004;Christine;18
30;F;2004;Suzanne;30
25;F;2004;Tess;25
12;M;2005;Ferdinand;12
28;M;2005;Jean-Baptiste;28
15;M;2005;Lassana;15
8;F;2012;Anya;8
16;F;2012;Hélène;16
10;F;2012;Scarlett;10
6;M;2013;Akram;6
17;F;2013;Cassandre;17
6;F;2013;Eliza;6
38;F;2013;Hanna;38
20;M;2013;Idriss;20
10;F;2013;Jana;10
7;M;2013;Romeo;7
26;M;2014;Diego;26
56;F;2014;Elisa;56
5;F;2014;Lily-Rose;5
5;F;2014;Noura;5
35;M;2014;Romain;35
5;M;2014;Stefan;5
81;F;2015;Agathe;81
11;M;2015;Alessandro;11
10;M;2015;Andy;10
65;F;2015;Léna;65
18;F;2015;Tess;18
23;F;2016;Aurore;23
7;F;2016;Lucia;7
59;M;2016;Ulysse;59
9;M;2017;Alexander;9
9;F;2017;Hadja;9
8;F;2017;Sadio;8
7;F;2017;Zita;7
11;F;2018;Aria;11
13;F;2018;Elina;13
11;M;2018;Joaquim;11
23;M;2019;Elliot;23
20;F;2019;Lilya;20
18;M;2019;Pio;18
10;F;2019;Kady;10
5;F;2006;Dalia;5
37;F;2006;Eugénie;37
44;F;2006;Lilou;44
31;M;2006;Malo;31
27;F;2006;Ninon;27
112;F;2006;Pauline;112
6;F;2006;Sira;6
14;F;2006;Tessa;14
45;F;2007;Eléonore;45
25;M;2007;Kévin;25
5;M;2007;Pacôme;5
6;F;2007;Shani;6
77;F;2008;Margaux;77
5;M;2008;Ronan;5
9;M;2008;Wesley;9
10;M;2009;Gianni;10
172;F;2009;Jeanne;172
8;M;2009;Lyes;8
5;M;2010;Anir;5
9;M;2011;Albert;9
20;F;2011;Emy;20
5;F;2011;Kadidia;5
64;F;2021;Maya;64
56;M;2021;Hector;56
8;F;2021;Malika;8
8;F;2019;Emily;8
6;F;2019;Linda;6
6;F;2019;Ombeline;6
5;F;2019;Joudia;5
17;M;2020;Matteo;17
8;F;2020;Anya;8
5;F;2004;Tracy;5
10;F;2005;Agnès;10
5;M;2005;Éric;5
8;M;2005;Farès;8
9;M;2005;Giovanni;9
209;M;2005;Jules;209
12;F;2005;Oumou;12
18;M;2004;Mickaël;18
5;F;2012;Aurélia;5
27;F;2012;Brune;27
6;M;2012;Josh;6
5;M;2013;Giulio;5
5;F;2013;Loubna;5
8;M;2013;Nabil;8
16;F;2014;Amélie;16
6;M;2014;Aris;6
31;F;2014;Eloïse;31
20;M;2014;Émile;20
5;F;2014;Emmanuelle;5
16;M;2014;Erwan;16
7;F;2014;Hiba;7
8;F;2014;Layane;8
67;M;2015;Benjamin;67
6;M;2015;Rayen;6
6;F;2015;Sylvie;6
6;M;2016;Karl;6
15;F;2016;Lya;15
6;M;2016;Stan;6
30;M;2017;Antonin;30
9;F;2017;Khady;9
41;F;2017;Lola;41
34;M;2018;Émile;34
34;M;2018;Joachim;34
5;F;2018;Keziah;5
24;M;2019;Élie;24
16;M;2019;Iyad;16
16;F;2019;Emilia;16
43;M;2006;Eliot;43
11;M;2006;Matias;11
21;M;2006;Nils;21
13;M;2007;Arnaud;13
31;M;2007;Noa;31
107;M;2007;Oscar;107
13;M;2008;Emilien;13
19;F;2008;Shana;19
17;F;2009;Louisa;17
5;M;2009;Mouhamad;5
31;M;2009;Théodore;31
33;M;2010;Armand;33
9;M;2010;Demba;9
11;M;2010;Théophane;11
43;M;2011;Achille;43
5;M;2011;Josué;5
12;F;2011;Maud;12
11;F;2021;Eloïse;11
9;F;2021;Isabelle;9
6;F;2021;Zoe;6
5;F;2019;Elodie;5
73;M;2020;Ulysse;73
15;F;2020;Isra;15
10;M;2020;Yossef;10
6;M;2020;Niels;6
99;F;2024;Joséphine;99
7;M;2024;Julian;7
6;F;2024;Saran;6
8;M;2023;Eren;8
5;M;2023;Hedy;5
12;F;2022;Eléna;12
7;M;2022;Swan;7
6;F;2022;Camelia;6
5;M;2022;Leonard;5
85;F;2023;Ella;85
94;F;2023;Lina;94
13;F;2023;Fatou;13
5;F;2023;Mélissa;5
74;M;2023;Eliott;74
25;F;2023;Camélia;25
14;M;2023;Harry;14
45;F;2024;Camille;45
37;M;2024;Thomas;37
12;F;2006;Delphine;12
15;F;2007;Fatima;15
9;M;2007;Nael;9
11;M;2009;Vladimir;11
28;M;2009;Walid;28
10;M;2011;Melchior;10
52;M;2004;Florian;52
7;M;2012;Akram;7
29;M;2012;Alex;29
6;F;2015;Kayla;6
9;M;2016;Andreas;9
23;M;2023;Kayden;23
21;M;2023;Emile;21
54;M;2012;Côme;54
5;F;2012;Katell;5
25;M;2012;Rémi;25
11;F;2015;Amélia;11
18;M;2015;André;18
59;M;2015;Hector;59
5;F;2017;Ruby;5
6;F;2017;Alina;6
88;F;2017;Alix;103
90;M;2017;Ibrahim;90
5;M;2017;Kévin;5
19;M;2017;Milan;19
6;M;2017;Yvan;6
19;F;2018;Louisa;19
99;M;2019;Basile;99
22;F;2019;Bianca;22
188;M;2020;Mohamed;188
10;M;2020;Aly;10
86;F;2021;Julia;86
39;M;2021;Sohan;39
20;F;2021;Jenna;20
9;F;2023;Avril;9
7;F;2023;Lea;7
39;F;2023;Nora;39
13;F;2023;Agnès;13
11;M;2023;Mathieu;11
49;F;2023;Léna;49
6;M;2023;Jessim;6
146;F;2012;Anna;146
26;F;2012;Claire;26
7;M;2012;Franck;7
31;M;2012;Max;31
6;F;2012;Meryem;6
18;F;2013;Elia;18
18;M;2013;Owen;18
7;M;2013;Zachary;7
5;F;2015;Assiya;5
5;F;2015;Florence;5
11;M;2015;Jack;11
15;M;2015;Julian;15
44;F;2016;Faustine;44
6;F;2016;Selena;6
17;M;2017;André;17
12;M;2024;Leo;12
60;F;2024;Fatoumata;60
41;M;2024;Tom;41
37;M;2024;Enzo;37
22;M;2024;Roman;22
69;M;2024;Félix;69
5;F;2024;Martha;5
7;F;2012;Elizabeth;7
8;M;2013;Aboubakar;8
7;F;2013;Ève;7
28;F;2013;Lucile;28
24;M;2014;Aksel;24
32;M;2014;Sami;32
12;F;2016;Leïla;12
10;F;2017;Lydia;10
158;F;2018;Rose;158
195;F;2019;Jeanne;195
8;F;2022;Marianne;8
5;M;2022;Namory;5
5;M;2022;Rémi;5
5;F;2023;Lilou;5
6;M;2024;Sofiane;6
5;F;2024;Aïssa;5
9;F;2019;Camila;9
8;M;2006;André;8
5;F;2006;Binta;5
5;F;2006;Mayane;5
51;M;2006;Ulysse;51
15;F;2007;Angelina;15
13;F;2007;Enora;13
9;M;2008;John;9
9;M;2008;Loïs;9
7;M;2009;Moustapha;7
5;F;2010;Camilia;5
120;F;2010;Clara;120
50;F;2010;Stella;50
11;M;2004;Gaston;11
6;M;2004;Ian;6
87;M;2020;Naël;87
76;F;2004;Victoria;76
11;M;2021;Samba;11
7;F;2021;Matilda;7
155;F;2004;Jeanne;155
189;F;2023;Alma;189
28;M;2023;Oumar;28
22;F;2023;Janna;22
10;F;2023;Korotoum;10
7;M;2023;Nassim;7
35;M;2024;Souleymane;35
13;F;2024;Athénaïs;13
9;M;2024;Henry;9
9;M;2024;Sidy;9
6;F;2024;Tahira;6
18;M;2024;Lamine;18
8;M;2024;Kahil;8
87;F;2023;Mia;87
14;M;2023;Aimé;14
10;F;2023;Maimouna;10
42;F;2021;Elena;42
7;M;2021;Mylan;7
5;F;2021;Olympia;5
20;F;2020;Anastasia;20
7;M;2020;Vasco;7
128;F;2022;Léa;128
5;M;2022;Ivan;5
6;F;2018;Eléna;6
12;F;2018;Lucile;12
19;F;2019;Pénélope;19
16;M;2006;Arthus;16
12;F;2006;Eulalie;12
55;M;2006;Evan;55
6;M;2006;Hélie;6
13;M;2006;Lukas;13
95;M;2006;Mathieu;95
14;F;2006;Sidonie;14
5;F;2007;Hajar;5
15;F;2008;Coumba;15
16;F;2008;Fanny;16
5;M;2008;Malek;5
9;F;2008;Milla;9
70;F;2008;Sara;70
7;M;2009;Emilio;7
23;M;2009;Ibrahima;23
23;F;2009;Jasmine;23
84;F;2009;Julia;84
9;F;2009;Melissa;9
6;F;2010;Arwen;6
9;M;2010;Cyprien;9
5;M;2010;Gary;5
5;F;2010;Octavie;5
136;M;2011;Adrien;136
13;F;2011;Clarisse;13
5;F;2011;Eloane;5
5;F;2011;Léopoldine;5
31;F;2011;Lilou;31
12;M;2011;Malik;12
91;F;2011;Victoire;91
29;F;2021;Hana;29
14;F;2021;Simone;14
14;M;2021;Alphonse;14
9;M;2021;Yusuf;9
6;M;2021;Racim;6
93;F;2020;Diane;93
21;M;2020;Soan;21
8;F;2020;Irina;8
6;M;2020;Leandro;6
7;M;2012;Ilhan;7
8;M;2012;Ilyès;8
5;F;2012;May;5
30;M;2013;Zakaria;30
20;F;2014;Dina;20
47;F;2014;Maëlys;47
10;M;2014;Mayeul;10
6;F;2014;Naëlle;6
24;F;2012;Aliénor;24
51;M;2012;Joshua;51
56;M;2012;Léonard;56
16;F;2012;Malak;16
219;M;2013;Alexandre;219
8;M;2013;Andreas;8
10;M;2013;Harry;10
22;F;2013;Mélina;22
5;F;2014;Anita;5
5;M;2014;Clarence;5
10;M;2014;Hassan;10
8;M;2014;Maximilian;8
7;F;2014;Noélie;7
7;M;2015;Filip;7
6;F;2015;Manuela;6
5;M;2015;Raoul;5
6;F;2015;Tatiana;6
12;F;2016;Axelle;12
5;M;2016;Florian;5
27;F;2016;Lyna;27
9;F;2016;Nelly;9
9;F;2017;Athéna;9
5;F;2017;Joanna;5
8;M;2017;Maxim;8
8;M;2017;Zayd;8
17;M;2018;Cheick;17
6;F;2018;Malika;6
17;M;2018;Matthieu;17
83;M;2019;Marceau;83
98;M;2021;Maël;98
19;M;2021;Mateo;19
8;M;2021;Eyal;8
7;M;2021;Jessim;7
5;M;2019;Artur;5
18;F;2020;Fanta;18
8;M;2020;Nil;8
6;F;2020;Cloé;6
7;F;2006;Bertille;7
9;F;2006;Fleur;9
8;F;2006;Louisa;8
40;M;2006;Thibault;40
7;M;2006;Vladimir;7
242;M;2007;Adam;242
8;M;2007;Arthus;8
50;F;2007;Ines;50
14;F;2007;Zélie;14
8;F;2008;Annabelle;8
7;F;2018;Adélie;7
100;M;2018;Basile;100
10;F;2018;Haya;10
21;M;2018;Rayane;21
49;F;2019;Liv;49
21;M;2005;Dan;21
13;F;2006;Leïla;13
15;M;2008;Niels;15
79;M;2009;David;79
47;M;2021;Alexis;47
11;F;2021;Diana;11
5;F;2021;Elynn;5
10;M;2012;Henry;10
23;M;2014;Nino;23
8;F;2014;Yaël;8
8;M;2014;Yahya;8
59;F;2015;Diane;59
7;M;2015;Issam;7
98;F;2015;Julia;98
34;M;2015;Octave;34
6;M;2016;Alec;6
5;F;2016;Calie;5
138;M;2016;Léon;138
5;F;2016;Maéva;5
56;M;2016;Octave;56
16;M;2016;Sohan;16
9;M;2017;Éloi;9
5;M;2018;Alioune;5
93;M;2018;Camille;93
11;M;2018;Emile;11
7;F;2018;Thalia;7
17;F;2019;Angèle;17
16;F;2019;Naïla;16
14;M;2019;Ferdinand;14
20;M;2010;Ambroise;20
5;M;2011;Éloi;5
11;M;2004;Vianney;11
25;M;2005;Killian;25
17;F;2005;Tara;17
18;M;2005;Tiago;18
8;M;2008;Nathaniel;8
20;F;2008;Selma;20
8;M;2008;Siméon;8
33;F;2008;Sophia;33
12;F;2008;Yaël;12
7;M;2009;Camil;7
6;F;2009;Daniela;6
18;F;2009;Louane;18
7;F;2009;Nelya;7
35;M;2009;Octave;35
44;M;2009;Robin;44
33;M;2010;Andrea;33
26;M;2010;Arsène;26
7;F;2010;Matilda;7
23;F;2011;Farah;23
48;M;2004;Basile;48
10;F;2004;Delphine;10
19;M;2004;Xavier;19
32;M;2005;Ali;32
30;M;2005;Anthony;30
5;M;2005;Chris;5
22;M;2005;Mathys;22
5;F;2005;Matilde;5
5;M;2005;Oskar;5
5;M;2006;Amara;5
15;M;2004;Ilias;15
14;M;2006;Allan;14
5;M;2019;Silas;5
5;F;2019;Anita;5
25;F;2020;Norah;25
15;F;2020;Assya;15
9;F;2020;Nine;9
24;M;2004;Omar;24
22;F;2004;Rosalie;22
6;F;2006;Anouck;6
6;F;2006;Erin;6
93;M;2006;Joseph;93
6;M;2006;Néo;6
8;F;2007;Alya;8
11;F;2007;Anaé;11
15;F;2007;Anissa;15
71;F;2007;Margot;71
7;M;2008;Amadou;7
5;F;2008;Erin;5
8;M;2008;Florent;8
47;F;2008;Ines;47
20;F;2008;Marguerite;20
9;M;2008;Nahil;9
8;M;2008;Rémy;8
17;F;2008;Rosalie;17
8;F;2009;Annaëlle;8
8;M;2009;Dany;8
5;M;2009;Khaled;5
59;F;2009;Léna;59
96;F;2009;Lisa;96
11;M;2009;Pacôme;11
5;M;2009;Zéphyr;5
7;M;2010;Alassane;7
38;F;2020;Éléonore;38
32;M;2020;Kaïs;32
7;F;2020;Mira;7
10;F;2020;Liyah;10
9;M;2020;Cheikh;9
6;F;2020;Esma;6
12;F;2004;Catherine;12
12;F;2004;Grace;12
6;M;2005;Evann;6
49;F;2005;Iris;49
13;F;2005;Maeva;13
6;F;2023;Zita;6
5;F;2023;Naava;5
17;F;2012;Augustine;17
163;F;2012;Camille;245
9;F;2012;Marguerite;9
7;F;2012;Méline;7
8;M;2013;Maxim;8
22;F;2014;Aliénor;22
127;M;2014;Thomas;127
86;F;2017;Anaïs;86
32;M;2017;Idriss;32
5;F;2017;Layla;5
57;M;2022;Octave;57
9;F;2022;Swann;9
8;F;2022;Liyah;8
6;M;2022;El;6
5;M;2022;Anselme;5
9;M;2022;Hillel;9
10;F;2017;Rokia;10
28;F;2018;Noa;57
15;F;2006;Maïssa;15
7;M;2006;Morgan;7
27;M;2007;Timothé;27
90;M;2008;Joseph;90
8;F;2010;Tiffany;8
5;F;2011;Aïna;5
13;M;2011;Bryan;13
6;M;2019;Étienne;6
5;M;2019;Alassane;5
12;F;2022;Cali;12
9;F;2022;Liya;9
27;F;2023;Célia;27
46;F;2022;Elena;46
14;F;2022;Leyna;14
6;F;2022;Fatimata;6
7;M;2010;Harry;7
21;M;2010;Matéo;21
23;M;2010;Pablo;23
14;F;2010;Scarlett;14
25;F;2010;Thaïs;25
7;M;2019;Paulin;7
5;F;2019;Leah;5
114;F;2020;Olivia;114
46;F;2020;Aïcha;46
22;F;2020;Rita;22
15;M;2020;Milhan;15
14;F;2020;Clémentine;14
21;F;2021;Sienna;21
14;F;2021;Mariame;14
6;F;2021;Shirel;6
17;M;2006;Lassana;17
8;M;2006;Laszlo;8
5;F;2007;Tasnime;5
8;F;2007;Zahra;8
49;M;2008;Côme;49
9;F;2009;Eulalie;9
6;M;2011;Vladimir;6
9;M;2012;Bryan;9
41;M;2012;Edgar;41
5;F;2012;Eunice;5
15;M;2012;Gaël;15
5;F;2012;Maïssane;5
10;F;2012;Philomène;10
10;F;2013;Elina;10
10;F;2013;Helena;10
36;M;2013;Marcel;36
85;M;2013;Pierre;85
5;M;2014;Haron;5
9;F;2014;Isra;9
5;F;2014;Myla;5
5;F;2014;Naïa;5
5;F;2014;Sandra;5
5;M;2014;Yohann;5
12;M;2014;Yossef;12
5;F;2015;Chelsea;5
5;M;2015;Sixte;5
58;M;2016;Elias;58
14;M;2016;Elijah;14
8;F;2016;Izia;8
21;M;2016;Mathéo;21
101;F;2016;Nina;101
52;F;2016;Salomé;52
21;F;2022;Célia;21
17;F;2022;Maïssa;17
12;F;2022;Tahel;12
8;F;2022;Elyana;8
7;F;2022;Ivy;7
5;M;2022;Robinson;5
50;M;2017;Marcel;50
6;M;2017;Xavier;6
19;F;2018;Claire;19
213;M;2019;Mohamed;213
12;F;2019;Coline;12
5;M;2006;Dov;5
5;M;2006;Ilies;5
7;F;2006;Wendy;7
6;M;2007;Kilyan;6
5;M;2007;Yoan;5
6;M;2008;Brayan;6
19;F;2008;Giulia;19
15;F;2008;Lydia;15
83;M;2008;Nicolas;83
322;F;2009;Louise;322
28;M;2009;Timéo;28
6;F;2010;Alima;6
96;M;2010;Baptiste;96
7;F;2010;Christelle;7
5;M;2010;Dario;5
11;F;2010;Maelys;11
44;M;2011;Ayoub;44
17;M;2011;Owen;17
12;M;2011;Sekou;12
5;F;2004;Coumba;5
8;F;2005;Syrine;8
8;F;2006;Aglaé;8
5;F;2019;Anouck;5
23;M;2020;Anton;23
18;M;2020;Pio;18
14;F;2020;Emilia;14
6;F;2020;Philomène;6
156;M;2021;Paul;156
29;F;2021;Cléo;29
26;F;2021;Kenza;26
12;M;2021;Johan;12
10;M;2021;Yaya;10
5;M;2021;Yunus;5
13;F;2004;Maïmouna;13
8;M;2017;Aden;8
25;F;2017;Ana;25
23;M;2017;Gaël;23
20;M;2017;Matteo;20
5;F;2017;Maud;5
5;F;2018;Elly;5
74;F;2019;Maya;74
50;M;2019;César;50
8;M;2019;Leonard;8
8;M;2005;Constant;8
5;F;2005;Fantine;5
23;F;2005;Mélanie;23
12;F;2005;Méline;12
27;M;2005;Nino;27
7;F;2004;Manal;7
9;M;2004;Moustapha;9
17;F;2012;Eve;17
8;F;2012;Leyna;8
20;F;2012;Liv;20
7;F;2012;Noor;7
8;M;2013;Alix;8
30;M;2013;Aurélien;30
20;F;2013;Elisabeth;20
22;F;2013;Eve;22
6;M;2013;Kays;6
13;F;2013;Kiara;13
5;M;2013;Mateusz;5
10;M;2013;Mayeul;10
16;F;2013;Sira;16
39;M;2013;William;39
25;F;2014;Claire;25
20;M;2014;Élie;20
5;M;2014;Malone;5
9;M;2014;Moustapha;9
27;M;2015;Idriss;27
7;F;2015;Thalia;7
5;F;2016;Daphnée;5
36;F;2016;Eden;85
9;M;2016;Ilyane;9
12;M;2016;Jaden;12
6;F;2017;Abigaïl;6
6;M;2015;Merlin;6
5;F;2015;Yesmine;5
39;F;2016;Alicia;39
88;M;2016;Charles;88
11;F;2016;Maylis;11
31;F;2017;Amina;31
64;M;2017;Gustave;64
8;F;2017;Rahma;8
10;F;2017;Selena;10
14;M;2017;Thibault;14
39;M;2018;Anatole;39
34;M;2018;Elie;34
18;M;2018;Iyad;18
8;F;2018;Maud;8
50;M;2018;Nolan;50
25;F;2010;Cassandre;25
30;F;2010;Hanna;30
64;F;2010;Joséphine;64
14;F;2010;Mélanie;14
27;M;2010;Tiago;27
117;M;2011;Rayan;117
5;F;2011;Téa;5
5;M;2017;Yanni;5
7;M;2017;Ylan;7
5;F;2018;Amicie;5
7;F;2018;Isra;7
5;F;2018;Jude;14
9;M;2018;Matis;9
74;F;2019;Nour;74
10;F;2019;Isis;10
10;F;2019;Tara;10
9;M;2019;Armel;9
5;M;2006;Josh;5
16;F;2006;Laetitia;16
5;F;2006;Tracy;5
12;F;2007;Liora;12
5;M;2007;Michael;5
10;M;2007;Mouhamed;10
6;M;2007;Philémon;6
10;M;2007;Sandro;10
5;M;2007;Swann;5
9;F;2008;Augustine;9
8;F;2008;Natalia;8
9;M;2009;Andréa;9
22;F;2009;Awa;22
13;M;2009;Darius;13
10;F;2009;Fatimata;10
7;F;2009;Sienna;7
34;M;2009;Yacine;34
5;M;2010;Andrei;5
8;F;2010;Fatimata;8
6;F;2010;Luz;6
10;M;2010;Michael;10
13;M;2010;Sébastien;13
19;M;2010;Zacharie;19
8;F;2011;Imène;8
77;F;2011;Mila;77
23;M;2011;Pablo;23
6;M;2011;Paolo;6
5;M;2006;Alone;5
7;F;2019;Hind;7
6;M;2019;Wissem;6
125;M;2020;Augustin;125
9;M;2020;Zayd;9
6;F;2021;Hind;6
11;F;2023;Yaël;11
5;M;2023;Abdourahmane;5
5;F;2023;Avital;5
32;F;2023;Sasha;32
11;M;2023;Tao;11
7;M;2023;Fares;7
23;M;2022;Ruben;23
11;M;2022;Milhan;11
101;M;2022;Augustin;101
26;M;2022;Ibrahima;26
10;M;2022;François;10
9;F;2022;Anaé;9
6;F;2004;Eléna;6
21;F;2004;Faustine;21
5;F;2004;Virginie;5
5;F;2005;Mélusine;5
15;F;2005;Nadia;15
9;F;2006;Aïssatou;9
23;M;2004;Noa;23
42;M;2012;Yacine;42
6;F;2013;Anaelle;6
12;M;2013;Bakary;12
7;M;2013;Joël;7
7;F;2014;Abigail;7
13;M;2014;Jordan;13
40;F;2015;Lily;40
23;M;2015;Roman;23
12;F;2015;Tasnim;12
5;M;2016;Amaël;5
5;M;2016;Meir;5
11;F;2016;Thalia;11
11;F;2017;Amel;11
16;F;2017;Philomène;16
221;M;2017;Victor;221
59;M;2018;Elias;59
56;F;2019;Léna;56
7;F;2006;Andrea;34
38;F;2006;Blanche;38
19;M;2006;Walid;19
8;F;2007;Aïda;8
19;M;2007;Balthazar;19
18;F;2007;Louisa;18
26;F;2007;Solène;26
9;F;2008;Gloria;9
10;M;2008;Loris;10
60;M;2010;Camille;60
37;F;2010;Lila;37
221;M;2010;Maxime;221
49;F;2010;Suzanne;49
5;M;2011;Eytan;5
15;M;2011;Leonardo;15
10;F;2011;Milena;10
52;M;2011;Octave;52
82;F;2011;Valentine;82
149;M;2021;Gaspard;149
48;M;2021;Pierre;48
36;M;2021;Benjamin;36
25;F;2021;Lara;25
5;F;2021;Barbara;5
5;F;2021;Kelly;5
27;M;2020;Armand;27
26;M;2020;Constantin;26
10;M;2020;Romain;10
10;F;2020;Layla;10
8;F;2020;Ombeline;8
7;M;2024;Logan;7
57;M;2022;Noam;57
15;M;2022;Matthieu;15
58;M;2024;Martin;58
19;M;2024;Aboubacar;19
9;F;2024;Aëlys;9
7;F;2024;Luz;7
7;F;2024;Lylia;7
40;F;2022;Aliénor;40
11;M;2022;Idris;11
5;M;2022;Mounir;5
5;M;2022;Zeyn;5
5;F;2022;Zina;5
20;M;2020;Zayn;20
11;F;2020;Grace;11
9;F;2020;Aline;9
48;F;2021;Roxane;48
13;F;2021;Evy;13
5;M;2021;Atlas;5
5;M;2004;Kamil;5
51;M;2006;Corentin;51
282;F;2006;Emma;282
13;F;2007;Ethel;13
146;M;2007;Rayan;146
7;M;2008;Youri;7
18;M;2009;Andy;18
18;F;2010;Elia;18
65;F;2010;Sara;65
19;F;2010;Tessa;19
12;M;2010;Vladimir;12
307;M;2011;Arthur;307
7;M;2011;Idris;7
12;M;2011;Maxim;12
127;F;2020;Lina;127
15;M;2020;Timéo;15
6;F;2021;Zeinab;6
6;F;2012;Alima;6
18;M;2012;Bilel;18
5;M;2012;Haroune;5
7;M;2012;Hayden;7
50;F;2012;Léna;50
104;F;2012;Lou;112
25;F;2012;Lyna;25
6;F;2012;Ysée;6
72;F;2013;Alix;80
41;F;2013;Emilie;41
94;F;2013;Eva;94
42;M;2013;Moussa;42
6;M;2014;Gaétan;6
5;F;2014;Kendra;5
21;F;2014;Louisa;21
23;F;2015;Bianca;23
5;F;2015;Firdaws;5
5;M;2015;Ismail;5
29;F;2015;Lana;29
32;M;2015;Wassim;32
22;F;2016;Anastasia;22
209;F;2016;Emma;209
6;M;2016;Gael;6
8;M;2016;Mady;8
5;M;2016;Tyler;5
47;F;2017;Alicia;47
6;F;2017;Hidaya;6
5;F;2017;Sandra;5
6;M;2017;Yaïr;6
99;F;2018;Mila;99
10;M;2019;Seydou;10
13;F;2006;Kadiatou;13
5;M;2006;Théophane;5
80;F;2007;Adèle;80
22;F;2007;Caroline;22
19;M;2007;Clovis;19
7;M;2007;Daouda;7
10;M;2007;Kaïs;10
6;F;2007;Shaïma;6
9;F;2007;Yasmina;9
74;F;2008;Lisa;74
9;F;2012;Amel;9
8;F;2012;Nicole;8
28;F;2013;Isaure;28
75;M;2013;Maxence;75
5;M;2013;Nolhan;5
40;F;2013;Sirine;40
5;M;2014;Hocine;5
6;M;2015;Michel;6
7;F;2016;Eulalie;7
20;M;2017;Matthieu;20
124;F;2019;Nina;124
23;M;2019;Marc;23
23;M;2019;Théophile;23
20;F;2019;Oumou;20
43;M;2007;Edouard;43
28;M;2007;Ilian;28
12;F;2008;Anaelle;12
6;F;2008;Célestine;6
226;F;2008;Inès;226
17;M;2008;Mahamadou;17
6;F;2004;Camelia;6
13;M;2004;Joachim;13
5;F;2004;Lorette;5
6;F;2011;Rosa;6
6;M;2009;Alon;6
16;F;2009;Coline;16
13;F;2009;Diana;13
12;F;2009;Gaïa;12
12;F;2009;Livia;12
11;M;2009;Merlin;11
18;F;2010;Enora;18
8;M;2010;Ilias;8
13;M;2010;Ilyan;13
5;M;2010;Ludovic;5
9;F;2010;Maïwenn;9
60;F;2010;Nour;69
118;M;2010;Yanis;118
6;M;2011;Adil;6
5;F;2011;Halima;5
5;F;2011;Keyla;5
28;F;2011;Maria;28
94;F;2011;Marie;94
6;F;2004;Athéna;6
59;M;2004;Félix;59
15;F;2005;Clothilde;15
9;M;2005;Yvan;9
10;F;2004;Imen;10
14;F;2021;Jannah;14
285;M;2020;Adam;285
14;F;2020;Maïmouna;14
33;F;2024;Thaïs;33
30;M;2024;Baptiste;30
14;F;2024;Leyna;14
5;M;2024;Blaise;5
31;M;2013;Arsène;31
8;F;2013;Cyrine;8
14;M;2013;Ugo;14
8;M;2014;Christophe;8
94;F;2014;Romane;94
6;F;2015;Haby;6
8;M;2015;Logan;8
13;M;2015;Virgile;13
6;M;2016;Guilhem;6
11;F;2017;Aria;11
6;M;2017;Honoré;6
38;F;2017;Lily;38
156;F;2018;Léa;156
35;M;2019;Omar;35
7;F;2006;Célestine;7
8;F;2006;Clothilde;8
5;F;2006;Johanne;5
8;M;2007;Maxim;8
7;M;2008;Alassane;7
5;M;2008;Angelo;5
6;M;2008;Antonio;6
22;F;2010;Eléa;22
44;F;2010;Esther;44
7;F;2010;Jihane;7
5;M;2010;Menahem;5
12;F;2011;Andréa;12
12;F;2011;Melina;12
17;F;2004;Aurore;17
8;M;2004;Johann;8
11;F;2012;Cécile;11
9;M;2012;Emir;9
8;M;2012;Jimmy;8
5;F;2012;Sylvie;5
7;F;2012;Tali;7
5;F;2013;Noélie;5
100;M;2014;Axel;100
7;F;2014;Cindy;7
12;M;2014;Lamine;12
6;F;2015;Emi;6
6;F;2015;Liel;6
18;F;2015;Thelma;18
5;F;2015;Valeria;5
6;M;2017;Elyan;6
14;F;2018;Assil;14
71;M;2022;Andrea;71
12;F;2022;Angèle;12
70;M;2023;Octave;70
16;F;2023;Astrid;16
14;F;2023;Blanche;14
11;F;2023;Amalia;11
7;M;2023;Kenan;7
103;M;2022;Noé;103
8;F;2022;Abigaïl;8
6;M;2022;Karamba;6
6;F;2022;Eléa;6
10;M;2012;Ayden;10
11;M;2012;Boubacar;11
16;M;2012;Charly;16
11;M;2012;Laurent;11
6;F;2012;Malek;6
17;M;2013;Imrane;17
13;F;2013;Rania;13
10;M;2014;Viktor;10
5;F;2014;Zayneb;5
16;M;2023;Kassim;16
11;M;2023;Hélie;11
73;F;2024;Zoé;73
5;F;2024;Elly;5
94;F;2022;Ambre;94
22;F;2022;Salimata;22
5;F;2022;Grâce;5
5;F;2022;Henda;5
31;F;2020;Louisa;31
15;F;2020;Paola;15
13;M;2020;Harry;13
87;M;2004;David;87
11;M;2004;Farès;11
5;M;2004;Terence;5
29;M;2005;Camille;29
12;F;2005;Lou-Ann;12
54;M;2005;Thibault;54
9;M;2022;Matis;9
11;M;2019;Mayeul;11
29;M;2006;Ilyes;29
6;M;2006;Yoël;6
7;F;2008;Ema;7
6;M;2008;Hedi;6
5;M;2009;Abraham;5
5;M;2010;Aurel;5
69;F;2010;Léna;69
5;M;2010;Oussama;5
7;F;2011;Angela;7
10;F;2011;Emilia;10
12;M;2020;Quentin;12
8;M;2020;Tidiane;8
9;F;2005;Alya;9
20;F;2005;Laetitia;20
92;F;2005;Lina;92
25;M;2005;Luc;25
6;F;2020;Nabintou;6
43;M;2021;Elias;43
21;F;2021;Oumou;21
8;M;2021;Mahdi;8
21;M;2004;Matthias;21
5;F;2004;Anne-Sophie;5
10;F;2005;Brune;10
5;F;2005;Donia;5
56;F;2005;Eléonore;56
13;F;2005;Emmanuelle;13
9;M;2004;Lino;9
31;M;2004;Milo;31
20;F;2012;Cléo;20
14;F;2012;Mayssa;14
27;M;2012;Timéo;27
7;M;2012;Yoann;7
5;F;2013;Balkis;5
24;M;2013;Elio;24
84;F;2013;Julia;84
13;F;2013;Marwa;13
42;M;2014;Eden;42
5;F;2014;Hidaya;5
20;F;2015;Emy;20
7;F;2015;Isis;7
13;M;2015;Louka;13
108;F;2015;Olivia;108
6;F;2016;Éléa;6
32;M;2006;Daniel;32
5;M;2006;Liron;5
19;M;2007;Alan;19
31;M;2007;Ali;31
13;M;2007;Melvil;13
5;M;2008;Idrissa;5
7;M;2008;Jacob;7
5;F;2008;Laly;5
7;M;2008;Luis;7
6;F;2008;Tal;6
12;M;2009;Ange;12
14;M;2009;Iyed;14
88;M;2010;Augustin;88
19;M;2010;Dorian;19
20;M;2010;Maximilien;20
6;F;2010;Nawel;6
11;M;2011;Abdoul;11
27;F;2011;Amina;27
81;M;2011;Charles;81
9;M;2011;Dario;9
14;F;2011;Lili;14
11;F;2004;Elvire;11
7;F;2005;Alba;7
72;M;2005;Aurélien;72
39;F;2005;Aya;39
108;F;2023;Léa;108
5;F;2023;Naïa;5
5;M;2020;Edmond;5
80;M;2021;Eden;80
58;F;2021;Pia;58
24;M;2021;Milan;24
17;F;2021;Aline;17
6;F;2019;Tesnim;6
17;F;2020;Violette;17
11;F;2020;Aliya;11
6;M;2020;Yaël;6
12;M;2004;Johan;12
64;F;2004;Marine;64
5;M;2012;Allan;5
5;F;2012;Barbara;5
34;M;2012;César;34
52;F;2012;Ella;52
5;M;2012;Mamoudou;5
8;M;2013;Alassane;8
13;F;2013;Leïla;13
18;M;2013;Marcus;18
7;M;2013;Salomon;7
16;F;2014;Cassandre;16
6;F;2014;Leïa;6
28;F;2014;Mélina;28
7;M;2014;Pape;7
25;F;2014;Soline;25
6;M;2015;Aiden;6
60;F;2015;Alicia;60
26;F;2015;Ana;26
45;F;2015;Anouk;45
6;M;2015;Éden;6
31;M;2015;Elie;31
17;M;2015;Ismaïl;17
13;M;2015;Souleyman;13
5;F;2016;Elyana;5
6;F;2016;Saskia;6
5;F;2017;Éléna;5
13;F;2017;Hélène;13
40;M;2018;Armand;40
8;M;2018;Mattia;8
7;F;2018;Myla;7
5;F;2018;Shahd;5
18;F;2018;Simone;18
12;M;2019;Bilal;12
16;F;2024;Aliya;16
8;M;2024;Leandro;8
68;F;2022;Inaya;68
17;F;2022;Maëlle;17
12;M;2022;Aboubakar;12
12;F;2022;Fatim;12
8;F;2022;Colombe;8
5;F;2022;Tia;5
9;F;2022;Anya;9
5;M;2022;Yannis;5
39;M;2022;Gabin;39
15;F;2022;Mahault;15
6;M;2022;Hélios;6
6;M;2022;Samba;6
5;F;2022;Philomène;5
25;M;2016;Lino;25
5;F;2016;Marley;14
16;M;2016;Neil;16
12;F;2016;Ninon;12
17;F;2017;Asma;17
9;M;2017;Aymeric;9
6;F;2017;Flora;6
5;F;2017;Perla;5
7;F;2018;Alexie;7
5;F;2018;Junon;5
9;M;2018;Yazid;9
52;M;2019;Léopold;52
49;F;2019;Elsa;49
21;F;2019;Eloïse;21
16;F;2019;Kayla;16
10;M;2006;Naïm;10
9;F;2006;Roxanne;9
5;F;2007;Antonia;5
8;F;2007;Mahault;8
5;F;2007;Nada;5
24;M;2007;Zakaria;24
76;F;2008;Emilie;76
6;M;2008;Sebastian;6
7;M;2009;Archibald;7
74;M;2009;Julien;74
5;F;2009;Naya;5
14;M;2009;Owen;14
5;F;2010;Hava;5
11;M;2010;Ousmane;11
6;F;2011;Eléanore;6
12;M;2011;Elouan;12
5;F;2011;Milla;5
7;F;2011;Samia;7
13;F;2011;Soline;13
42;M;2021;Henri;42
23;F;2021;Bianca;23
5;F;2019;Safiatou;5
159;F;2020;Alma;159
43;F;2020;Luna;43
15;F;2020;Jenna;15
13;F;2020;Imane;13
7;M;2006;Marwane;7
5;F;2007;Blandine;5
78;M;2007;David;78
42;F;2007;Eloïse;42
10;F;2007;Eulalie;10
7;F;2007;Maëlis;7
9;F;2004;Fiona;9
30;M;2005;Emile;30
10;M;2013;Ewen;10
21;F;2013;Ninon;21
11;F;2014;Laure;11
5;F;2014;Shaïna;5
9;F;2015;Eline;9
5;M;2015;Haris;5
6;F;2004;Satine;6
8;M;2005;Albert;8
18;M;2005;Steven;18
5;F;2004;Mazarine;5
17;M;2013;Albert;17
23;F;2013;Liv;23
12;M;2013;Saul;12
13;F;2013;Sidonie;13
11;F;2014;Johanna;11
8;F;2014;Liya;8
11;F;2014;Nesrine;11
8;F;2014;Viviane;8
14;F;2015;Johanna;14
10;M;2015;Lazare;10
14;M;2015;Marco;14
12;F;2016;Tara;12
7;F;2017;Aicha;7
7;M;2017;Badis;7
51;M;2017;Georges;51
7;F;2017;Lucile;7
13;M;2017;Titouan;13
8;F;2017;Zahra;8
23;F;2018;Andréa;37
5;F;2018;Nelia;5
18;F;2018;Philippine;18
10;F;2019;Safia;10
12;M;2020;Yann;12
16;M;2022;Dylan;16
10;M;2022;Thibault;10
8;F;2022;Mya;8
5;M;2022;Filip;5
5;F;2022;Anouck;5
11;F;2016;Léopoldine;11
5;F;2017;Astou;5
8;F;2017;Coumba;8
8;F;2017;Ela;8
13;F;2017;Georgia;13
8;M;2017;Ian;8
10;M;2017;Loris;10
10;F;2017;Maram;10
7;M;2017;Mark;7
5;F;2017;Morgane;5
38;M;2017;Naïm;38
30;F;2017;Naomi;30
5;M;2017;Souheyl;5
68;M;2017;Théo;68
5;F;2018;Laure;5
14;M;2018;Nils;14
45;F;2019;Maria;45
20;F;2019;Naya;20
9;F;2019;Malia;9
19;F;2006;Dina;19
6;M;2006;Ilhan;6
14;F;2007;Catherine;14
20;M;2007;Cédric;20
7;F;2007;Naïs;7
23;F;2008;Hannah;23
25;F;2009;Anaëlle;25
13;M;2009;Charly;13
22;M;2009;Clovis;22
5;F;2009;Hadassa;5
40;M;2009;Mathias;40
13;M;2009;Zachary;13
12;F;2010;Helena;12
5;M;2010;Levi;5
8;M;2010;Pierre-Louis;8
9;F;2010;Soline;9
84;M;2010;Timothée;84
10;F;2011;Chaïma;10
6;F;2011;Deborah;6
5;F;2011;Gwenaëlle;5
9;F;2011;Kim;14
8;F;2011;Malia;8
6;M;2011;Minh;6
15;F;2011;Rania;15
5;M;2020;Ihsan;5
217;F;2021;Louise;217
55;M;2021;Ali;55
38;M;2021;Ayoub;38
17;F;2021;Ayline;17
10;F;2021;May;10
5;F;2021;Abigaïl;5
5;M;2021;Colomban;5
25;F;2020;Hawa;25
18;F;2020;Anaëlle;18
16;M;2020;Lamine;16
8;M;2020;Zéphyr;8
7;F;2020;Evy;7
5;M;2007;Iwan;5
6;F;2007;Kahina;6
29;M;2007;Octave;29
18;F;2009;Elia;25
5;M;2009;Mattia;5
10;M;2009;Niels;10
6;M;2011;Yuri;6
14;F;2012;Amira;14
5;F;2012;Anita;5
9;F;2012;Mahault;9
28;M;2013;Alban;28
12;F;2013;Joyce;12
11;F;2013;Léopoldine;11
11;M;2013;Marco;11
5;F;2013;Norhane;5
9;F;2013;Yara;9
8;F;2014;Fatma;8
87;F;2015;Apolline;87
11;M;2015;Jordan;11
5;F;2015;Lilly;5
6;M;2016;Alix;6
13;M;2016;Mahé;13
5;M;2019;Saïd;5
5;F;2019;Mélya;5
20;M;2020;Hadrien;20
12;M;2020;Alix;12
5;M;2020;Alpha;5
27;M;2021;Rafael;27
23;F;2021;Lison;23
7;F;2004;Ania;7
11;M;2006;Elouan;11
15;M;2006;Younes;15
27;F;2007;Andréa;34
8;F;2007;Clélia;8
8;F;2007;Margo;8
21;M;2008;Alex;21
12;M;2008;Aloïs;12
11;F;2008;Lucy;11
14;F;2008;Mona;14
7;M;2008;Nikola;7
6;F;2009;Nadia;6
79;M;2012;David;79
60;M;2012;Matthieu;60
31;M;2012;Nathanaël;31
9;F;2013;Liya;9
8;M;2013;Soan;8
67;F;2014;Margot;67
44;M;2014;Quentin;44
97;M;2014;Simon;97
12;M;2015;Anthony;12
60;M;2022;Axel;60
19;F;2022;Pauline;19
13;M;2022;Zakarya;13
6;F;2022;Lilou;6
5;F;2022;Geneviève;5
11;F;2022;Tasnim;11
10;M;2022;Edmond;10
7;F;2022;Elia;7
5;F;2022;Hayat;5
5;F;2022;Nalya;5
20;M;2024;Luka;20
14;M;2024;Sekou;14
11;M;2024;Zayan;11
5;F;2024;Ashley;5
13;F;2013;Elodie;13
27;M;2013;Grégoire;27
6;M;2013;Justin;6
5;F;2013;Malek;14
43;F;2014;Aïcha;43
23;F;2014;Brune;23
5;F;2014;Kawthar;5
17;F;2014;Naya;17
5;M;2015;Antonio;5
13;M;2015;Imrane;13
6;F;2015;Inés;6
8;F;2015;Lilas;8
5;M;2015;Nolhan;5
12;F;2016;Anya;12
6;F;2016;Elissa;6
36;F;2016;Giulia;36
81;F;2016;Léonie;81
6;F;2016;Naïa;6
5;M;2017;Aurel;5
30;M;2017;Roman;30
5;F;2018;Hella;5
5;F;2018;Nahla;5
5;M;2018;Néo;5
93;M;2018;Rayan;93
5;M;2018;Younouss;5
180;F;2019;Alice;180
18;F;2019;Anaé;18
8;M;2006;Germain;8
47;M;2006;Hector;47
51;M;2006;Maël;51
129;F;2006;Nina;129
16;F;2006;Nora;16
10;M;2006;Ronan;10
10;F;2006;Sana;10
24;M;2007;Andrea;24
5;M;2007;Célian;5
8;M;2007;Dany;8
25;M;2007;Elliot;25
63;F;2007;Julia;63
6;M;2007;Viktor;6
8;M;2008;Louison;8
70;M;2008;Timothée;70
14;M;2009;Elio;14
8;F;2009;Hermine;8
8;F;2010;Delphine;8
15;F;2010;Éléonore;15
33;M;2010;Hamza;33
23;M;2010;Julian;23
29;M;2010;Kaïs;29
9;F;2010;Liora;9
31;M;2010;Lorenzo;31
7;M;2010;Moustafa;7
8;F;2011;Flavie;8
12;M;2011;Gaëtan;12
5;F;2011;Keira;5
5;F;2011;Leticia;5
9;F;2011;Mathilda;9
8;F;2011;Rahma;8
11;F;2011;Tali;11
5;M;2020;Cyrus;5
5;M;2020;Idrissa;5
5;M;2020;Kyan;5
5;F;2020;Adja;5
5;F;2020;Deborah;5
64;M;2021;David;64
29;F;2021;Maëlle;29
29;M;2021;Mathias;29
15;F;2021;Emmy;15
12;F;2021;Océane;12
5;F;2021;Anaya;5
5;F;2021;Maëva;5
5;F;2021;Tasnime;5
41;M;2020;Daniel;41
23;F;2020;Jennah;23
9;F;2020;Abigaïl;9
8;M;2020;Zachary;8
6;F;2022;Clotilde;6
5;F;2022;Maïssane;5
44;M;2023;Maxence;44
27;F;2013;Naomi;27
5;F;2014;Cyrielle;5
6;F;2014;Philippa;6
9;F;2015;Lyana;9
9;F;2015;Marwa;9
10;F;2016;Hafsa;10
76;F;2016;Valentine;76
5;M;2017;Abderrahmane;5
11;F;2017;Evy;11
31;M;2018;Joshua;31
5;F;2018;Maimouna;5
5;F;2018;Samira;5
30;F;2019;Joy;30
8;M;2011;Ari;8
8;F;2011;Candice;8
10;M;2011;Philippe;10
6;F;2004;Gabriella;6
6;F;2020;Marnie;6
42;M;2021;Evan;42
24;F;2021;Théa;24
6;M;2021;Aïden;6
6;M;2021;Jim;6
7;M;2005;Swann;7
8;M;2022;Aliocha;8
37;F;2024;Lily;37
34;M;2024;Djibril;34
19;F;2024;Alexandra;19
14;M;2024;Hayden;14
12;F;2024;Joy;12
8;F;2024;Farah;8
5;F;2024;Ayah;5
10;M;2024;Daouda;10
7;M;2019;Nelson;7
5;M;2019;Ziad;5
252;M;2020;Raphaël;252
39;M;2020;Pierre;39
14;M;2020;Ryan;14
7;M;2020;Michael;7
7;F;2020;Milla;7
6;M;2004;Ilyass;6
31;M;2004;Malo;31
7;M;2004;Mayeul;7
9;M;2006;Ismael;9
11;M;2006;Jeremy;11
23;M;2006;Jonas;23
9;F;2006;Nell;9
7;M;2007;Alpha;7
7;M;2007;Colin;7
7;M;2007;Cyrus;7
11;M;2007;Ewan;11
8;F;2007;Line;8
20;M;2007;Mohammed;20
16;F;2008;Amel;16
6;F;2008;Clélia;6
5;M;2008;Gad;5
25;M;2008;Ryan;25
6;M;2008;Shaï;6
5;F;2008;Téa;5
121;F;2009;Marie;121
20;F;2009;Mélina;20
10;M;2009;Mouhamed;10
10;M;2009;Riyad;10
7;M;2009;Stéphane;7
21;F;2009;Tessa;21
12;M;2005;Léandre;12
13;F;2005;Perrine;13
19;F;2013;Aliénor;19
21;M;2022;Mouhamed;21
9;F;2022;Olga;9
8;M;2022;Armel;8
7;M;2022;Jessim;7
5;F;2023;Wendy;5
27;M;2022;Marcus;27
13;F;2022;Helena;13
9;M;2022;Michel;9
6;F;2022;Tara;6
5;M;2022;Soulayman;5
180;M;2022;Noah;180
20;M;2022;Edouard;20
18;F;2022;Céline;18
14;F;2022;Nélia;14
7;F;2022;Dahlia;7
41;M;2018;Luca;41
6;M;2018;Rémy;6
7;F;2018;Sakina;7
5;M;2018;Téo;5
16;M;2006;Constantin;16
8;F;2006;Lilly;8
8;F;2006;Ondine;8
7;M;2006;Soren;7
9;F;2007;Aliya;9
15;F;2007;Cécilia;15
21;F;2007;Coline;21
102;F;2007;Julie;102
192;M;2008;Lucas;192
21;F;2008;Morgane;21
55;F;2008;Noa;97
6;M;2009;Élias;6
160;M;2009;Enzo;160
17;F;2010;Amina;17
10;F;2010;Ranya;10
8;F;2010;Tali;8
10;F;2011;Clélia;10
6;F;2011;Haya;6
91;M;2021;Marceau;91
15;F;2021;Rym;15
9;F;2021;Anya;9
9;F;2021;Emily;9
8;F;2021;Sidra;8
8;M;2021;Jude;8
6;M;2021;Gary;6
5;M;2019;Yakoub;5
178;M;2020;Joseph;178
7;M;2020;Mattia;7
30;M;2023;Ismael;30
7;M;2023;Ayman;7
18;F;2022;Eline;18
35;M;2011;Wassim;35
8;M;2012;Abdoul;8
10;M;2012;Loan;10
5;M;2012;Tyméo;5
67;F;2013;Agathe;67
6;F;2013;Mathilda;6
12;F;2014;Augustine;12
32;F;2014;Eléonore;32
59;M;2014;Hector;59
10;F;2014;Isis;10
119;F;2014;Joséphine;119
5;M;2014;Luis;5
8;M;2014;Mamoudou;8
7;M;2014;Niels;7
24;M;2015;Adel;24
9;M;2015;Armel;9
10;M;2015;Jalil;10
10;F;2015;Mellina;10
6;M;2016;Aboubakar;6
15;M;2016;Charlie;15
13;M;2016;Fares;13
14;M;2016;Lyam;14
20;M;2016;Oumar;20
116;M;2017;Aaron;116
5;F;2017;Clarisse;5
5;M;2017;Felix;5
56;M;2017;Hector;56
5;F;2017;Maïwenn;5
24;F;2017;Paloma;24
11;M;2017;Sofiane;11
6;M;2018;Orson;6
39;F;2019;Alya;39
35;M;2019;Zakaria;35
18;F;2019;Alyssa;18
9;F;2006;Line;9
5;M;2007;André;5
8;F;2007;Halima;8
26;F;2007;Lilia;26
94;M;2007;Noé;94
39;M;2008;Achille;39
6;M;2008;Kays;6
21;F;2008;Méline;21
8;M;2008;Younès;8
7;F;2009;Alexane;7
7;M;2009;Angelo;7
7;F;2009;Elly;7
6;F;2009;Fantine;6
8;M;2009;Mahdi;8
8;F;2009;Swann;19
38;M;2010;Antonin;38
17;F;2010;Bintou;17
5;M;2010;Brahim;5
11;M;2010;Jibril;11
80;M;2011;Aaron;80
5;F;2011;Anita;5
5;F;2011;Arwa;5
33;F;2011;Lilia;33
5;F;2020;Imani;5
10;F;2021;Fleur;10
8;M;2021;Viggo;8
121;M;2023;Ibrahim;121
13;F;2023;Elyne;13
9;M;2023;Idris;9
9;M;2023;Yazid;9
5;F;2023;Camilla;5
15;F;2008;Syrine;15
7;F;2009;Emilia;7
17;M;2009;Ferdinand;17
15;M;2010;Alessandro;15
7;F;2010;Caroline;7
5;M;2010;Eli;5
67;M;2010;Elias;67
16;M;2010;Eric;16
10;M;2010;Jason;10
50;F;2010;Noa;88
7;F;2011;Alessia;7
5;F;2011;Angéline;5
73;F;2011;Elise;73
13;F;2011;Nada;13
82;F;2004;Capucine;82
15;M;2005;Anton;15
6;M;2005;Antony;6
18;M;2005;Edgar;18
53;M;2024;Moussa;53
22;M;2024;Élie;22
6;F;2024;Noura;6
18;M;2024;Khalil;18
10;F;2024;Aimée;10
8;F;2024;Safa;8
18;F;2023;Lyana;18
14;M;2004;Abel;14
25;F;2004;Céleste;25
6;M;2005;Eddy;6
34;M;2005;Elie;34
29;F;2005;Léane;29
6;M;2005;Lyes;6
14;M;2005;Niels;14
6;F;2012;Kate;6
11;M;2013;Aloïs;11
6;M;2013;Boubacar;6
6;F;2013;Chayma;6
6;F;2013;Naïa;6
5;M;2013;Tommy;5
7;F;2013;Zeynab;7
5;F;2014;Aby;5
6;M;2014;Baudouin;6
8;F;2014;Hajar;8
43;F;2014;Roxane;43
11;M;2015;Ayman;11
15;F;2015;Joy;15
7;M;2015;Kassim;7
5;F;2016;Béatrice;5
25;F;2016;Clémentine;25
5;F;2016;Dieynaba;5
6;F;2016;Karen;6
13;M;2017;Constantin;13
29;M;2017;Esteban;29
100;F;2017;Romane;100
25;M;2018;Aksel;25
9;M;2018;Alphonse;9
242;M;2018;Louis;242
6;F;2018;Rahma;6
5;M;2018;Riyad;5
8;M;2018;Sebastian;8
30;M;2018;Zakaria;30
112;F;2019;Eva;112
50;M;2019;Malo;50
23;M;2019;Charlie;23
21;M;2019;Aymen;21
20;F;2019;Rachel;20
12;M;2019;Leonardo;12
5;M;2019;Chris;5
20;F;2020;Aurore;20
13;M;2020;Idris;13
5;M;2020;Esaïe;5
5;M;2020;Juba;5
5;M;2020;Yoan;5
34;M;2021;Ernest;34
8;M;2021;Alon;8
5;M;2021;Zeyn;5
69;M;2024;Ayden;69
10;F;2024;Élisabeth;10
8;M;2024;Maher;8
6;F;2018;Leyla;6
37;M;2019;Jad;37
11;F;2019;Mayssa;11
6;M;2006;Elliott;6
54;M;2006;Mathias;54
5;F;2006;Safia;5
13;M;2006;Xavier;13
7;F;2007;Camila;7
9;F;2007;Delphine;9
18;F;2007;Jessica;18
19;M;2007;Marcus;19
8;F;2008;Abigaël;8
24;F;2008;Axelle;24
8;F;2008;Camélia;8
58;F;2008;Constance;58
27;F;2008;Judith;27
13;M;2008;Tim;13
15;F;2009;Aliya;15
22;M;2009;Anthony;22
5;M;2009;Blaise;5
11;M;2009;Fares;11
5;F;2009;Halima;5
7;M;2009;Isidore;7
32;M;2009;Moussa;32
20;M;2009;Naïm;20
15;M;2009;Sam;15
9;M;2009;Waël;9
5;M;2010;Joey;5
19;F;2010;Maryam;19
94;M;2010;Mathis;94
88;F;2011;Léonie;88
5;F;2011;Leyla;5
19;M;2011;Olivier;19
6;F;2020;Léonor;6
5;F;2020;Joudia;5
5;M;2021;Matthew;5
5;M;2021;Nikola;5
8;F;2019;Anaya;8
18;F;2020;Kenza;18
381;M;2013;Gabriel;381
8;F;2013;Leyna;8
5;F;2013;Yona;5
5;M;2014;Hedi;5
37;M;2014;Milo;37
5;M;2014;Roch;5
7;F;2016;Adama;19
8;M;2016;Timothy;8
115;F;2017;Iris;115
5;M;2011;Zakary;5
14;M;2018;François;14
71;F;2012;Elise;71
12;M;2018;Ismail;12
7;F;2012;Ilona;7
5;M;2018;Matisse;5
6;M;2013;Cédric;6
6;M;2018;Maurice;6
56;M;2013;Noam;56
7;F;2018;Zahra;7
56;F;2013;Suzanne;56
41;M;2006;Côme;41
81;F;2015;Alix;89
7;F;2006;Emilia;7
5;F;2015;Jane;5
12;M;2006;Gaétan;12
6;M;2015;Loup;6
8;M;2006;Yvan;8
17;M;2016;Abdoulaye;17
7;M;2007;Issam;7
23;M;2016;Ryan;23
5;M;2007;Stanley;5
5;F;2017;Gina;5
24;F;2007;Tess;24
5;M;2017;Mazen;5
9;F;2008;Alya;9
17;M;2017;Sandro;17
15;M;2008;Lilian;15
9;F;2018;Hiba;9
13;M;2008;Marley;13
10;M;2018;Tao;10
13;F;2010;Cécile;13
14;M;2019;Alphonse;14
8;M;2011;Jibril;8
11;F;2019;Ysé;11
8;M;2011;Matis;8
209;F;2005;Camille;238
10;M;2011;Morgan;10
125;F;2005;Eva;125
5;M;2020;Dayan;5
8;F;2005;Milena;8
5;M;2020;Mamady;5
5;F;2021;Liana;5
5;F;2019;Eydel;5
19;M;2023;Diego;19
19;M;2023;Mathéo;19
17;M;2023;Mohammed;17
17;F;2023;Paola;17
15;M;2023;Aboubakar;15
14;M;2023;Ayan;14
13;F;2023;Zeynab;13
11;M;2023;Julian;11
9;F;2023;Eléa;9
8;M;2023;Hamidou;8
8;F;2023;Goundo;8
5;M;2023;Wandrille;5
5;F;2023;Irina;5
5;F;2023;Marilou;5
44;F;2020;Raphaëlle;44
10;F;2004;Kiara;10
119;F;2004;Laura;119
7;F;2006;Divine;7
45;F;2006;Faustine;45
10;M;2006;Ilias;10
16;F;2006;Lara;16
39;M;2006;Matteo;39
37;M;2006;Ryan;37
20;F;2007;Judith;20
28;F;2008;Aïcha;28
94;F;2008;Lola;94
9;F;2009;Lilly;9
7;F;2009;Lou-Anne;7
13;F;2009;Lya;13
11;F;2010;Angela;11
8;M;2010;Florent;8
12;M;2010;Kévin;12
6;M;2010;Maxim;6
25;F;2010;Paloma;25
6;F;2011;Déborah;6
17;F;2011;Elya;17
16;F;2004;Binta;16
52;F;2004;Claire;52
5;F;2004;Fantine;5
5;M;2019;Khalifa;5
27;M;2020;Antonin;27
12;M;2020;Yusuf;12
8;F;2020;Selena;8
44;M;2021;Issa;44
10;F;2021;Cléa;10
10;M;2021;Bastien;10
6;F;2021;Maïna;6
99;M;2012;Liam;99
5;M;2013;Ayaan;5
8;F;2013;Héléna;8
24;F;2015;Judith;24
17;M;2015;Sami;17
5;F;2017;Ilef;5
19;F;2017;Jana;19
62;M;2017;Naël;62
5;F;2018;Bonnie;5
9;M;2018;Luc;9
16;F;2019;Mahault;16
6;F;2006;Enola;6
9;F;2006;Livia;9
243;M;2006;Paul;243
59;M;2007;Côme;59
5;F;2007;Erin;5
13;F;2007;Léonore;13
159;M;2008;Nathan;159
10;M;2008;Oumar;10
7;M;2022;Ryan;7
6;M;2022;Kenzi;6
8;F;2004;Angélina;8
28;M;2005;Jonathan;28
14;M;2005;Sam;14
5;F;2005;Yaëlle;5
5;F;2004;Lauryn;5
188;M;2004;Lucas;188
52;M;2008;Ruben;52
8;M;2009;Yohann;8
12;F;2010;Elina;12
10;F;2010;Yuna;10
8;F;2011;Assya;8
34;F;2011;Clémentine;34
62;F;2011;Emilie;62
5;F;2011;Feryel;5
7;M;2011;Louca;7
13;M;2011;Marcel;13
39;M;2011;Thibault;39
5;F;2004;Evelyne;5
23;F;2005;Albane;23
35;F;2005;Angèle;35
5;M;2005;Ari;5
16;M;2005;Christian;16
14;M;2005;Christophe;14
33;F;2005;Rania;33
14;M;2004;Kaïs;14
27;F;2004;Lilou;27
7;M;2004;Mohamed-Ali;7
24;M;2004;Nolan;24
9;F;2004;Ombeline;9
10;M;2004;Pascal;10
78;F;2022;Nour;78
13;F;2022;Astrid;13
9;F;2022;Rosa;9
6;M;2022;Prince;6
5;M;2022;Michaël;5
27;F;2006;Maïa;27
9;F;2006;Nathalie;9
31;M;2007;Alban;31
5;F;2007;Jihane;5
134;F;2008;Mathilde;134
25;M;2008;Matthias;25
11;M;2009;Alexander;11
14;M;2009;Colin;14
5;M;2009;Josh;5
10;F;2009;Lily-Rose;10
8;F;2010;Clélia;8
5;M;2010;Johann;5
6;F;2010;Rokia;6
80;F;2011;Agathe;80
9;M;2011;Alessandro;9
5;M;2011;Farouk;5
70;F;2011;Léna;70
136;F;2011;Nina;136
19;M;2005;Benoît;19
5;F;2020;Kadidiatou;5
12;F;2021;Théodora;12
7;M;2021;Malek;7
6;M;2021;Sébastien;6
5;F;2021;Maimouna;5
149;F;2020;Léa;149
10;F;2020;Line;10
8;F;2013;Alyssa;8
18;M;2013;Bastien;18
9;F;2013;Gabriella;9
17;M;2013;Lorenzo;17
151;M;2013;Nathan;151
7;F;2013;Simone;7
7;F;2014;Abigaïl;7
15;M;2014;Neil;15
38;M;2015;Antonin;38
5;F;2015;Iliana;5
32;M;2015;Malo;32
5;M;2015;Waïl;5
6;M;2016;Alistair;6
6;M;2016;Zayd;6
14;F;2017;Tessa;14
14;M;2018;Mady;14
19;M;2024;Sandro;19
41;F;2006;Roxane;41
10;M;2006;Stanley;10
17;F;2007;Diana;17
7;M;2007;Evann;7
5;F;2007;Lysa;5
11;M;2007;Pierre-Louis;11
101;F;2008;Lou;114
8;F;2010;Ilona;8
6;F;2011;Chayma;6
7;F;2005;Livia;7
52;F;2005;Luna;52
8;M;2005;Terence;8
10;M;2012;Aydan;10
42;F;2012;Charlie;72
6;M;2012;Harry;6
26;M;2013;Imran;26
12;F;2014;Ilyana;12
11;F;2014;Khadidja;11
7;M;2015;Aimé;7
7;F;2015;Hajar;7
47;F;2015;Inaya;47
17;F;2015;Marion;17
11;F;2016;Diana;11
31;F;2016;Sirine;31
10;F;2017;Amandine;10
11;M;2017;Chahine;11
5;F;2017;Ilona;5
44;F;2017;Lila;44
5;F;2018;Celia;5
32;M;2024;Ahmed;32
14;M;2024;Neil;14
5;M;2024;Prince;5
146;F;2024;Olivia;146
90;M;2024;Ethan;90
65;F;2024;Héloïse;65
38;F;2024;Hawa;38
19;M;2024;Soan;19
6;F;2024;Clémentine;6
6;M;2024;Amaël;6
5;F;2024;Shirel;5
13;F;2024;Fatima-Zahra;13
6;F;2024;Yaëlle;6
62;F;2022;Madeleine;62
27;F;2022;Valentina;27
17;F;2022;Louison;17
14;F;2022;Gloria;14
8;M;2022;Yaya;8
171;M;2024;Léon;171
17;M;2024;Lou;17
10;F;2024;Solène;10
5;F;2024;Jill;5
10;M;2022;Salim;10
8;F;2022;Isabella;8
7;M;2022;Vincent;7
6;M;2022;Ilya;6
7;F;2016;Sidonie;7
23;F;2017;Claire;23
8;M;2018;Aksil;8
5;F;2018;Éléna;5
23;M;2018;Milan;23
7;M;2018;Nathaniel;7
63;M;2018;Octave;63
22;M;2019;Aurélien;22
5;M;2006;Moustafa;5
17;M;2007;Benoît;17
23;M;2007;Diego;23
8;M;2008;Eddy;8
226;M;2009;Antoine;226
5;M;2009;Arno;5
40;M;2010;Mathias;40
27;M;2010;Ryan;27
5;M;2010;Wissam;5
6;F;2020;Ndeye;6
6;F;2021;Aïssa;6
9;F;2024;Lia;9
41;F;2024;Clara;41
36;F;2024;Anouk;36
18;M;2024;Saul;18
9;M;2024;Vincent;9
8;M;2024;Amara;8
5;F;2024;Gaby;5
5;F;2024;Louane;5
54;F;2024;Aminata;54
19;F;2024;Elise;19
22;F;2022;Neyla;22
17;M;2022;Timéo;17
10;M;2022;Archibald;10
8;M;2022;Foucauld;8
7;F;2022;Emily;7
5;F;2022;Amanda;5
7;M;2019;Ugo;7
29;M;2020;Hamza;29
26;M;2020;Jacques;26
20;F;2020;Laura;20
18;F;2020;Mahault;18
8;M;2020;Lewis;8
8;M;2020;Yacine;8
5;M;2020;Jude;5
5;F;2020;Nell;5
115;F;2021;Lina;115
100;M;2021;Auguste;100
44;F;2021;Hannah;44
27;M;2021;Lazare;27
24;F;2021;Esther;24
23;M;2021;Edouard;23
6;M;2021;Babacar;6
5;F;2021;Avital;5
12;F;2004;Barbara;12
17;F;2005;Mia;17
40;M;2004;Pablo;40
8;M;2006;Emilien;8
5;F;2006;Marie-Alix;5
43;F;2006;Mila;43
61;F;2007;Alix;71
31;M;2007;Marc;31
6;F;2007;Nine;6
19;M;2007;Ousmane;19
22;M;2008;Eloi;22
29;M;2008;Ilian;29
8;F;2008;Luce;8
10;M;2009;Adil;10
5;M;2009;Gaoussou;5
25;M;2009;Jonathan;25
25;F;2009;Léane;25
37;F;2009;Lilou;37
5;M;2009;Théotime;5
17;M;2009;Youssouf;17
33;F;2009;Zélie;33
27;F;2012;Ana;27
28;M;2012;Anatole;28
43;F;2012;Elena;43
11;F;2012;Tara;11
6;F;2013;Fatimata;6
11;F;2013;Flore;11
10;M;2013;Yahya;10
20;F;2014;Alya;20
7;M;2014;Chahine;7
105;M;2014;Clément;105
5;M;2014;Fodé;5
8;F;2014;Gabriela;8
13;F;2014;Kadiatou;13
6;M;2014;Tahar;6
13;F;2015;Amy;13
21;F;2015;Cléo;21
179;F;2015;Emma;179
27;F;2015;Gabriella;27
7;M;2016;Alfred;7
13;M;2016;Ben;13
107;F;2016;Lou;113
79;M;2016;Maël;79
5;M;2016;Nathanael;5
8;F;2017;Calie;8
10;M;2017;Karl;10
37;F;2017;Thaïs;37
5;M;2018;Kilyan;5
21;M;2018;Mohammed;21
213;F;2010;Alice;213
8;M;2010;Chahine;8
54;F;2010;Garance;54
8;M;2010;Justin;8
9;F;2011;Blandine;9
18;M;2011;Eric;18
12;M;2011;Marwane;12
6;M;2011;Mohammad;6
8;F;2023;Leila;8
33;M;2024;Abdoulaye;33
10;M;2024;Lassana;10
5;F;2024;Abigaëlle;5
5;M;2024;Jassim;5
46;M;2011;Yacine;46
28;F;2012;Amina;28
7;F;2012;Dana;7
7;F;2012;Isabella;7
38;M;2012;Julien;38
51;M;2012;Romain;51
94;M;2012;Samuel;94
13;M;2012;Tidiane;13
7;F;2013;Michelle;7
200;M;2014;Mohamed;200
5;F;2014;Valeria;5
11;F;2015;Evy;11
7;M;2015;Gianni;7
128;M;2015;Léo;128
7;M;2015;Matthew;7
8;M;2015;Yannis;8
27;M;2015;Younes;27
11;M;2016;Dan;11
5;M;2016;Éden;5
11;M;2016;Naïl;11
14;M;2016;Soan;14
27;M;2017;Aymen;27
9;F;2017;Joyce;9
5;M;2017;Nayel;5
25;M;2017;Souleymane;25
19;M;2017;Yann;19
33;M;2018;Hamza;33
15;F;2018;Rita;15
206;M;2018;Victor;206
10;F;2018;Yuna;10
60;M;2019;Ayden;60
95;M;2006;Axel;95
13;F;2006;Charline;13
6;F;2006;Fantine;6
28;F;2006;Lili;28
35;M;2006;Théophile;35
11;F;2007;Aline;11
6;F;2007;Maëva;6
136;F;2008;Alice;136
5;F;2008;Cheyenne;5
9;F;2008;Emilia;9
6;F;2008;Shaïna;6
48;F;2008;Suzanne;48
5;M;2009;Corto;5
10;F;2009;Maryam;10
119;M;2009;Rayan;119
5;M;2009;Roland;5
5;M;2004;Baudouin;5
12;M;2004;Christian;12
9;M;2004;Giovanni;9
9;F;2005;Cléo;9
9;F;2005;Eulalie;9
16;M;2005;Yohan;16
10;M;2004;John;10
5;F;2004;Khadidja;5
29;F;2004;Louna;29
10;F;2004;Olga;10
11;F;2010;Camila;11
36;F;2010;Claire;36
11;F;2010;Léane;11
37;F;2010;Lise;37
22;F;2010;Liv;22
10;M;2011;Cyprien;10
32;M;2011;Joachim;32
22;M;2011;Roméo;22
40;M;2024;Mamadou;40
27;F;2024;Lilia;27
16;M;2024;Maximilien;16
11;F;2024;Aïssata;11
5;M;2024;Kader;5
98;M;2021;Basile;98
69;F;2021;Giulia;69
45;M;2021;Ezra;45
12;F;2021;Nola;12
6;M;2019;Eloi;6
6;F;2019;Ayla;6
5;F;2019;Avigaïl;5
32;F;2020;Elisa;32
12;F;2020;Andrea;12
11;M;2020;Alassane;11
8;F;2020;Simone;8
6;M;2020;Xavier;6
7;F;2022;Kamélia;7
6;M;2024;Amani;6
46;F;2022;Mathilde;46
33;F;2022;Anouk;33
18;F;2022;Sienna;18
5;F;2022;Éden;5
117;F;2021;Nina;117
9;M;2021;Ilian;9
6;F;2021;Aby;6
6;M;2021;Leon;6
5;M;2021;Masten;5
7;M;2020;Foucauld;7
16;M;2017;George;16
9;M;2018;Adel;9
8;F;2018;Dalia;8
48;F;2018;Pauline;48
132;F;2019;Léa;132
39;F;2019;Lola;39
10;M;2019;Isaiah;10
11;M;2006;Thibaut;11
9;M;2007;Fabio;9
7;M;2008;Brahim;7
5;M;2010;Hassan;5
5;M;2010;Marlon;5
10;F;2011;Athénaïs;10
16;M;2011;Balthazar;16
15;M;2011;Bastien;15
142;M;2011;Hugo;142
27;F;2011;Salma;27
6;M;2011;Sven;6
37;M;2004;Amaury;37
7;F;2004;Angelina;7
6;M;2004;Gad;6
11;F;2004;Gaëlle;11
67;F;2005;Gabrielle;67
44;F;2020;Alya;44
19;F;2020;Jana;19
16;M;2021;Jacob;16
13;M;2021;Younes;13
8;M;2021;Loïc;8
51;M;2022;Zayn;51
9;F;2022;Saja;9
6;F;2022;Azel;6
13;F;2011;Wendy;13
8;M;2012;Aloïs;8
11;F;2012;Andrea;46
14;M;2012;Iyad;14
10;M;2012;John;10
6;M;2012;Raoul;6
15;M;2012;Sandro;15
7;M;2013;Bryan;7
26;M;2014;Ambroise;26
12;M;2014;Imrane;12
29;M;2014;Luka;29
8;F;2015;Abigaël;8
38;F;2015;Bérénice;38
8;F;2015;Éloïse;8
6;M;2015;Emilien;6
8;F;2015;Inayah;8
5;F;2024;Gala;5
15;F;2015;Philomène;15
83;F;2015;Victoire;83
10;M;2016;Abdallah;10
15;F;2016;Alexia;15
82;M;2016;Baptiste;82
26;F;2016;Eléonore;26
177;F;2016;Jeanne;177
6;F;2017;Aglaé;6
5;F;2017;Aissata;5
10;M;2017;Gary;10
12;F;2017;Janna;12
10;M;2018;Abdoul;10
174;M;2019;Joseph;174
13;M;2019;Bakary;13
10;F;2019;Marnie;10
12;M;2006;Eyal;12
119;F;2006;Jade;119
6;F;2006;Maëlie;6
12;F;2006;Ombeline;12
5;M;2006;Yoram;5
10;F;2007;Djénéba;10
21;F;2007;Jasmine;21
5;M;2008;Corto;5
6;F;2008;Lamia;6
5;M;2008;Rayen;5
32;M;2009;Hadrien;32
11;F;2009;Rita;11
6;F;2009;Tal;6
6;F;2010;Anouck;6
5;M;2010;Elior;5
29;M;2010;Emmanuel;29
24;M;2010;Henri;24
41;M;2010;Léopold;41
7;F;2010;Paris;7
22;M;2010;Sami;22
13;M;2011;Christophe;13
7;F;2011;Erin;7
18;M;2011;Karim;18
50;F;2011;Luna;50
9;M;2011;Tony;9
42;F;2021;Brune;42
33;M;2021;Ahmed;33
8;F;2005;Ashley;8
77;F;2005;Carla;77
9;M;2005;Samba;9
10;F;2020;Rosa;10
7;F;2004;Anaelle;7
17;F;2004;Ava;17
13;F;2017;Lehna;13
54;M;2017;Octave;54
108;F;2017;Olivia;108
9;F;2018;Annabelle;9
15;F;2019;Léana;15
35;M;2006;Noa;35
76;M;2007;Aaron;76
5;F;2007;Ellie;5
18;F;2007;Hawa;18
17;M;2007;Issa;17
5;F;2008;Uma;5
7;M;2009;Emil;7
45;F;2009;Mila;45
36;M;2009;Vadim;36
8;F;2010;Adélaïde;8
6;M;2010;Miguel;6
7;F;2010;Perla;7
20;F;2011;Ethel;20
5;F;2011;Loïs;12
18;M;2011;Rémi;18
5;M;2011;Saïd;5
7;M;2004;Gianni;7
26;M;2005;Anis;26
6;M;2005;Calixte;6
6;F;2004;Méline;6
96;M;2004;Noé;96
32;M;2024;Nolan;32
28;F;2024;Hortense;28
28;M;2024;Jonas;28
8;M;2006;Rayen;8
23;M;2006;Yohan;23
117;F;2006;Zoé;117
13;F;2007;Eléna;13
119;F;2007;Mathilde;119
45;M;2007;Titouan;45
11;F;2008;Agnès;11
6;M;2008;Ayman;6
48;F;2008;Faustine;48
16;M;2008;Walid;16
6;M;2009;Aksil;6
5;M;2009;Bernard;5
12;M;2009;Eden;12
62;M;2009;Ismaël;62
17;F;2009;Jessica;17
76;F;2009;Laura;76
7;F;2009;Natalia;7
9;M;2009;Paolo;9
78;M;2009;William;78
10;M;2010;Abdoul;10
18;M;2010;Bastien;18
36;F;2010;Bérénice;36
8;M;2010;Denis;8
5;F;2010;Kayla;5
57;M;2010;Liam;57
10;M;2010;Malone;10
7;F;2010;Paula;7
11;M;2010;Thibaud;11
44;M;2011;Antonin;44
6;M;2011;Mustapha;6
7;M;2004;Charlie;7
18;M;2004;Christophe;18
5;F;2005;Elvire;5
6;F;2005;Odélia;6
6;M;2005;Ricardo;6
46;F;2012;Anouk;46
60;M;2012;Charles;60
6;M;2012;Emil;6
6;M;2012;Ishaq;6
13;M;2013;Abdoul;13
6;M;2014;Arié;6
23;F;2014;Bianca;23
47;M;2014;Daniel;47
5;F;2014;Imene;5
6;F;2014;Jihane;6
5;F;2014;Marta;5
36;F;2014;Violette;36
15;F;2015;Amandine;15
18;M;2015;Emile;18
5;M;2015;Malek;5
41;F;2016;Aminata;41
7;F;2016;Fiona;7
24;M;2016;Ismael;24
31;M;2016;Sasha;31
30;F;2017;Blanche;30
29;M;2017;Émile;29
10;F;2017;Gabriella;10
5;F;2017;Leah;5
8;F;2017;Liel;8
14;F;2017;Naïla;14
8;F;2017;Naya;8
24;F;2017;Sirine;24
6;M;2018;Adriel;6
9;M;2018;Archibald;9
5;M;2004;Sylvain;5
9;M;2005;Hamed;9
41;M;2013;Amaury;41
24;M;2014;Youssouf;24
10;F;2015;Prune;10
5;M;2016;Andrew;5
115;F;2016;Gabrielle;115
6;M;2016;Nahel;6
7;M;2016;Roy;7
40;F;2017;Aminata;40
17;F;2017;Louna;17
15;M;2017;Virgile;15
22;M;2023;Elliot;22
18;M;2023;Sami;18
17;F;2023;Naya;17
6;F;2023;Léane;6
6;M;2018;Hélie;6
67;M;2019;Gustave;67
19;F;2019;Imane;19
14;F;2019;Amy;14
9;F;2019;Léane;9
11;M;2006;Filip;11
105;M;2006;Quentin;105
101;M;2006;Tom;101
10;M;2007;Marcel;10
22;F;2009;Ana;22
8;F;2009;Daphnée;8
9;F;2009;Kim;9
7;M;2010;Gaspar;7
23;M;2011;Anthony;23
22;M;2011;Eliot;22
11;F;2011;Florence;11
29;M;2011;Nathanaël;29
5;F;2019;Sidonie;5
94;M;2020;Nathan;94
6;M;2020;Adan;6
59;M;2023;Axel;59
16;M;2023;Mattéo;16
7;F;2023;Amélie;7
6;F;2023;Tina;6
6;F;2012;Cécilia;6
9;F;2012;Ilyana;9
5;M;2012;Joris;5
20;M;2012;Olivier;20
5;F;2012;Théa;5
38;M;2013;Andrea;38
9;F;2013;Assa;9
11;F;2013;Clotilde;11
6;F;2013;Elinor;6
11;M;2013;Yassin;11
38;F;2014;Célia;38
108;M;2015;Clément;108
10;F;2015;Hélène;10
35;F;2015;Julie;35
5;M;2015;Lionel;5
7;F;2015;Maïwenn;7
34;M;2016;Adem;34
12;M;2016;Bakary;12
28;F;2016;Philippine;28
64;M;2016;Yanis;64
5;F;2017;Bonnie;5
95;F;2017;Camille;169
5;F;2017;Isis;5
5;M;2017;Will;5
11;M;2018;Elyes;11
5;F;2018;Fatimata;5
8;F;2018;Quitterie;8
85;M;2019;Eliott;85
26;M;2019;Soan;26
25;F;2019;Ana;25
20;F;2019;Hélène;20
16;M;2019;Rayane;16
10;M;2019;Luc;10
5;M;2020;Eliel;5
155;M;2021;Victor;155
9;M;2020;Gauthier;9
9;M;2020;Jaden;9
7;F;2020;Sakina;7
6;M;2020;Maëlan;6
8;M;2006;Antony;8
6;M;2006;Cameron;6
12;F;2006;Lilas;12
23;M;2006;Timéo;23
20;F;2007;Alyssa;20
19;M;2007;Aurèle;19
9;F;2007;Cléo;9
10;M;2007;Melvyn;10
42;F;2007;Nour;49
272;M;2008;Adam;272
63;M;2008;Antonin;63
21;M;2008;Ariel;21
6;M;2015;Jonah;6
292;F;2015;Louise;292
14;F;2015;Rita;14
16;F;2015;Solène;16
5;M;2015;Swan;5
35;M;2016;César;35
90;F;2016;Clara;90
98;F;2016;Joséphine;98
8;F;2016;Kiara;8
40;F;2016;Maëlys;40
6;M;2016;Massil;6
35;M;2016;Noham;35
10;F;2019;Tasnim;10
5;F;2004;Carlotta;5
11;F;2005;Anouck;11
8;F;2005;Blandine;8
49;F;2005;Eden;59
6;F;2005;Imene;6
9;F;2005;Rahma;9
7;M;2005;Raphael;7
16;F;2005;Sandra;16
33;M;2005;Théophile;33
7;M;2006;Albert;7
5;M;2004;Mehdy;5
9;F;2006;Ashley;9
12;F;2006;Christelle;12
8;F;2006;Christine;8
10;F;2006;Danaé;10
6;M;2006;Pascal;6
7;M;2007;Dominique;7
10;F;2007;Lia;10
41;M;2007;Yassine;41
11;F;2008;Maylis;11
6;M;2008;Richard;6
141;F;2008;Zoé;141
129;M;2009;Ethan;129
7;M;2009;Iban;7
6;F;2009;Ondine;6
225;F;2009;Sarah;225
6;M;2009;Yves;6
38;M;2010;Anton;38
12;F;2010;Aurélie;12
53;M;2010;Mathieu;53
7;F;2011;Aleksandra;7
7;M;2011;Célian;7
7;M;2011;Hédi;7
5;F;2011;Niouma;5
8;M;2011;Stefan;8
30;F;2020;Lisa;30
29;M;2020;Noa;29
16;M;2020;Lorenzo;16
16;F;2020;Elya;16
8;F;2020;Lilas;8
250;M;2021;Adam;250
7;F;2021;Tia;7
7;M;2021;Haron;7
63;F;2010;Yasmine;63
5;F;2011;Armance;5
6;F;2020;Faith;6
150;F;2021;Anna;150
62;F;2021;Camille;62
5;M;2021;Ghali;5
6;M;2004;Moïse;6
28;F;2004;Rania;28
7;F;2006;Hanaé;7
8;M;2006;Justin;8
8;F;2007;Elina;8
45;F;2007;Elise;45
8;M;2007;Hassan;8
8;F;2007;Khadija;8
8;F;2008;Safia;8
16;M;2008;Salim;16
39;M;2008;Sofiane;39
24;F;2009;Clarisse;24
5;F;2009;Elif;5
11;F;2009;Grace;11
36;F;2009;Paloma;36
23;F;2009;Sixtine;23
46;M;2004;Antonin;46
58;F;2004;Elodie;58
18;M;2004;Stéphane;18
126;F;2005;Lou;134
5;M;2008;Eythan;5
20;F;2008;Lara;20
5;F;2008;Nayla;5
50;M;2008;Solal;50
10;F;2009;Alycia;10
5;M;2009;Boubou;5
23;M;2009;Nathanaël;23
24;F;2009;Philippine;24
25;F;2010;Hannah;25
63;M;2010;Léon;63
15;F;2010;Rita;15
5;F;2010;Shayna;5
10;M;2011;Selyan;10
56;M;2004;Yann;56
12;M;2005;Alexander;12
5;M;2005;Corto;5
5;M;2005;Donatien;5
20;M;2005;Jérémie;20
6;F;2005;Shayna;6
22;M;2006;Ahmed;22
5;M;2004;Israël;5
26;M;2022;Nicolas;26
20;F;2022;Maxine;20
15;F;2022;Aliya;15
5;M;2022;Tobias;5
106;F;2022;Joséphine;106
8;F;2012;Joana;8
9;M;2012;Yahya;9
5;M;2012;Ziad;5
6;F;2013;Evy;6
6;M;2013;Gaétan;6
9;M;2013;Melchior;9
87;M;2014;Pierre;87
13;F;2015;Amalia;13
208;M;2015;Victor;208
47;F;2016;Aya;47
5;F;2016;Meryem;5
5;M;2016;Robert;5
9;M;2016;Tim;9
6;M;2016;Yacouba;6
6;F;2017;Ayla;6
39;M;2017;Edgar;39
119;M;2017;Isaac;119
6;F;2017;Marie-Lou;6
5;M;2018;Eloan;5
8;F;2018;Lyana;8
16;F;2018;Maïmouna;16
5;F;2018;Ophélie;5
5;M;2018;Pietro;5
180;M;2019;Paul;180
114;F;2019;Victoria;114
44;M;2019;Alexis;44
12;F;2006;Paola;12
19;M;2007;Adel;19
18;F;2007;Chaïma;18
5;F;2007;Chayma;5
8;F;2007;Francesca;8
9;M;2007;Henry;9
16;M;2007;Julian;16
41;M;2007;Max;41
6;F;2007;Michelle;6
93;F;2007;Romane;93
5;F;2008;Anita;5
74;M;2008;Eliott;74
5;M;2008;Josué;5
12;M;2008;Karl;12
6;F;2008;Leelou;6
40;F;2008;Maïa;40
60;M;2009;Félix;60
5;F;2009;Kayla;5
53;F;2009;Maëlys;53
16;F;2009;Philomène;16
22;M;2010;Anthony;22
10;M;2010;El;10
12;M;2010;Émile;12
5;F;2010;Mélissande;5
6;F;2010;Rym;6
5;F;2011;Arij;5
5;M;2011;Barthélémy;5
6;F;2011;Shelly;6
5;M;2020;Maurice;5
5;F;2020;Aissatou;5
151;F;2021;Adèle;151
65;M;2021;Gustave;65
14;F;2021;Nélia;14
11;F;2021;Lital;11
7;F;2021;Rania;7
6;F;2024;Goundo;6
6;M;2024;Elian;6
5;F;2024;Levly;5
5;M;2024;Sadio;5
7;M;2004;Enguerrand;7
10;M;2004;Loïs;10
8;M;2012;Bruno;8
6;M;2012;Marwane;6
12;M;2012;Younès;12
14;F;2013;Eléa;14
8;F;2013;Joy;8
12;F;2014;Enora;12
5;M;2014;Fallou;5
9;M;2015;Alassane;9
187;F;2018;Jeanne;187
17;F;2018;Khadija;17
58;M;2019;Marin;58
53;M;2019;Nolan;53
35;M;2019;Wassim;35
14;M;2019;Etienne;14
17;M;2006;Ariel;17
5;F;2006;Jihane;5
19;F;2006;Mahaut;19
12;F;2006;Marwa;12
7;M;2006;Tidiane;7
6;M;2007;Carl;6
13;M;2007;Justin;13
33;M;2008;Ali;33
46;M;2009;Lucien;46
75;F;2010;Diane;75
25;F;2010;Giulia;25
22;M;2010;Vincent;22
20;M;2005;Walid;20
57;M;2021;Georges;57
49;M;2021;Milo;49
10;F;2021;Martha;10
54;F;2020;Margot;54
7;M;2020;Eren;7
39;M;2020;Marcel;39
23;F;2020;Paloma;23
22;F;2020;Emna;22
7;M;2020;Souleyman;7
14;F;2021;Serena;14
8;M;2021;Ari;8
8;M;2021;Ian;8
5;M;2021;Mickaël;5
27;M;2004;Marin;27
56;M;2004;Rayane;56
69;F;2006;Margaux;69
8;M;2007;Artus;8
7;F;2007;Linoï;7
7;F;2007;Liv;7
37;F;2007;Noa;68
6;F;2007;Shanon;6
10;F;2008;Adélaïde;10
7;F;2008;Eya;7
14;M;2008;Harry;14
18;M;2008;Neil;18
12;M;2008;Omar;12
5;F;2008;Swann;22
202;F;2009;Alice;202
8;F;2009;Eléna;8
34;M;2009;Max;34
12;M;2009;Swan;12
13;F;2009;Tania;13
6;M;2009;Yvan;6
6;F;2009;Zineb;6
41;M;2010;Ali;41
7;F;2010;Alycia;7
27;F;2010;Assia;27
17;F;2010;Axelle;17
127;M;2010;Gaspard;127
32;F;2011;Célia;32
12;M;2011;Lilian;12
7;F;2011;Linoï;7
29;F;2011;Marguerite;29
17;F;2004;Cassandre;17
7;M;2019;Philippe;7
78;F;2020;Julia;78
25;F;2020;Gaïa;25
18;M;2020;Zacharie;18
11;F;2020;Kayla;11
6;M;2020;Aubin;6
58;F;2021;Clémence;58
20;F;2021;Andrea;20
8;M;2021;Milhan;8
6;M;2021;Oren;6
5;F;2021;Elyne;5
13;F;2012;Anastasia;13
5;M;2012;Camil;5
9;F;2012;Fiona;9
6;F;2012;Gabriella;6
12;F;2012;Luce;12
21;F;2012;Nora;21
72;F;2013;Diane;72
7;M;2013;Lukas;7
11;F;2014;Castille;11
35;M;2014;Moussa;35
5;F;2014;Nadine;5
5;F;2014;Serena;5
14;F;2015;Fleur;14
50;F;2015;Giulia;50
84;M;2015;Ismaël;84
12;M;2015;Jacob;12
15;M;2015;Loïc;15
20;M;2015;Tiago;20
69;F;2016;Elsa;69
8;M;2016;Zakariya;8
7;M;2016;Zayn;7
5;F;2016;Zineb;5
27;M;2017;Bilal;27
14;F;2017;Élisa;14
5;F;2017;Enora;5
18;F;2017;Lison;18
5;M;2017;Uriel;5
23;F;2018;Emilie;23
5;F;2018;Louane;5
19;F;2018;Mona;19
9;M;2018;Sekou;9
48;M;2019;Gabin;48
16;F;2019;Esmée;16
13;M;2019;Matthieu;13
9;M;2019;Nour;9
5;M;2006;Angel;5
36;F;2006;Clarisse;36
20;M;2006;Ibrahima;20
10;M;2006;Laurent;10
6;M;2006;Leo;6
10;M;2006;Lirone;10
21;M;2006;Naël;21
5;F;2006;Sarah-Lou;5
10;F;2007;Aïssata;10
8;F;2007;Aïssatou;8
8;F;2007;Chirine;8
11;M;2007;Vladimir;11
12;M;2007;Zachary;12
7;F;2008;Lilya;7
36;M;2008;Mathéo;36
18;M;2005;Ibrahima;18
6;F;2012;Émilie;6
9;M;2012;Lior;9
5;F;2013;Anita;5
10;M;2013;Idris;10
9;F;2013;Quitterie;9
14;M;2014;Jérémie;14
27;M;2014;Nassim;27
21;F;2015;Aline;21
11;M;2015;Lilian;11
7;M;2015;Naor;7
6;F;2016;Aysha;6
5;F;2009;Anaë;5
69;M;2009;Côme;69
5;F;2009;Lyne;5
14;F;2010;Amira;14
9;F;2010;Halima;9
37;M;2010;Hippolyte;37
11;M;2010;Yannis;11
8;F;2011;Anne;8
5;M;2011;Bradley;5
6;M;2011;Johann;6
13;M;2011;Mouhamed;13
6;F;2011;Sharon;6
54;F;2004;Alicia;54
31;F;2004;Shana;31
11;F;2004;Théa;11
11;F;2005;Asma;11
48;M;2005;Etienne;48
5;F;2005;Maxine;5
9;M;2006;Aloïs;9
26;M;2004;Luca;26
51;F;2004;Rose;51
5;F;2007;Rita;5
29;F;2007;Roxane;29
9;F;2008;Laurine;9
9;F;2009;Emily;9
124;M;2009;Samuel;124
28;F;2009;Tess;28
9;F;2010;Amicie;9
191;M;2011;Lucas;191
5;M;2005;Jamil;5
14;M;2005;Youssouf;14
21;F;2006;Lydia;21
17;F;2006;Rebecca;17
5;F;2006;Samia;5
6;M;2006;Tommy;6
9;F;2007;Bertille;9
7;F;2008;Lahna;7
5;F;2009;Aurélie;5
20;F;2009;Bintou;20
7;F;2009;Christina;7
68;M;2009;Elias;68
15;M;2010;Constantin;15
25;F;2010;Elisabeth;25
15;F;2010;Mariama;15
88;M;2011;Alexis;88
18;F;2011;Lara;18
6;F;2004;Alexane;6
32;M;2005;Lorenzo;32
60;F;2012;Fatoumata;60
6;M;2012;Shaï;6
9;F;2013;Léana;9
5;M;2013;Michaël;5
46;M;2014;Ali;46
32;F;2014;Hanna;32
6;F;2015;Lehna;6
6;F;2015;Nathalie;6
5;M;2020;Enaël;5
27;M;2021;Max;27
6;F;2021;Hermine;6
5;M;2021;Melvil;5
6;M;2019;Asser;6
69;M;2020;Timothée;69
35;F;2020;Maryam;35
10;F;2020;Aïssatou;10
9;M;2020;Mendel;9
12;F;2012;Maëva;12
5;F;2013;Assil;5
7;F;2013;Grâce;7
11;F;2013;Naëlle;11
9;M;2013;Skander;9
79;F;2013;Victoria;79
7;M;2014;Ewen;7
21;F;2014;Léonore;21
173;M;2014;Lucas;173
5;F;2014;Nahia;5
52;F;2015;Fatoumata;52
6;M;2015;Kenan;6
11;M;2015;Marlon;11
19;M;2015;Sasha;19
10;F;2016;Anne;10
37;F;2016;Ines;37
5;F;2016;Mélodie;5
12;M;2016;Olivier;12
5;M;2017;Paolo;5
6;M;2018;Saïd;6
5;F;2016;May;5
6;F;2016;Oumou;6
6;M;2016;Romeo;6
5;M;2017;Gaëtan;5
5;M;2017;Viggo;5
7;M;2017;Zayn;7
21;F;2018;Ilyana;21
18;M;2018;Quentin;18
23;F;2024;Eléonore;23
12;M;2018;Yohan;12
8;M;2024;Yazan;8
30;M;2019;Djibril;30
5;M;2024;Kaylan;5
26;F;2019;Bintou;26
15;M;2020;Lino;15
9;M;2020;Daouda;9
82;M;2021;Octave;82
68;M;2021;Malo;68
86;M;2023;Auguste;86
5;F;2006;Ysé;5
6;F;2007;Alissa;6
5;M;2007;Lazare;5
8;F;2007;Maxine;8
8;F;2008;Aliyah;8
23;F;2008;Clotilde;23
10;F;2008;Pia;10
16;F;2009;Ashley;16
10;F;2009;Olympe;10
12;F;2009;Quitterie;12
32;M;2009;Théophile;32
5;M;2010;Cyril;5
13;F;2010;Ilana;13
120;M;2010;Joseph;120
7;F;2010;Luisa;7
7;F;2011;Elyne;7
6;M;2011;Fodé;6
129;M;2011;Gaspard;129
6;F;2011;Iliana;6
6;M;2011;Louison;6
15;F;2011;Sibylle;15
5;F;2005;Angie;5
5;F;2005;Meryem;5
6;M;2006;Alexander;6
26;M;2004;Ismaël;26
7;M;2004;Kamel;7
5;M;2004;Karamoko;5
91;M;2004;Matthieu;91
6;F;2012;Aurélie;6
11;F;2012;Carmen;11
118;M;2012;Enzo;118
9;F;2012;Helena;9
6;F;2012;Karolina;6
11;F;2012;Laetitia;11
55;F;2013;Elena;55
7;M;2013;Hakim;7
6;F;2013;Kahina;6
6;F;2013;Leonor;6
7;F;2013;Safa;7
24;M;2013;Stanislas;24
17;M;2014;Alexander;17
25;M;2014;Balthazar;25
217;F;2014;Chloé;217
7;F;2014;Joana;7
6;M;2014;Killian;6
13;F;2014;Linda;13
5;F;2014;Lyla;5
9;F;2014;Nawel;9
7;F;2015;Gloria;7
11;F;2015;Rosa;11
20;F;2016;Alba;20
8;F;2016;Kayla;8
28;M;2016;Nathanaël;28
38;M;2017;Aylan;38
19;F;2017;Célestine;19
22;F;2017;Malak;22
5;M;2018;Abdullah;5
5;F;2018;Jessica;5
84;F;2018;Margaux;84
9;F;2018;Mellina;9
27;F;2018;Valentina;27
71;F;2019;Madeleine;71
17;M;2019;Mateo;17
15;F;2019;Axelle;15
10;F;2019;Elizabeth;10
5;F;2019;Yousra;5
40;M;2020;Joshua;40
16;F;2021;Alexandra;16
41;M;2016;Moussa;41
13;M;2017;Lino;13
5;M;2017;Mouhamad;5
7;F;2017;Sacha;147
17;M;2017;Soan;17
115;M;2019;Augustin;115
40;M;2019;Roméo;40
9;F;2019;Zohra;9
7;M;2006;Arno;7
17;F;2006;Enora;17
5;M;2006;Haroun;5
18;F;2007;Assia;18
5;M;2007;Nolann;5
30;F;2008;Mia;30
5;M;2008;Nadir;5
16;M;2008;Philippe;16
25;M;2010;Alex;25
10;F;2010;Lilly;10
16;M;2010;Merlin;16
57;F;2011;Laura;57
109;F;2011;Rose;109
167;M;2011;Thomas;167
5;M;2020;Gael;5
53;M;2021;Lucien;53
37;M;2021;Daniel;37
20;F;2021;Emna;20
8;F;2021;Assiya;8
7;M;2021;Lilian;7
6;F;2021;Gaëlle;6
76;M;2020;Amir;76
8;F;2020;Dalia;8
16;F;2012;Adriana;16
88;M;2012;Benjamin;88
9;M;2012;Jérémie;9
8;F;2012;Loane;8
9;F;2014;Aria;9
18;M;2014;Sandro;18
6;F;2015;Elizabeth;6
32;M;2015;Maximilien;32
97;M;2016;Aaron;97
7;F;2017;Audrey;7
57;M;2017;Noam;57
6;M;2017;Yani;6
18;M;2018;Constantin;18
6;M;2018;Edmond;6
13;M;2018;Ilan;13
5;F;2006;Goundo;5
5;F;2007;Aglaé;5
6;M;2007;Anselme;6
16;F;2007;Vanessa;16
16;M;2008;Léandre;16
5;F;2009;Carolina;5
273;M;2009;Paul;273
44;M;2011;Aurélien;44
5;M;2011;Joe;5
6;F;2020;Yousra;6
9;M;2021;Qassim;9
6;M;2021;Michel;6
5;F;2021;Anissa;5
5;M;2021;Valentino;5
6;F;2019;Thalia;6
28;M;2024;Édouard;28
13;F;2024;Louna;13
12;F;2024;Assa;12
5;F;2024;Catalina;5
32;M;2004;Camille;32
8;M;2012;Célian;8
31;F;2012;Hawa;31
6;F;2013;Amelia;6
20;M;2013;Etienne;20
9;M;2013;Luis;9
13;F;2016;Eline;13
29;M;2016;Romain;29
15;M;2017;Abdoul;15
6;F;2017;Aisha;6
37;F;2018;Élise;37
27;F;2018;Lyna;27
37;F;2019;Lise;37
28;M;2019;Max;28
8;M;2019;Romeo;8
13;F;2006;Anissa;13
12;M;2006;Frédéric;12
48;M;2006;Gabin;48
285;M;2006;Gabriel;285
49;M;2006;Titouan;49
89;M;2007;Axel;89
15;F;2007;Isabelle;15
98;M;2007;Simon;98
25;M;2008;Eric;25
40;M;2008;Esteban;40
10;F;2008;Vanessa;10
8;M;2009;Christophe;8
83;M;2009;Romain;83
6;M;2010;Aristide;6
43;M;2010;Mathéo;43
8;M;2010;Matias;8
7;F;2010;Tasnim;7
6;F;2011;May;6
19;F;2011;Raphaëlle;19
18;F;2005;Aliénor;18
12;M;2005;Auguste;12
34;F;2005;Philippine;34
5;M;2019;Ouriel;5
5;F;2019;Samia;5
22;F;2006;Axelle;22
7;F;2006;Milena;7
8;M;2006;Ugo;8
7;F;2007;Aliyah;7
6;M;2007;Kyliann;6
7;M;2007;Zadig;7
5;F;2008;Celine;5
5;F;2008;Kassandra;5
7;F;2008;Mahault;7
27;F;2008;Thaïs;27
47;F;2010;Anouk;47
5;F;2010;Marthe;5
7;F;2010;Siloé;7
49;F;2011;Daphné;49
17;M;2011;Elliott;17
12;F;2011;June;12
9;F;2011;Lia;9
9;M;2011;Lyes;9
30;M;2011;Sofiane;30
12;M;2004;Yoan;12
23;M;2005;Omar;23
6;F;2020;Syrine;6
5;M;2012;Abraham;5
11;F;2012;Joy;11
9;M;2013;Abdallah;9
22;M;2013;Pablo;22
23;F;2013;Tess;23
5;M;2014;Lyham;5
9;M;2016;Aidan;9
6;M;2016;Fabio;6
23;M;2016;Leo;23
5;F;2016;Milena;5
19;F;2016;Nélia;19
8;M;2017;Abdallah;8
7;M;2017;Ben;7
9;M;2017;Jonah;9
8;M;2017;Tony;8
7;M;2018;Christopher;7
9;F;2018;Ilona;9
8;M;2019;Gauthier;8
60;F;2023;Apolline;60
54;M;2023;Hector;54
6;M;2023;Loan;6
7;F;2024;Yousra;7
5;F;2024;Elikya;5
74;M;2020;Charles;74
30;M;2020;Mathéo;30
9;M;2020;Eyal;9
5;F;2020;Rokia;5
5;F;2020;Sia;5
152;M;2021;Lucas;152
37;F;2021;Alya;37
7;M;2021;Hélie;7
6;F;2021;Solange;6
5;F;2021;Nell;5
27;M;2004;Armand;27
14;F;2004;Cécilia;14
6;M;2004;Sebastian;6
193;F;2005;Chloé;193
11;M;2005;Eloi;11
12;F;2005;Léana;12
6;M;2005;Vianney;6
8;F;2004;Nelly;8
15;F;2006;Cindy;15
9;M;2007;Cyril;9
13;F;2007;Syrine;13
17;M;2008;Dimitri;17
7;M;2008;Valentino;7
19;F;2009;Eléa;19
122;M;2009;Gaspard;122
18;F;2009;Lara;18
10;M;2009;Ryad;10
8;F;2012;Amalia;8
12;F;2012;Élisa;12
35;F;2012;Ines;35
8;M;2012;Lou;8
5;F;2012;Michelle;5
5;M;2012;Philémon;5
11;F;2012;Thelma;11
8;F;2013;Camila;8
106;F;2013;Joséphine;106
25;F;2013;Luna;25
7;M;2014;Joakim;7
13;M;2014;Lou;13
12;F;2014;Lya;12
13;F;2014;Maeva;13
6;F;2014;Matilde;6
356;M;2015;Adam;356
28;M;2015;Alex;28
20;M;2015;Constantin;20
9;F;2015;Eléa;9
33;F;2015;Faustine;33
55;F;2022;Margaux;55
24;M;2022;Leonardo;24
18;M;2022;Romeo;18
14;F;2022;Eugénie;14
7;M;2022;Melvil;7
5;M;2022;Eyden;5
5;F;2022;Hind;5
8;M;2022;Jonah;8
71;M;2024;Samuel;71
70;M;2024;Hugo;70
61;F;2024;Giulia;61
7;F;2024;Djamila;7
5;F;2024;Zineb;5
47;M;2023;Lucien;47
16;F;2023;Soline;16
8;F;2023;Toscane;8
114;F;2023;Emma;114
73;F;2023;Romy;73
6;M;2023;Nahel;6
38;F;2023;Hanna;38
18;M;2023;Swann;18
6;F;2017;Irina;6
18;F;2017;Léana;18
8;M;2019;Arié;8
8;F;2006;Ranya;8
10;F;2008;Lauren;10
14;F;2009;Estelle;14
5;M;2009;Wissem;5
5;F;2010;Aude;5
16;M;2010;Johan;16
55;F;2010;Léonie;55
6;F;2010;Swann;19
17;F;2011;Laure;17
5;F;2011;Talya;5
49;M;2021;Marin;49
114;F;2020;Romy;114
9;M;2020;Étienne;9
8;M;2020;Gaëtan;8
6;M;2011;Enguerrand;6
171;F;2011;Léa;171
5;M;2019;Leny;5
6;M;2006;Jessy;6
22;F;2007;Lili;22
5;M;2007;Teddy;5
5;M;2008;Dominique;5
68;F;2009;Alix;68
5;F;2009;Éloïse;5
6;F;2009;Lilie;6
5;M;2009;Viggo;5
32;M;2012;Milan;32
5;F;2013;Beya;5
5;F;2013;Deborah;5
5;F;2014;Olympia;5
17;M;2014;Sohan;17
15;F;2016;Éloïse;15
6;M;2016;Mahdi;6
29;F;2016;Manel;29
87;F;2023;Diane;87
87;F;2023;Sarah;87
22;M;2023;Lamine;22
6;F;2023;Énola;6
5;M;2023;Aubin;5
5;F;2023;Sacha;5
13;F;2024;Maëlle;13
15;M;2015;Gauthier;15
10;M;2015;Jérémie;10
176;M;2015;Lucas;176
8;M;2015;Luis;8
34;M;2015;Matthieu;34
11;F;2016;Djeneba;11
13;M;2016;Marwan;13
7;M;2016;Menahem;7
10;F;2016;Paula;10
11;M;2017;Elyas;11
80;F;2017;Léonie;80
21;F;2017;Mahault;21
10;M;2017;Mayeul;10
8;M;2017;Michael;8
6;M;2017;Theodore;6
10;F;2018;Angela;10
17;M;2018;Balthazar;17
132;M;2018;Hugo;132
6;F;2018;Nesrine;6
49;F;2018;Olympe;49
39;F;2018;Sara;39
34;M;2019;Arsène;34
185;M;2010;Antoine;185
6;F;2010;Maïly;6
5;F;2010;Sibylle;5
23;F;2011;Alexia;23
10;F;2011;Éloïse;10
5;F;2011;Hajar;5
9;F;2011;Lahna;9
12;F;2011;Lilas;12
5;M;2011;Lounis;5
27;M;2011;Nassim;27
5;F;2012;Camelia;5
11;F;2012;Éva;11
6;M;2012;Jayson;6
14;M;2013;Adel;14
7;F;2013;Bella;7
34;M;2013;Eden;34
12;M;2013;Eric;12
5;F;2013;Iman;5
29;M;2013;Nael;29
166;F;2014;Camille;253
81;M;2014;Jean;81
5;F;2014;Maéva;5
30;M;2014;Max;30
20;M;2015;Aurèle;20
6;F;2015;Linda;6
15;M;2016;Dimitri;15
17;M;2016;Ilyas;17
60;F;2017;Noémie;60
117;F;2018;Iris;117
14;F;2010;Luce;14
12;F;2010;Mayssa;12
5;F;2010;Yaëlle;5
23;F;2011;Colombe;23
30;F;2011;Imane;30
22;M;2011;Léandre;22
6;F;2011;Marina;6
14;M;2004;Alan;14
16;F;2004;Flavie;16
6;F;2020;Louve;6
5;F;2020;Catalina;5
35;M;2021;Luca;35
30;F;2021;Andréa;30
13;F;2021;Carmen;13
12;M;2021;Imrane;12
5;F;2021;Elie;5
6;M;2006;Alexy;6
31;M;2023;Jonas;31
14;M;2023;André;14
15;M;2023;Tristan;15
12;M;2023;Rafaël;12
9;F;2023;Malia;9
9;M;2022;Ilian;9
6;M;2022;Nolann;6
43;M;2022;Nolan;43
16;M;2022;Emmanuel;16
12;F;2022;Ines;12
7;M;2022;Colin;7
5;F;2022;Luciana;5
21;F;2022;Bianca;21
12;F;2022;Malia;12
5;M;2023;Imad;5
13;M;2022;Swann;13
8;F;2022;Yuna;8
6;M;2022;Quentin;6
9;M;2017;Nabil;9
33;F;2019;Ines;33
12;F;2019;Safa;12
8;M;2007;Adrian;8
7;F;2007;Athénaïs;7
35;F;2007;Faustine;35
5;M;2008;Danny;5
6;F;2008;Kaïna;6
280;M;2008;Raphaël;280
7;M;2009;Patrick;7
11;M;2009;Salim;11
104;F;2009;Victoria;104
19;M;2010;Adem;19
17;F;2010;Kelly;17
8;F;2010;Maud;8
7;M;2010;Sekou;7
28;F;2011;Alma;28
66;F;2011;Capucine;66
22;M;2011;Mohammed;22
5;M;2011;Tao;5
35;F;2005;Céleste;35
8;F;2005;Domitille;8
7;F;2005;Erika;7
35;M;2005;Esteban;35
190;F;2005;Mathilde;190
5;F;2019;Mélodie;5
5;F;2019;Zeyneb;5
23;F;2021;Myriam;23
12;M;2021;Arié;12
5;F;2021;Yasmina;5
10;M;2022;Albert;10
7;M;2022;Nahël;7
5;F;2011;Yamina;5
142;F;2011;Zoé;142
78;M;2012;Eliott;78
35;F;2013;Anouk;35
5;F;2013;Charlize;5
5;F;2013;Fatim;5
8;M;2013;Hélie;8
7;M;2013;Jack;7
5;F;2014;Angie;5
97;F;2014;Gabrielle;97
9;F;2015;Kim;9
73;M;2016;Alexis;73
14;F;2016;Daria;14
19;M;2016;Julian;19
42;F;2016;Liv;42
20;F;2016;Norah;20
6;F;2016;Penda;6
6;F;2018;Camilia;6
10;M;2018;Lior;10
5;F;2018;Lynn;5
63;F;2019;Fatoumata;63
7;F;2012;Maxine;7
16;F;2012;Shirel;16
16;M;2013;Kenzo;16
6;F;2013;Lehna;6
45;M;2013;Léopold;45
65;M;2013;Lucien;65
5;F;2014;Aïna;5
6;F;2014;Djena;6
6;M;2014;Honoré;6
6;F;2014;Lauren;6
57;M;2015;Amir;57
14;F;2015;Candice;14
57;M;2015;Edgar;57
7;M;2015;Mouhamadou;7
10;F;2015;Quitterie;10
9;F;2016;Aimée;9
28;M;2016;Edouard;28
7;F;2016;Sandra;7
18;M;2019;Ange;18
15;F;2019;Yara;15
12;M;2019;Joaquim;12
9;M;2019;Walid;9
38;M;2006;Elliot;38
22;M;2006;Joachim;22
6;F;2006;Nicole;6
18;M;2007;Ivan;18
7;F;2007;Janelle;7
14;M;2007;Jordan;14
256;M;2007;Louis;256
12;M;2008;Gaëtan;12
8;M;2008;Jérémie;8
9;F;2008;Norah;9
24;M;2008;Zakaria;24
50;M;2009;Evan;50
154;F;2009;Zoé;154
19;M;2010;Anas;19
26;F;2010;Flora;26
6;F;2010;Zoë;6
5;F;2011;Antonia;5
74;F;2011;Apolline;74
9;M;2011;Christopher;9
5;F;2011;Shaïma;5
6;M;2019;Eddy;6
5;F;2019;Bertille;5
30;F;2020;Emy;30
20;F;2020;Valentina;20
8;F;2020;Romie;8
5;M;2005;Gary;5
16;F;2005;Isaure;16
9;M;2005;Lamine;9
15;M;2019;Grégoire;15
8;M;2006;Amin;8
14;F;2006;Maryam;14
57;M;2021;Jean;57
6;F;2007;Elyssa;6
27;F;2021;Jasmine;27
87;M;2008;Tom;87
15;M;2021;Iyed;15
14;F;2009;Ariane;14
13;M;2021;Edmond;13
256;M;2009;Louis;256
8;F;2021;Elyana;8
8;F;2009;Nélia;8
23;M;2004;Issa;23
27;M;2009;Sasha;27
5;M;2010;Alpha;5
8;M;2010;Kamil;8
8;F;2010;Sacha;172
43;M;2010;Théodore;43
16;M;2011;James;16
22;F;2011;Lucile;22
24;F;2011;Marine;24
42;M;2011;Mathias;42
22;F;2004;Aïcha;22
243;F;2004;Camille;275
67;M;2020;Abel;67
52;M;2020;Théodore;52
44;M;2020;Ahmed;44
8;M;2020;Amos;8
17;M;2004;Souleymane;17
7;M;2005;Stéphane;7
7;M;2005;Yoann;7
5;M;2005;Zinedine;5
31;F;2021;Alicia;31
8;F;2021;Isis;8
5;M;2004;Rubens;5
5;F;2017;Frida;5
12;M;2017;Melvil;12
7;F;2017;Meryem;7
5;M;2018;Alessandro;5
8;F;2018;Assya;8
20;F;2018;Leïla;20
7;F;2018;Leonor;7
9;F;2018;Liyah;9
10;M;2018;Marco;10
25;M;2018;Noham;25
24;M;2019;Marcus;24
24;F;2019;Ilyana;24
10;M;2019;Jack;10
8;M;2006;Gaspar;8
9;F;2006;Olympe;9
6;F;2006;Satine;6
37;M;2007;Emmanuel;37
7;F;2007;Nicole;7
5;F;2007;Rym;5
5;F;2008;Andrea;27
9;M;2008;Benoît;9
6;F;2008;Ève;6
43;F;2009;Eden;55
12;F;2009;Éva;12
11;M;2009;Jean-Baptiste;11
13;M;2009;Lior;13
14;F;2009;Marina;14
30;F;2010;Alma;30
7;F;2010;Fantine;7
12;F;2010;Mona;12
6;F;2011;Cassandra;6
6;F;2011;Elizabeth;6
8;F;2011;Elly;8
163;M;2011;Jules;163
6;F;2011;Nola;6
8;M;2011;Sébastien;8
6;F;2004;Alba;6
5;M;2004;Francis;5
12;F;2004;Gaïa;12
6;F;2004;Grâce;6
6;M;2005;Henry;6
36;F;2005;Lilou;36
29;F;2005;Madeleine;29
25;M;2005;Timothé;25
69;M;2005;William;69
76;F;2020;Romane;76
68;M;2020;Ethan;68
56;M;2020;Hector;56
36;F;2020;Hanna;36
35;F;2020;Hortense;35
34;F;2020;Khadija;34
26;M;2020;Mehdi;26
12;M;2020;Nils;12
9;M;2020;Giulian;9
5;F;2020;Agatha;5
78;M;2021;Ulysse;78
11;M;2021;Souleyman;11
6;M;2021;Ayaan;6
6;M;2021;Jaden;6
5;M;2021;Constant;5
9;F;2004;Mélodie;9
8;F;2004;Rahma;8
23;F;2004;Raphaëlle;23
5;F;2022;Dora;5
36;F;2023;Esther;36
25;F;2023;Zélie;25
13;F;2023;Amelia;13
8;M;2023;Zakarya;8
8;F;2023;Inayah;8
23;M;2022;Jacob;23
15;F;2022;Ethel;15
5;M;2022;Othman;5
53;M;2022;Robin;53
36;F;2022;Sara;36
22;M;2022;Iyad;22
69;F;2024;Agathe;69
34;F;2024;Esmée;34
15;F;2024;Kayla;15
5;M;2024;Ayaz;5
26;M;2023;Soan;26
89;M;2022;Marceau;89
7;M;2022;Nahyl;7
6;F;2022;Irina;6
17;F;2024;Maïmouna;17
16;M;2023;Élie;16
15;M;2023;Elliott;15
6;M;2023;Léandro;6
190;F;2023;Louise;190
37;M;2023;Charlie;37
8;F;2022;Clémentine;8
120;F;2022;Lina;120
39;F;2022;Fanta;39
34;M;2022;Alexis;34
38;M;2023;Sohan;38
26;F;2023;Stella;26
5;F;2023;Lylia;5
12;F;2024;Emy;12
21;M;2004;Cédric;21
6;F;2004;Nayla;6
92;M;2012;Aaron;92
20;M;2012;Dorian;20
12;M;2012;Justin;12
29;F;2012;Manel;29
15;F;2012;Melina;15
10;M;2012;Selyan;10
25;F;2012;Sidonie;25
12;M;2012;Téo;12
9;F;2013;Angelina;9
7;F;2013;Arielle;7
6;F;2013;Ilana;6
7;F;2013;Marina;7
11;F;2013;Tali;11
10;M;2014;Chris;10
5;F;2014;Kimia;5
16;M;2014;Mahé;16
7;F;2014;Marine;7
8;M;2014;Zakarya;8
5;F;2014;Zoey;5
6;M;2015;Chmouel;6
29;F;2015;Pia;29
7;M;2015;Richard;7
17;F;2016;Adélaïde;17
8;M;2016;Giacomo;8
6;F;2017;Chayma;6
35;F;2017;Fatima;35
13;M;2017;Kamil;13
5;F;2017;Tehila;5
6;M;2018;Karl;6
5;F;2018;Rime;5
24;M;2019;Tiago;24
10;M;2019;Adil;10
31;F;2006;Shirel;31
110;M;2007;Baptiste;110
5;F;2007;Cyrielle;5
21;F;2007;Eléa;21
105;F;2007;Pauline;105
29;M;2007;Théodore;29
6;F;2007;Valérie;6
5;F;2007;Yaëlle;5
20;F;2008;Charlie;35
13;M;2008;Gaston;13
15;M;2008;Marin;15
81;M;2008;Théo;81
7;M;2008;Zadig;7
10;M;2009;Cyril;10
22;F;2009;Farah;22
11;M;2009;Ismaïl;11
5;M;2009;Israel;5
24;M;2009;Kenzo;24
11;M;2009;Samba;11
19;M;2010;Aksel;19
6;M;2010;Brieuc;6
6;F;2010;Daria;6
123;M;2010;Léo;123
56;F;2023;Thelma;56
11;F;2010;Talia;11
24;F;2023;Jenna;24
13;F;2010;Tania;13
23;F;2023;Faustine;23
42;M;2011;Edouard;42
13;M;2023;Ilyas;13
6;M;2011;El;6
11;F;2023;Layla;11
8;M;2011;Mahé;8
8;M;2023;Colin;8
80;M;2011;Pierre;80
7;F;2023;Élia;7
5;M;2011;Reda;5
6;M;2023;Mayeul;6
5;M;2011;Térence;5
5;M;2023;Kays;5
24;M;2011;Tiago;24
5;F;2023;Anaé;5
8;M;2004;Youcef;8
9;F;2005;Fleur;9
6;F;2005;Hiba;6
15;M;2005;Idriss;15
6;M;2005;Josué;6
29;F;2006;Aïcha;29
75;M;2021;Ethan;75
10;M;2021;Avi;10
10;M;2021;Charly;10
9;F;2021;Clarisse;9
6;F;2021;Safa;6
7;F;2019;Antonia;7
6;F;2019;Solange;6
21;F;2020;Ariane;21
19;F;2020;Coline;19
7;F;2020;Héléna;7
6;M;2020;Gustavo;6
6;M;2020;Stefan;6
18;F;2012;Élise;18
9;F;2012;Erin;9
19;M;2012;Etienne;19
19;M;2012;Marcus;19
5;F;2012;Suzie;5
54;F;2013;Alicia;54
12;M;2014;Elliott;12
15;F;2014;Leïla;15
28;M;2014;Samy;28
8;F;2014;Zineb;8
6;F;2015;Alina;6
22;F;2015;Amélie;22
33;M;2015;Andrea;33
39;F;2015;Eléonore;39
93;F;2015;Héloïse;93
14;M;2016;Dylan;14
5;F;2016;Fatma;5
6;F;2016;Layane;6
7;M;2016;Lior;7
8;F;2017;Dalia;8
11;M;2017;Lévi;11
8;M;2017;Salman;8
7;M;2017;Stefan;7
101;F;2004;Emilie;101
18;F;2004;Enora;18
6;F;2005;Alysson;6
28;F;2005;Ava;28
21;F;2005;Jessica;21
9;F;2005;Lorraine;9
11;M;2005;Mateo;11
41;F;2004;Mélissa;41
7;F;2004;Paula;7
21;F;2012;Albane;21
54;F;2012;Lila;54
19;F;2012;Ninon;19
14;F;2013;Morgane;14
6;M;2013;Stéphane;6
5;M;2014;Amara;5
6;M;2015;Mayas;6
27;M;2015;Nael;27
21;M;2015;Owen;21
43;M;2015;Vadim;43
88;M;2016;Clément;88
57;F;2006;Diane;57
16;F;2006;Fanta;16
16;M;2006;Mohammed;16
5;M;2006;Pietro;5
18;M;2007;Gaël;18
16;M;2007;Ibrahima;16
74;F;2007;Lola;74
7;F;2008;Célina;7
5;F;2008;Malika;5
7;F;2008;Marylou;7
23;M;2009;Anatole;23
44;M;2009;Daniel;44
6;M;2009;Joël;6
16;F;2009;Loane;16
17;F;2009;Maïmouna;17
172;M;2009;Mohamed;172
6;M;2009;Yannis;6
15;F;2010;Cassandra;15
30;F;2010;Eugénie;30
42;F;2010;Lilia;42
39;M;2010;Rafael;39
5;M;2010;Ronan;5
11;F;2010;Sabrina;11
30;F;2011;Hanna;30
7;M;2011;Harry;7
5;M;2011;Tommy;5
6;F;2004;Brune;6
6;M;2004;Elio;6
125;M;2004;Yanis;125
16;M;2004;Youssouf;16
18;M;2005;Bryan;18
7;M;2005;Daouda;7
10;M;2005;Darius;10
18;M;2005;Zacharie;18
8;F;2006;Aïda;8
30;F;2021;Lyna;30
22;M;2021;Emile;22
11;M;2021;Otto;11
13;F;2020;Angelina;13
10;F;2012;Aïssata;10
12;F;2012;Aurore;12
5;F;2012;Béatrice;5
9;M;2012;Célestin;9
17;F;2012;Rania;17
8;F;2012;Sienna;8
17;M;2013;Ange;17
5;M;2013;Cyprien;5
66;F;2013;Elisa;66
6;M;2013;Jeremy;6
8;F;2013;Joanne;8
6;M;2013;Khalil;6
13;F;2014;Amandine;13
8;F;2014;Bertille;8
88;F;2014;Elsa;88
7;M;2014;Josh;7
63;M;2014;Marius;63
5;F;2014;Oriane;5
41;M;2014;Vadim;41
5;F;2017;Ariana;5
6;M;2018;Salman;6
23;M;2019;Nael;23
44;M;2024;Noam;44
6;F;2024;Ania;6
49;F;2023;Yasmine;49
16;F;2023;Aaliyah;16
13;M;2023;Camil;13
6;F;2023;Ophélie;6
5;M;2023;Arlo;5
5;F;2023;Hind;5
5;M;2011;Arié;5
63;M;2020;Léonard;63
21;F;2020;Mahaut;21
13;M;2020;Abdallah;13
8;M;2020;Imrân;8
6;F;2020;Bertille;6
16;F;2021;Arya;16
12;M;2021;Elijah;12
6;M;2021;Yassin;6
45;F;2006;Aya;45
24;M;2006;Léon;24
5;F;2006;Mouna;5
13;F;2007;Livia;13
24;F;2007;Rachel;24
12;F;2009;Anissa;12
33;M;2009;Mattéo;33
7;M;2012;Ephraïm;7
87;M;2013;Axel;87
6;M;2013;Hamidou;6
9;F;2013;Isabella;9
30;M;2013;Nino;30
5;F;2013;Suzie;5
26;M;2014;César;26
10;M;2014;Matthias;10
9;F;2015;Kadidia;9
15;M;2015;Lino;15
6;F;2015;Salimata;6
10;F;2015;Tahel;10
5;M;2016;Bruno;5
9;F;2017;Rebecca;9
6;F;2018;Amaia;6
140;F;2019;Charlotte;140
15;M;2004;Abdoulaye;15
10;M;2004;Gaétan;10
7;M;2004;Guilhem;7
14;M;2005;Ewan;14
7;M;2005;Sean;7
19;F;2004;Lena;19
91;M;2022;Maël;91
43;F;2022;Camille;43
6;F;2022;Aïsha;6
6;M;2023;Joan;6
5;M;2023;Sofiane;5
5;F;2023;Délia;5
5;F;2023;Médina;5
76;F;2023;Maya;76
15;M;2023;Emmanuel;15
7;F;2023;Léopoldine;7
13;M;2015;Vincent;13
7;M;2016;Alan;7
5;F;2016;Arya;5
49;F;2016;Pauline;49
5;F;2017;Elissa;5
14;M;2017;Hassan;14
6;F;2017;Mayar;6
8;F;2018;Ariana;8
20;F;2018;Julie;20
36;M;2019;Evan;36
18;M;2019;Andréa;18
21;F;2010;Camélia;21
11;F;2010;Cléo;11
5;M;2011;Sohan;5
12;M;2024;Darius;12
8;F;2024;Philippa;8
8;M;2024;Eliam;8
6;F;2024;Layan;6
6;M;2024;Mazen;6
25;F;2022;Jannah;25
9;F;2022;Amaya;9
7;M;2022;Tao;7
5;M;2022;Orphée;5
96;F;2022;Diane;96
89;M;2022;Simon;89
77;M;2022;Eliott;77
10;F;2022;Calypso;10
6;M;2022;Harouna;6
6;M;2022;Jack;6
52;M;2022;Marin;52
22;F;2022;Lyna;22
11;F;2022;Lyne;11
8;M;2022;Joan;8
9;F;2019;Solveig;9
8;M;2019;Eliakim;8
7;F;2006;Cynthia;7
67;F;2006;Rose;67
5;M;2007;Adil;5
51;F;2007;Aya;51
41;M;2007;Lucien;41
25;M;2008;Abdoulaye;25
6;F;2008;Angela;6
31;F;2008;Céleste;31
5;F;2008;Chirine;5
5;F;2008;Lauryn;5
47;F;2008;Marion;47
9;F;2008;Mayssa;9
9;F;2008;Nada;9
9;M;2008;Steven;9
40;M;2008;Titouan;40
6;F;2009;Ania;6
14;F;2009;Camélia;14
6;F;2009;Flavie;6
13;F;2009;Kelly;13
16;F;2009;Sana;16
5;M;2010;Aksil;5
7;F;2010;Enola;7
12;M;2010;Leo;12
9;F;2010;Rahma;9
19;F;2010;Rosalie;19
21;F;2011;Axelle;21
32;M;2011;Guillaume;32
27;F;2004;Ariane;27
7;F;2004;Hélèna;7
5;M;2019;Robinson;5
21;M;2020;Mathias;21
16;F;2020;Paula;16
15;M;2020;Malik;15
6;M;2020;Raoul;6
9;F;2005;Amélia;9
9;M;2005;Elyas;9
9;F;2005;Manuela;9
32;M;2005;Olivier;32
5;F;2020;Layane;5
14;F;2021;Safiya;14
9;M;2021;Aubin;9
7;M;2021;Lysandre;7
12;M;2006;Aurèle;12
6;M;2006;Emilio;6
11;F;2006;Liora;11
37;F;2006;Maëlys;37
30;F;2007;Ninon;30
5;M;2008;Clarence;5
5;M;2010;Sylvain;5
33;F;2011;Anouk;33
14;F;2011;Sonia;14
6;F;2005;Lindsay;6
6;F;2004;Natalia;6
6;F;2012;Agnès;6
13;M;2012;Aymeric;13
10;F;2014;Diana;10
6;M;2014;Jonah;6
12;F;2015;Selena;12
55;F;2016;Ambre;55
5;F;2024;Barbara;5
118;M;2012;Adrien;118
19;F;2012;Jasmine;19
26;M;2013;Abdoulaye;26
27;F;2013;Amina;27
6;F;2013;Divine;6
11;M;2013;Ismaïl;11
18;M;2013;Kevin;18
13;F;2014;Fleur;13
12;F;2014;Mina;12
8;M;2014;Yohan;8
31;F;2015;Isaure;31
74;M;2015;Maxence;74
50;F;2015;Noémie;50
46;F;2015;Sophie;46
8;M;2016;Akram;8
11;F;2016;Enora;11
114;F;2016;Victoria;114
7;F;2016;Zohra;7
10;F;2017;Ilyana;10
5;F;2017;Leila;5
5;F;2017;Liana;5
6;F;2017;Nafissatou;6
7;M;2017;Niels;7
22;M;2018;Anis;22
21;F;2018;Aurore;21
6;M;2018;Giovanni;6
7;F;2018;Lehna;7
7;F;2018;Mariem;7
6;M;2018;Marvin;6
15;F;2018;Noor;15
80;F;2019;Héloïse;80
19;F;2019;Irène;19
12;F;2019;Lital;12
20;F;2010;Carla;20
6;F;2010;Mathilda;6
13;M;2011;Lino;13
17;M;2011;Luka;17
8;M;2011;Milhan;8
21;F;2011;Rebecca;21
9;M;2011;Ryad;9
7;F;2011;Soumaya;7
94;M;2020;Antoine;94
35;F;2020;Assia;35
15;F;2020;Ilyana;15
11;F;2020;Éline;11
8;M;2020;Henry;8
6;F;2020;Anaya;6
79;F;2021;Mila;79
77;F;2021;Fatoumata;77
39;F;2021;Isaure;39
26;M;2021;Ambroise;26
9;M;2021;Ilay;9
7;M;2021;Carl;7
7;M;2021;Nour;7
5;M;2021;Mody;5
12;M;2004;Michel;12
106;M;2006;Julien;106
8;F;2006;Liza;8
6;M;2006;Matthéo;6
11;M;2006;Rodrigue;11
25;F;2007;Aïcha;25
24;F;2007;Ariane;24
14;F;2007;Emeline;14
6;F;2007;Kim;6
7;M;2007;Laurent;7
13;F;2007;Maé;13
7;M;2007;Siméon;7
10;M;2007;Thibaut;10
17;M;2008;Auguste;17
8;F;2008;Binta;8
73;F;2008;Julia;73
6;M;2008;Loan;6
5;M;2008;Yoël;5
8;M;2009;Aydan;8
7;F;2009;Kadidiatou;7
34;F;2009;Kenza;34
11;F;2009;Méline;11
34;M;2004;Elie;34
14;F;2004;Ema;14
17;M;2005;Adama;17
22;F;2005;Hanna;22
26;M;2005;Jacques;26
37;M;2005;Moussa;37
5;F;2005;Nisrine;5
14;M;2005;Nolan;14
9;F;2005;Sana;9
9;M;2005;Siméon;9
22;F;2005;Stella;22
25;F;2024;Leya;25
22;M;2024;Nael;22
21;F;2024;Sara;21
16;M;2024;Boubacar;16
15;F;2024;Louisa;15
10;M;2022;Henry;10
9;F;2022;Estelle;9
5;M;2022;Abdou;5
21;F;2022;Rita;21
10;M;2022;Yossef;10
7;F;2022;Éva;7
6;F;2022;Mélissa;6
5;F;2022;Suzie;5
14;F;2024;Amelia;14
10;M;2024;Ilan;10
7;M;2024;Karim;7
18;M;2022;Hadrien;18
31;F;2023;Philippine;31
27;M;2023;Marcel;27
17;M;2023;Amine;17
17;M;2023;Imrân;17
11;M;2023;Aristide;11
6;M;2023;Isayah;6
6;F;2023;Amel;6
27;M;2024;Zayd;27
11;F;2024;Coumba;11
22;M;2023;Balthazar;22
11;F;2023;Maxime;11
6;F;2024;Maïra;6
6;F;2024;Naava;6
93;F;2023;Victoria;93
8;M;2023;Mahdi;8
5;F;2023;Kyara;5
18;F;2023;Eugénie;18
17;M;2023;Nahil;17
5;M;2023;Anthony;5
5;F;2023;Kadija;5
64;F;2012;Iris;64
6;F;2012;Luisa;6
6;M;2014;Pierre-Louis;6
17;F;2016;Camélia;17
25;M;2016;Lorenzo;25
12;F;2016;Prune;12
22;M;2017;Luka;22
7;F;2018;Angèle;7
6;M;2018;Hussein;6
76;M;2019;Thomas;76
11;M;2019;Mouhamadou;11
26;M;2006;Lucien;26
12;F;2007;Linda;12
5;F;2007;Taly;5
15;F;2009;Anya;15
5;F;2009;Kamélia;5
21;F;2009;Sacha;140
22;M;2004;Djibril;22
6;M;2005;Amara;6
7;M;2005;Marouane;7
18;F;2010;Emmy;18
17;M;2010;Léandre;17
8;M;2010;Nelson;8
36;F;2024;Ellie;36
12;F;2024;Tara;12
10;F;2024;Valentina;10
7;F;2024;Niya;7
6;M;2024;Nour;6
242;M;2024;Adam;242
34;F;2024;Élise;34
28;M;2024;Youssouf;28
10;F;2024;Tessa;10
8;M;2024;Suleyman;8
5;F;2024;Intissar;5
16;M;2024;Romeo;16
5;F;2024;Tess;5
12;F;2023;Anaya;12
7;F;2023;Laure;7
22;F;2024;Gabriella;22
11;M;2024;Jonah;11
7;F;2024;Charlize;7
71;M;2022;Valentin;71
64;F;2022;Agathe;64
11;F;2019;Farah;11
9;M;2006;Ayman;9
8;F;2006;Carlotta;8
12;F;2006;Cassandra;12
37;M;2006;Etienne;37
5;F;2006;Kyara;5
10;F;2006;Lucy;10
128;M;2006;Nicolas;128
7;F;2006;Thalia;7
13;F;2007;Camélia;13
100;M;2007;Quentin;100
9;F;2007;Yousra;9
12;M;2008;Ange;12
5;M;2008;Bradley;5
10;F;2008;Clothilde;10
5;F;2008;Marjane;5
8;F;2008;Tasnim;8
9;M;2009;Demba;9
14;M;2009;Johan;14
9;F;2009;Melina;9
5;F;2009;Noélie;5
10;M;2009;Yassin;10
13;M;2010;Andy;13
12;F;2010;Eya;12
6;F;2010;Haby;6
5;M;2010;Jayden;5
8;F;2010;Noélie;8
7;F;2010;Sephora;7
12;F;2010;Sidonie;12
5;F;2010;Sira;5
122;M;2011;Augustin;122
6;M;2011;Loris;6
12;M;2011;Oren;12
18;F;2011;Solène;18
25;F;2022;Capucine;25
22;M;2004;Eloi;22
6;F;2022;Cécile;6
8;F;2019;Hanaé;8
5;F;2022;Tamara;5
142;M;2020;Alexandre;142
103;F;2020;Alix;103
57;M;2020;Clément;57
37;M;2020;Pablo;37
31;M;2020;Idriss;31
21;F;2020;Yaël;21
13;F;2020;Serena;13
7;M;2020;Jed;7
5;M;2005;Aboubacar;5
15;M;2005;Adel;15
7;M;2005;Melchior;7
7;M;2005;Neil;7
131;F;2021;Gabrielle;131
27;F;2021;Paloma;27
21;F;2021;Maëlys;21
10;F;2021;Rebecca;10
8;M;2021;Mouhamad;8
7;M;2021;Etienne;7
6;F;2021;Jill;6
5;F;2004;Mya;5
19;M;2022;Ilyas;19
12;M;2022;Matéo;12
8;M;2022;Emir;8
6;F;2022;Joanne;6
41;M;2023;Adrien;41
6;M;2023;Orphée;6
23;M;2022;Naor;23
16;M;2022;Édouard;16
8;M;2022;Qassim;8
8;F;2022;Ariana;8
7;M;2022;Mattia;7
5;M;2022;Hamed;5
18;M;2024;Nathanaël;18
8;F;2024;Amélie;8
7;F;2024;Bluma;7
7;M;2024;Éden;7
5;M;2024;Liham;5
8;M;2012;El;8
17;M;2013;Malik;17
20;M;2014;Timothé;20
5;M;2016;Ryad;5
17;F;2017;Mahaut;17
13;M;2017;Soren;13
30;M;2018;Mamadou;30
157;M;2019;Alexandre;157
10;M;2019;Mathieu;10
30;M;2007;Anatole;30
7;M;2007;Riyad;7
37;M;2008;Kylian;37
6;M;2006;Alain;6
10;F;2004;Irina;10
7;M;2010;Luke;7
6;M;2011;Arman;6
76;F;2023;Nina;76
6;F;2023;Alina;6
9;M;2012;Mayeul;9
21;F;2012;Tess;21
21;M;2013;Balthazar;21
11;F;2013;Elissa;11
65;F;2013;Lisa;65
87;M;2014;Camille;87
6;F;2014;Charlène;6
9;M;2016;Seydina;9
14;F;2017;Léane;14
18;M;2019;Nassim;18
11;F;2010;Marilou;11
9;M;2010;Nikola;9
6;M;2010;Thierno;6
5;F;2004;Adélaïde;5
5;M;2020;Makan;5
90;M;2021;Marius;90
5;F;2021;Justine;5
102;M;2004;Tom;102
55;M;2005;Antonin;55
42;M;2005;Daniel;42
6;M;2005;Lancelot;6
8;F;2005;Louison;13
42;F;2023;Hawa;42
9;F;2023;Assa;9
134;F;2023;Olivia;134
5;F;2023;Taly;5
6;M;2012;Ezio;6
5;F;2012;Nada;5
11;F;2013;Bertille;11
6;F;2013;Carolina;6
5;F;2014;Adeline;5
5;F;2014;Alaa;5
27;F;2014;Alexandra;27
10;F;2015;Antonia;10
146;M;2015;Augustin;146
6;F;2015;Imene;6
5;F;2015;Zeynab;5
6;M;2016;Adriano;6
132;M;2016;Léo;132
5;M;2016;Lysandre;5
57;F;2023;Alya;57
11;M;2023;Zéphyr;11
9;F;2023;Liya;9
8;M;2023;Iyed;8
5;M;2023;Bandiougou;5
111;M;2023;Aaron;111
30;M;2023;Ambroise;30
5;F;2023;Abigaïl;5
35;M;2022;Baptiste;35
31;M;2022;Omar;31
19;F;2022;Aaliyah;19
9;M;2022;Ilyès;9
5;M;2022;Jordan;5
120;F;2022;Alice;120
68;M;2022;Ismaël;68
33;F;2022;Sasha;33
25;M;2022;Isaïah;25
22;F;2022;Elya;22
14;F;2022;Fatou;14
13;M;2022;Neil;13
7;M;2022;Rafaël;7
6;M;2022;Lewis;6
6;F;2022;Agatha;6
62;M;2012;Isaac;62
6;M;2013;Aymane;6
9;M;2013;Lior;9
6;F;2013;Matilda;6
5;F;2013;Rana;5
5;F;2014;Annabelle;5
6;M;2014;Matias;6
13;F;2014;Maud;13
12;M;2015;Dorian;12
15;F;2015;Émilie;15
14;M;2015;Ezra;14
7;F;2015;Maia;7
12;M;2016;Adama;12
9;F;2017;Angelina;9
5;F;2017;Cloé;5
173;F;2017;Emma;173
13;F;2018;Ayline;13
10;M;2018;Boubacar;10
11;M;2019;Mattéo;11
33;F;2010;Mia;33
289;M;2011;Adam;289
6;F;2011;Agnès;6
7;F;2011;Liora;7
5;F;2011;Ophélie;5
5;M;2019;Pharell;5
15;M;2020;Tiago;15
7;F;2020;Alaïa;7
89;M;2021;Camille;89
5;F;2021;Haby;5
154;M;2006;Clément;154
7;F;2006;Malak;7
7;M;2007;Alfred;7
7;F;2007;Sana;7
8;M;2007;Yoann;8
11;F;2008;Aurélie;11
21;F;2008;Bintou;21
11;M;2008;Fares;11
60;M;2008;Noam;60
12;F;2009;Maëva;12
10;M;2009;Melchior;10
8;M;2009;Nizar;8
8;F;2009;Solveig;8
50;M;2004;Amine;50
7;F;2004;Sylvie;7
6;M;2004;Wandrille;6
26;F;2023;Aliyah;26
6;M;2023;Selim;6
5;M;2023;Idrissa;5
8;F;2004;Aïssata;8
29;M;2005;Isaac;29
13;M;2005;Joachim;13
10;F;2005;Louisa;10
37;M;2005;Mathéo;37
7;F;2005;Néné;7
24;F;2012;Farah;24
25;M;2022;Zakaria;25
13;F;2022;Sidra;13
12;M;2022;Élio;12
10;F;2022;Mariame;10
81;F;2022;Charlie;81
9;M;2022;Hedi;9
10;F;2013;Hajar;10
5;F;2013;Taïna;5
12;M;2018;Lou;12
12;F;2018;Rebecca;12
8;M;2009;Elliott;8
38;F;2009;Lilia;38
5;F;2010;Sylia;5
18;M;2011;Amadou;18
14;M;2023;Sam;14
7;M;2023;Jonathan;7
9;M;2004;Dany;9
12;M;2004;Téo;12
35;M;2005;Dimitri;35
22;F;2005;Grace;22
15;F;2004;Lydia;15
13;F;2004;Maéva;13
21;F;2012;Pénélope;21
19;M;2012;Younes;19
10;F;2013;Maram;10
44;M;2013;Solal;44
6;M;2014;Marwane;6
7;F;2015;Joyce;7
5;F;2015;Maëva;5
13;M;2015;Melchior;13
23;M;2016;Joachim;23
6;M;2016;Skander;6
75;F;2016;Suzanne;75
29;F;2016;Thaïs;29
6;F;2017;Goundo;6
8;M;2017;Kiyan;8
27;F;2017;Livia;27
6;M;2017;Mylan;6
7;M;2017;Saad;7
6;F;2017;Sybille;6
53;M;2017;Tom;53
8;F;2018;Ève;8
7;F;2018;Rim;7
93;F;2019;Sarah;93
10;M;2006;Kilian;10
12;M;2006;Sam;12
7;M;2006;Samba;7
14;M;2006;Stéphane;14
10;F;2007;Élise;10
5;M;2007;Erwann;5
8;M;2007;Farès;8
60;F;2007;Léna;60
16;F;2008;Coline;16
6;M;2008;Dany;6
5;F;2008;Jihane;5
5;F;2008;Malia;5
21;F;2009;Chaïma;21
7;F;2009;Imène;7
17;M;2010;Aboubacar;17
23;F;2010;Lison;23
8;M;2010;Marko;8
36;F;2010;Mélissa;36
16;F;2010;Serena;16
7;F;2011;Annaëlle;7
20;F;2011;Brune;20
8;M;2011;Émile;8
191;M;2011;Victor;191
5;M;2020;Assad;5
138;F;2021;Eva;138
9;F;2021;Yuna;9
6;M;2021;Saad;6
6;M;2019;Michel;6
6;F;2019;Mélia;6
22;F;2020;Augustine;22
18;M;2020;Emile;18
14;M;2020;Julien;14
9;M;2024;Mattia;9
10;M;2020;Nassim;10
8;F;2024;Kadiatou;8
8;F;2024;Océane;8
5;F;2024;Mayssa;5
5;M;2024;Warren;5
30;F;2024;Eden;30
17;M;2024;Milan;17
14;F;2024;Yaël;14
30;F;2022;Marie;30
25;M;2022;Souleymane;25
19;M;2022;Levi;19
14;M;2022;Ilan;14
11;M;2012;Arnaud;11
23;F;2012;Emy;23
5;F;2012;Hermine;5
7;F;2012;Naïa;7
8;M;2013;Giovanni;8
8;F;2013;Meïssa;8
54;F;2014;Anouk;54
6;M;2015;Élio;6
6;M;2012;Antony;6
6;F;2012;Chayma;6
6;F;2012;Fériel;6
42;M;2012;Gustave;42
7;F;2012;Lya;7
6;M;2012;Thibaud;6
28;F;2013;Clémentine;28
7;F;2013;Gloria;7
9;F;2013;Lital;9
6;M;2014;Anaël;6
32;F;2024;Anaïs;32
7;F;2014;Cléophée;7
9;F;2024;Imane;9
5;F;2014;Eleanor;5
15;M;2014;Iyed;15
7;M;2014;Jean-Baptiste;7
14;M;2014;Kylian;14
9;M;2014;Mael;9
87;M;2014;Rayan;87
8;M;2015;Bakary;8
8;M;2015;Ben;8
36;M;2015;James;36
6;M;2015;Paolo;6
16;M;2015;Soren;16
9;F;2016;Bonnie;9
5;M;2016;Bosco;5
8;M;2016;Joël;8
12;M;2016;Kamil;12
20;M;2016;Mathys;20
6;M;2017;Damien;6
145;F;2017;Lina;145
5;M;2017;Nohan;5
57;F;2012;Emilie;57
44;F;2012;Garance;44
19;F;2013;Diana;19
5;M;2013;Elouan;5
42;F;2015;Lila;42
7;F;2015;Yaëlle;7
7;M;2016;Lévi;7
6;F;2016;Tali;6
20;F;2017;Hannah;20
24;M;2018;Amaury;24
36;M;2018;Elio;36
5;F;2020;Téa;5
24;M;2020;Abdoulaye;24
19;F;2020;Célia;19
7;F;2020;Goundo;7
5;F;2006;Chloë;5
15;F;2006;Ethel;15
10;F;2006;Iman;10
6;F;2006;Maéva;6
46;F;2007;Chiara;46
36;M;2007;Loïc;36
10;M;2015;Menahem;10
9;M;2016;Alassane;9
10;M;2016;Gaëtan;10
9;M;2016;Khalil;9
7;F;2016;Kim;7
5;F;2016;Lea;5
51;F;2016;Mariam;51
13;F;2016;Milla;13
202;M;2016;Paul;202
5;F;2017;Inayah;5
8;F;2017;Lilas;8
5;F;2017;Mayline;5
28;M;2018;Haroun;28
8;F;2018;Joey;8
15;M;2018;Mateo;15
7;M;2018;Adil;7
11;M;2019;Eli;11
5;F;2018;Aïna;5
9;M;2019;Andreas;9
13;F;2018;Aliya;13
5;M;2004;Aymar;5
19;F;2004;Camélia;19
39;F;2018;Isaure;39
23;F;2004;Sonia;23
80;M;2018;Timothée;80
24;F;2005;Audrey;24
5;F;2005;Khadidja;5
8;M;2005;Marcel;8
12;M;2019;Thiago;12
14;F;2006;Amira;14
5;F;2010;Joy;5
13;F;2004;Mariama;13
15;M;2004;Niels;15
95;F;2004;Nina;95
52;M;2004;Robin;52
12;F;2006;Elia;12
7;F;2006;Gabriela;7
9;F;2006;Gaïa;9
33;F;2006;Mariam;33
21;M;2007;Nolan;21
12;F;2008;Enora;12
6;F;2008;Lehna;6
10;F;2008;Tiffany;10
6;M;2008;Yoan;6
21;M;2008;Younes;21
8;F;2009;Aaliyah;8
72;M;2009;Charles;72
11;F;2009;Léana;11
193;F;2010;Camille;253
24;M;2011;Elliot;24
77;F;2011;Victoria;77
5;F;2019;Eulalie;5
5;F;2019;Mathilda;5
44;F;2020;Maria;44
8;M;2020;Yohan;8
8;F;2020;Sacha;8
134;M;2021;Hugo;134
77;F;2021;Ambre;77
8;M;2021;El;8
5;F;2021;Méline;5
73;F;2023;Agathe;73
19;M;2023;Yassine;19
16;F;2023;Kenza;16
15;F;2023;Philippa;15
12;F;2023;Lyne;12
6;M;2023;Waël;6
114;F;2012;Charlotte;114
6;F;2012;Jana;6
17;F;2012;Melissa;17
17;F;2012;Olympe;17
8;F;2013;Loane;8
61;M;2014;Tristan;61
12;F;2015;Bertille;12
5;M;2015;Gaspar;5
6;F;2015;Meryl;6
22;M;2015;Yassine;22
7;F;2016;Assya;7
7;F;2016;Chayma;7
10;F;2016;Cindy;10
12;M;2016;Rémi;12
9;F;2016;Syrine;9
11;M;2017;Anes;11
10;F;2017;Jannah;10
6;F;2017;Lily-Rose;6
10;F;2017;Oumou;10
5;F;2017;Shira;5
51;M;2018;Achille;51
15;M;2018;Alexander;15
16;F;2018;Jannah;16
11;F;2018;Philomène;11
7;M;2006;Gary;7
5;F;2006;Noor;5
100;F;2006;Romane;100
5;M;2006;Yani;5
5;M;2007;Abraham;5
78;F;2007;Ambre;78
7;F;2007;Daphnée;7
64;F;2007;Myriam;64
15;F;2007;Tatiana;15
31;F;2008;Alma;31
7;F;2008;Ambrine;7
15;F;2008;Ashley;15
8;M;2008;Brieuc;8
69;M;2008;Elias;69
15;F;2008;Louison;23
5;M;2008;Othman;5
12;M;2008;Owen;12
18;F;2009;Fatou;18
6;M;2009;Lubin;6
30;F;2009;Naomi;30
11;M;2009;Sébastien;11
5;M;2010;Alain;5
11;F;2010;Lily-Rose;11
6;M;2011;Imad;6
33;F;2011;Maëlys;33
5;F;2011;Monica;5
6;F;2011;Sélène;6
12;F;2021;Neyla;12
10;F;2021;Luce;10
8;F;2021;Leïa;8
6;F;2021;Melissa;6
6;M;2021;Morgan;6
13;M;2024;Dylan;13
6;F;2024;Nicole;6
5;F;2024;Aysha;5
5;F;2024;Nelly;5
9;M;2006;Célestin;9
35;F;2006;Ines;35
10;F;2006;Johanna;10
11;M;2006;Marcus;11
5;F;2006;Marylou;5
5;M;2006;Sylvain;5
5;M;2006;Zadig;5
29;M;2007;Ayoub;29
8;M;2007;Gianni;8
39;M;2007;Yacine;39
5;F;2008;Alissa;5
10;F;2008;Cindy;10
9;F;2008;Elissa;9
13;F;2008;Ethel;13
7;F;2008;Iman;7
12;F;2008;Léana;12
6;F;2008;Prisca;6
5;M;2009;Antony;5
14;M;2009;Aymen;14
23;M;2009;Dorian;23
48;F;2009;Justine;48
9;M;2009;Morgan;9
9;F;2010;Angélique;9
68;F;2010;Iris;68
10;M;2010;Malick;10
9;F;2010;Soraya;9
9;F;2011;Line;9
8;F;2011;Liza;8
113;M;2011;Samuel;113
6;M;2005;Youri;6
6;F;2004;Léana;6
16;F;2004;Lily;16
15;F;2004;Melissa;15
8;M;2012;Joakim;8
9;M;2012;Luis;9
17;F;2012;Naëlle;17
5;F;2012;Quitterie;5
16;F;2013;Amira;16
34;M;2013;Nathanaël;34
6;M;2013;Silas;6
68;M;2013;Valentin;68
14;M;2013;Vincent;14
5;M;2014;Brayan;5
62;F;2014;Constance;62
43;M;2014;Kaïs;43
19;M;2014;Loïc;19
17;M;2015;Dimitri;17
7;F;2015;Tamara;7
6;M;2016;Aedan;6
21;M;2016;Luka;21
25;F;2020;Nelya;25
22;F;2020;Lilya;22
17;F;2020;Gabriella;17
12;F;2020;Ivy;12
10;M;2020;Qassim;10
9;F;2020;Djeneba;9
7;M;2020;Eloi;7
5;F;2004;Alessia;5
19;F;2004;Domitille;19
7;M;2004;Eugène;7
7;M;2004;Skander;7
74;F;2004;Valentine;74
8;F;2005;Bénédicte;8
95;M;2005;Charles;95
7;M;2005;Jimmy;7
14;F;2005;Maryam;14
5;F;2005;Tosca;5
17;M;2004;Mohammed;17
14;M;2018;Aly;14
5;F;2018;Artémis;5
7;F;2018;Cecilia;7
20;M;2018;Sasha;20
7;M;2018;Souleyman;7
5;M;2019;Lucca;5
5;F;2019;Habiba;5
17;M;2020;Milan;17
8;M;2020;Isayah;8
72;F;2021;Mia;72
63;F;2021;Mariam;63
12;M;2021;Milann;12
8;M;2021;Rafaël;8
5;M;2024;Miguel;5
12;M;2004;Amadou;12
13;M;2004;Ewen;13
42;F;2004;Marion;42
7;F;2012;Ketsia;7
73;M;2012;Marius;73
177;M;2012;Maxime;177
5;M;2012;Richard;5
38;F;2012;Roxane;38
33;M;2012;Solal;33
81;M;2013;Eliott;81
85;F;2013;Léonie;85
6;F;2013;Lili;6
5;F;2013;Maëva;5
15;F;2013;Pia;15
13;F;2013;Ysée;13
23;F;2014;Aliya;23
17;M;2015;Swann;17
14;F;2016;Angèle;14
5;F;2016;Audrey;5
15;F;2016;Clotilde;15
55;M;2016;Hector;55
12;M;2016;Joud;12
10;M;2016;Kassim;10
92;F;2016;Victoire;92
7;M;2017;Constant;7
5;M;2017;Guilhem;5
6;F;2017;Liza;6
13;F;2017;Neïla;13
6;M;2017;Vasco;6
5;F;2018;Anais;5
21;F;2018;Mya;21
40;M;2019;Aylan;40
14;M;2019;Julien;14
13;F;2019;Assa;13
13;F;2019;Liyah;13
9;M;2019;Ben;9
9;M;2019;Mendel;9
8;M;2019;Arthus;8
6;M;2006;Louis-Marie;6
14;F;2006;Yona;14
24;M;2007;Anthony;24
20;F;2007;Candice;20
8;M;2007;Dario;8
6;F;2007;Fatouma;6
22;F;2007;Lena;22
11;F;2007;Ornella;11
6;M;2008;Andrei;6
18;M;2008;Bakary;18
19;M;2008;Elyes;19
5;M;2008;Kenji;5
9;M;2008;Morgan;9
5;M;2008;Muhammad;5
119;M;2008;Noah;119
20;M;2009;Dan;20
7;F;2009;Johanna;7
7;M;2009;Leny;7
6;F;2009;Yamina;6
77;F;2010;Ava;77
5;F;2010;Siham;5
50;M;2011;Léonard;50
96;M;2011;Maxence;96
5;M;2011;Nouha;5
43;F;2011;Océane;43
45;M;2004;Ulysse;45
6;F;2005;Calista;6
8;F;2005;Gaëlle;8
7;F;2005;Shaïma;7
6;F;2020;Noée;6
5;F;2021;Keyla;5
246;M;2020;Louis;246
11;M;2020;Elijah;11
8;M;2020;Christ;8
7;M;2004;Aubin;7
6;F;2005;Amicie;6
22;M;2006;Alban;22
13;M;2004;Ousmane;13
24;M;2012;Kevin;24
5;M;2012;Mahdi;5
8;F;2012;Malika;8
12;F;2012;Nell;12
5;F;2013;Yuna;5
10;F;2015;Maud;10
12;M;2015;Zakariya;12
15;M;2016;Ferdinand;15
34;F;2006;Lyna;34
8;F;2007;Katia;8
42;M;2008;Gabin;42
8;M;2008;Léni;8
13;F;2008;Lia;13
19;F;2008;Nora;19
6;F;2009;Marilou;6
10;M;2010;Farès;10
39;F;2010;Lena;39
30;F;2011;Estelle;30
5;M;2011;Inza;5
19;F;2011;Mina;19
72;F;2004;Alix;80
8;F;2004;Anaé;8
26;M;2004;Diego;26
13;M;2005;Adem;13
16;F;2005;Melissa;16
6;F;2011;Yousra;6
25;F;2012;Anaëlle;25
7;M;2012;Maximilian;7
29;M;2012;Omar;29
5;F;2012;Zeinab;5
9;F;2013;Agnès;9
10;F;2013;Isabelle;10
5;M;2014;Nathaël;5
14;F;2015;Charline;14
9;F;2016;Hiba;9
22;M;2024;Pierre;22
5;F;2024;Kany;5
35;M;2023;Luca;35
5;M;2023;Corentin;5
43;F;2024;Aya;43
34;M;2024;Pio;34
8;M;2017;Gianni;8
57;F;2019;Pia;57
21;M;2019;Matteo;21
12;M;2019;Ian;12
6;F;2019;Tahel;6
64;F;2020;Inaya;64
28;F;2021;Dina;28
8;M;2016;Moustapha;8
36;M;2017;Jonas;36
59;M;2017;Marceau;59
6;M;2017;Mohamed-Amine;6
338;M;2018;Gabriel;338
30;F;2018;Lilia;30
39;M;2018;Pablo;39
7;M;2018;Yassin;7
34;M;2019;Nino;34
34;F;2019;Aliyah;34
28;F;2019;Hana;28
21;M;2006;Milan;21
5;F;2006;Nouha;5
11;M;2006;Steven;11
6;M;2007;Aly;6
6;F;2007;Ania;6
21;M;2007;Damien;21
6;M;2007;Malick;6
6;F;2007;Mathilda;6
16;F;2007;Nathalie;16
7;F;2007;Ysé;7
30;F;2008;Aminata;30
13;F;2008;Anne;13
5;M;2008;Billal;5
112;M;2008;Mathis;112
6;M;2008;Menahem;6
5;F;2008;Shayma;5
10;M;2009;Adame;10
75;F;2009;Agathe;75
6;M;2009;Erwann;6
8;F;2009;Félicie;8
175;F;2009;Juliette;175
13;F;2009;Naïla;13
83;M;2009;Quentin;83
30;F;2010;Amandine;30
21;F;2010;Amélie;21
26;M;2010;Aymen;26
34;F;2010;Céleste;34
17;F;2010;Charline;17
6;F;2010;Dahlia;6
6;F;2010;Kim;6
7;F;2010;Maëline;7
70;M;2010;Mehdi;70
34;F;2011;Kenza;34
18;F;2011;Louisa;18
27;M;2021;Noa;27
22;M;2021;Andréa;22
8;M;2021;Aliocha;8
5;F;2021;Ariana;5
5;M;2021;Marlo;5
81;M;2020;Martin;81
9;F;2020;Sira;9
7;M;2020;Yacoub;7
7;F;2020;Coumba;7
7;F;2020;Naïla;7
37;M;2023;Elie;37
10;M;2023;Gianni;10
10;M;2023;Walid;10
7;M;2023;Riyad;7
5;M;2023;Cosmo;5
9;M;2012;Marley;9
6;M;2012;Stanley;6
43;M;2012;Yassine;43
14;M;2012;Yohan;14
7;M;2013;Emilio;7
9;F;2015;Elodie;9
9;F;2015;Hafsa;9
7;M;2015;Kendrick;7
79;F;2015;Nour;79
9;F;2015;Serena;9
7;M;2016;Harry;7
12;F;2016;Leyna;12
9;F;2016;Nicole;9
16;M;2016;Salim;16
9;M;2016;Xavier;9
5;M;2017;Selyan;5
23;M;2017;Tiago;23
5;M;2005;Matthis;5
104;M;2020;Liam;104
5;F;2020;Zeynab;5
11;M;2007;Ludovic;11
7;M;2008;Hicham;7
5;F;2008;Kayla;5
52;M;2008;Roman;52
26;M;2009;Eloi;26
17;M;2009;Maxim;17
7;F;2011;Héléna;7
6;M;2004;Aboubakar;6
7;F;2019;Laetitia;7
6;M;2019;Stefan;6
5;M;2019;Alhassane;5
5;M;2019;Kenan;5
26;M;2020;Tristan;26
7;F;2020;Cécile;7
6;M;2020;Loïc;6
80;M;2021;Léonard;80
12;M;2021;Rayane;12
8;M;2021;Jonathan;8
13;F;2012;Caroline;13
20;F;2014;Hannah;20
7;F;2014;Thelma;7
38;M;2016;Anton;38
8;M;2016;Elon;8
6;M;2016;Pietro;6
98;F;2016;Romane;98
8;M;2016;Saïd;8
7;F;2017;Eulalie;7
5;F;2017;Meryam;5
8;M;2017;Nazim;8
6;F;2018;Léonor;6
45;F;2019;Lila;45
12;F;2006;Carmen;12
72;F;2006;Elise;72
6;F;2006;Liv;6
119;F;2007;Anna;119
7;M;2007;Jason;7
5;M;2008;Michaël;5
23;M;2020;Adem;23
14;M;2020;Elyas;14
7;F;2020;Ariana;7
60;M;2021;Ilyan;60
13;M;2005;Gustave;13
5;M;2005;Naïm;5
9;F;2005;Tatiana;9
7;F;2005;Zineb;7
11;M;2006;Paolo;11
121;M;2007;Mathis;121
72;F;2007;Valentine;72
161;M;2009;Hugo;161
14;F;2009;Nine;14
126;M;2012;Ethan;126
5;M;2012;Giacomo;5
16;M;2013;Walid;16
6;F;2021;Alyah;6
6;M;2021;Jelani;6
5;F;2021;Josephine;5
7;F;2004;Tessa;7
5;M;2005;Cristiano;5
5;M;2005;Denis;5
18;M;2020;Sami;18
6;F;2020;Cléophée;6
27;M;2006;Andrea;27
5;M;2006;Lazar;5
25;M;2006;Timothé;25
30;M;2008;Nils;30
15;F;2008;Shirel;15
17;F;2009;Enora;17
11;M;2009;Gauthier;11
48;F;2009;Ines;48
14;F;2010;Cloé;14
41;M;2010;Guillaume;41
41;F;2010;Luna;41
10;F;2010;Maé;10
13;M;2010;Marwan;13
18;M;2011;Ambroise;18
22;M;2011;Dimitri;22
7;F;2011;Hiba;7
24;F;2011;Léane;24
14;M;2004;Evann;14
61;F;2005;Diane;61
6;F;2005;Meïssa;6
26;F;2005;Sirine;26
8;M;2011;Yani;8
8;M;2011;Zakariya;8
69;F;2012;Agathe;69
21;M;2012;Aurèle;21
6;M;2012;Damian;6
20;M;2012;Kenzo;20
42;M;2012;Nicolas;42
26;M;2012;Thibault;26
10;M;2013;Ben;10
13;F;2013;Olympe;13
90;M;2014;Aaron;90
5;F;2014;Melissa;5
13;F;2014;Tessa;13
44;F;2015;Elisa;44
132;F;2015;Mila;132
55;M;2015;Tom;55
36;M;2016;Ahmed;36
5;M;2016;Aron;5
6;F;2016;Elif;6
12;M;2016;Hayden;12
17;F;2016;Maïmouna;17
13;M;2016;Matthias;13
10;F;2016;Melissa;10
117;M;2016;Samuel;117
33;F;2017;Eden;89
17;M;2017;Mathieu;17
7;M;2017;Mohamed-Lamine;7
7;F;2017;Thalia;7
7;F;2018;Eliana;7
6;M;2018;Eyad;6
28;F;2023;Élise;28
13;M;2023;Marlon;13
11;M;2023;Elyes;11
6;M;2023;Ézéchiel;6
6;F;2023;Loïs;6
5;M;2023;Kingsley;5
14;M;2012;Eric;14
33;M;2012;Kylian;33
5;F;2012;Rym;5
5;M;2013;Ahmad;5
5;F;2013;Mamou;5
8;M;2013;Marlon;8
21;M;2013;Sasha;21
43;M;2014;Achille;43
7;M;2014;Florent;7
73;M;2014;Ismaël;73
17;M;2015;Corentin;17
29;F;2015;Jasmine;29
8;M;2017;Malek;8
7;M;2017;Saïd;7
5;F;2005;Safia;5
12;F;2006;Fiona;12
9;M;2006;Gianni;9
159;F;2006;Jeanne;159
7;F;2006;Maïwenn;7
153;F;2006;Mathilde;153
7;F;2007;Shany;7
8;M;2009;Tancrède;8
72;F;2009;Yasmine;72
7;F;2010;Cyrine;7
199;F;2010;Eva;199
32;M;2010;Gustave;32
8;F;2011;Alyah;8
72;M;2011;Gabin;72
14;M;2020;Ben;14
14;M;2020;Bilal;14
6;F;2020;Abigaëlle;6
5;F;2020;Meriem;5
38;F;2021;Anouk;38
18;F;2021;Gaïa;18
10;F;2008;Nicole;10
7;M;2009;Alexy;7
7;F;2009;Aurélia;7
5;M;2009;Aymane;5
16;M;2009;Christian;16
24;M;2009;Damien;24
8;M;2009;Nabil;8
28;M;2009;Zacharie;28
5;F;2010;Élodie;5
13;M;2011;Fares;13
20;F;2011;Louane;20
13;F;2004;Viviane;13
10;F;2005;Dana;10
10;M;2004;Karl;10
46;F;2023;Luna;46
6;M;2023;Hussein;6
59;M;2012;Evan;59
24;M;2012;Georges;24
23;M;2012;Hamza;23
15;M;2012;James;15
9;F;2012;Maelle;9
9;F;2012;Oriane;9
8;F;2013;Ayah;8
5;M;2013;Youness;5
60;F;2014;Agathe;60
174;M;2014;Maxime;174
25;F;2014;Naomi;25
9;F;2015;Camila;9
10;F;2015;Nayla;10
19;F;2016;Aliyah;19
60;F;2016;Capucine;60
9;F;2016;Carla;9
13;F;2016;Ethel;13
16;F;2016;Flora;16
30;F;2016;Khadija;30
9;F;2017;Aïsha;9
7;M;2017;Andreas;7
9;F;2017;Elly;9
8;M;2017;Filip;8
5;F;2017;Nadine;5
29;F;2018;Blanche;29
39;M;2018;César;39
8;M;2018;Erwan;8
20;F;2018;Lara;20
7;M;2018;Siméon;7
71;M;2019;Théo;71
41;F;2019;Maryam;41
32;M;2019;Jonas;32
10;F;2019;Elina;10
29;F;2010;Ana;29
6;M;2010;Baudouin;6
20;F;2010;Dina;20
13;F;2010;Louison;13
8;M;2010;Marouane;8
73;M;2010;Romain;73
5;M;2010;Willy;5
16;F;2011;Caroline;16
51;F;2011;Eléonore;51
8;F;2011;Éva;8
24;M;2011;Loïc;24
38;F;2011;Madeleine;38
14;M;2011;Robinson;14
53;M;2011;Ulysse;53
12;F;2004;Emily;12
6;F;2020;Maelys;6
5;M;2020;Barnabé;5
5;M;2020;Boubou;5
72;M;2021;Achille;72
31;F;2021;Hortense;31
15;F;2021;Rachel;15
8;M;2021;Zakariya;8
6;M;2021;Isidore;6
5;F;2021;Grâce;5
140;M;2005;Adrien;140
24;F;2005;Coline;24
36;M;2012;Adem;36
5;F;2012;Adja;5
14;F;2012;Charline;14
7;M;2012;Kenny;7
277;M;2012;Louis;277
5;M;2012;Neil;5
10;F;2013;Alia;10
5;F;2013;Coralie;5
8;F;2013;Énora;8
49;M;2013;Hadrien;49
10;F;2013;Milena;10
9;F;2014;Helena;9
10;M;2014;Issam;10
7;M;2014;Matis;7
9;F;2014;Ritej;9
35;M;2014;Théodore;35
5;M;2015;Juba;5
18;M;2015;Mathieu;18
9;F;2016;Melina;9
14;M;2017;Ange;14
20;F;2017;Elya;20
5;M;2017;Matei;5
9;F;2017;Tasnime;9
11;F;2018;Alexia;11
146;M;2018;Isaac;146
142;M;2018;Sacha;142
86;M;2019;Simon;86
35;F;2019;Olympe;35
21;M;2019;Gaston;21
18;M;2019;Naor;18
11;F;2019;Paula;11
12;M;2006;Cédric;12
7;M;2006;Émile;7
14;F;2006;Tara;14
7;M;2006;Yaya;7
16;F;2007;Charline;16
85;F;2007;Gabrielle;85
8;F;2007;Imène;8
5;F;2007;Malika;5
9;M;2007;Nikola;9
71;M;2007;Timothée;71
18;F;2008;Amina;18
35;F;2008;Blanche;35
9;M;2008;Ewan;9
22;M;2008;Mohammed;22
5;F;2009;Khadidiatou;5
29;M;2009;Lorenzo;29
9;F;2009;Loubna;9
37;M;2009;Solal;37
25;F;2009;Solène;25
5;F;2009;Téa;5
5;F;2010;Alia;5
5;M;2010;Franck;5
5;M;2010;George;5
34;M;2010;Hadrien;34
81;F;2010;Héloïse;81
8;F;2011;Luce;8
16;F;2011;Maxine;16
5;M;2020;Mahmoud;5
31;M;2021;Jayden;31
15;F;2021;Assa;15
5;M;2021;Adan;5
7;F;2019;Angelina;7
5;F;2019;Tasnime;5
63;M;2023;Samuel;63
62;M;2023;Aylan;62
30;M;2023;Clément;30
23;F;2023;Eline;23
12;F;2023;Halima;12
10;M;2023;Alessandro;10
5;F;2023;Imani;5
71;F;2008;Margot;71
13;F;2008;Paola;13
13;M;2009;Gaston;13
43;M;2009;Mathéo;43
5;F;2010;Levana;5
5;F;2010;Matilde;5
7;F;2010;Moïra;7
68;M;2010;Tristan;68
6;M;2011;Jimmy;6
6;F;2011;Shérine;6
5;M;2005;Alessandro;5
13;M;2005;André;13
39;F;2005;Claire;39
8;M;2005;Ramy;8
5;M;2005;Shayan;5
9;M;2021;François;9
6;F;2021;Anaë;6
5;F;2021;April;5
5;F;2021;Azélie;5
5;F;2021;Michelle;5
6;F;2019;Loïs;6
6;F;2019;Perle;6
30;F;2020;Amina;30
26;M;2020;Matthieu;26
19;M;2020;Diego;19
7;M;2020;Tobias;7
157;F;2005;Lucie;157
8;M;2005;Matias;8
28;M;2005;Stanislas;28
7;M;2004;Jean-Marc;7
34;M;2004;Jérémy;34
15;M;2004;Julian;15
20;F;2004;Maria;20
19;M;2012;Aksel;19
5;F;2012;Daria;5
38;F;2013;Aminata;38
9;F;2014;Anne;9
8;M;2014;Ben;8
24;F;2006;Angelina;24
8;M;2007;Yohann;8
10;F;2008;Delphine;10
7;F;2009;Jane;7
10;F;2005;Athénaïs;10
75;M;2005;Félix;75
5;M;2005;Jordy;5
6;F;2020;Leila;6
46;M;2023;Souleymane;46
44;F;2023;Isaure;44
9;F;2023;Hidaya;9
6;F;2023;Edmée;6
38;F;2021;Lola;38
20;M;2021;Sandro;20
10;F;2021;Lia;10
6;F;2021;Solveig;6
6;M;2021;Hélios;6
7;F;2019;Élisa;7
56;M;2020;Noam;56
26;F;2020;Eléonore;26
9;F;2020;Lili;9
46;F;2012;Céleste;46
5;M;2012;Enguerrand;5
6;F;2012;Hania;6
156;M;2012;Sacha;156
11;M;2012;Yoan;11
9;F;2013;Line;9
8;F;2013;Maxine;8
10;M;2014;Amin;10
5;F;2014;Arwen;5
6;F;2014;Dahlia;6
170;M;2014;Hugo;170
7;M;2014;Jeremy;7
5;M;2014;Kenny;5
7;M;2014;Léandro;7
9;M;2014;Pharell;9
6;M;2015;Boubou;6
57;F;2015;Maya;57
29;F;2015;Nora;29
7;F;2016;Adja;7
12;F;2016;Zahra;12
7;M;2017;Ewen;7
12;M;2017;Mahé;12
5;F;2017;Naelle;5
11;F;2017;Rym;11
8;F;2018;Lydia;8
21;M;2018;Max;21
142;M;2019;Léo;142
109;F;2019;Romane;109
61;M;2019;Abel;61
27;M;2024;Zakaria;27
5;M;2024;Ben;5
59;F;2024;Ella;59
8;F;2024;Héléna;8
6;F;2024;Abigail;6
6;F;2024;Elif;6
8;M;2024;Eyden;8
229;F;2013;Alice;229
346;F;2013;Louise;346
5;M;2015;Mady;5
14;F;2015;Sienna;14
164;F;2016;Sarah;164
9;F;2018;Layane;9
5;F;2008;Celina;5
6;F;2009;Kawtar;6
5;F;2004;Alizée;5
25;F;2010;Maïssa;25
12;F;2010;Méline;12
14;M;2010;Sandro;14
25;F;2011;Dina;25
24;M;2011;Ibrahima;24
29;M;2011;Lorenzo;29
8;M;2011;Samba;8
5;F;2020;Rayhana;5
5;F;2021;Linda;5
48;F;2020;Madeleine;48
9;M;2020;Alphonse;9
8;F;2020;Maëva;8
8;M;2023;Viggo;8
6;F;2023;Taline;6
172;M;2023;Arthur;172
6;M;2018;Florian;6
11;M;2018;Mattéo;11
10;F;2018;Sana;10
29;F;2019;Ysée;29
25;M;2006;Jonathan;25
12;M;2007;Amadou;12
101;F;2007;Lou;107
23;M;2007;Sam;23
130;F;2008;Clara;130
36;M;2008;Marc;36
17;F;2008;Oumou;17
63;F;2009;Nour;63
32;M;2009;Zakaria;32
8;F;2010;Maëly;8
5;M;2011;Iliane;5
6;M;2011;Thibaud;6
169;M;2004;Adam;169
5;M;2004;Gary;5
30;M;2020;Zakaria;30
72;M;2022;Rayan;72
52;F;2022;Giulia;52
175;M;2023;Mohamed;175
79;F;2023;Suzanne;79
57;M;2023;Valentin;57
25;M;2023;Benjamin;25
24;F;2023;Léonore;24
11;M;2023;Célestin;11
9;M;2023;Archibald;9
7;M;2017;Ziyad;7
52;F;2018;Anouk;52
12;M;2018;Tidiane;12
7;M;2018;Yaron;7
53;F;2011;Julie;53
55;F;2011;Mariam;55
7;F;2011;Meryam;7
5;F;2019;Leia;5
26;M;2020;Owen;26
14;F;2021;Pauline;14
52;F;2004;Joséphine;52
5;M;2006;Mateo;5
5;F;2006;Vinciane;5
5;F;2007;Noor;5
16;M;2009;Virgile;16
7;F;2004;Ethel;7
7;F;2005;Élodie;7
28;M;2005;Matéo;28
23;F;2005;Sasha;37
92;M;2018;Eliott;92
5;M;2018;Silas;5
6;M;2007;Ismael;6
9;F;2008;Claudia;9
11;F;2008;Marilou;11
6;F;2009;Abigaëlle;6
25;F;2009;Asma;25
29;M;2009;César;29
10;F;2023;Emilie;10
74;F;2023;Eva;74
54;F;2023;Léonie;54
11;F;2023;Leonor;11
8;F;2023;Philomène;8
7;M;2023;Dali;7
101;F;2018;Agathe;101
131;F;2019;Rose;131
18;M;2010;Lilian;18
5;M;2010;Yoël;5
6;M;2011;Leo;6
5;F;2011;Lilly;5
5;M;2019;Andy;5
7;F;2020;Swann;7
101;M;2021;Côme;101
10;M;2021;Élio;10
7;F;2004;Lylia;7
193;M;2007;Nathan;193
6;F;2007;Noélie;6
8;M;2009;Aliou;8
13;M;2009;Ilyan;13
36;M;2009;Kylian;36
86;M;2010;Aaron;86
7;M;2005;Barthélémy;7
5;M;2005;Kenan;5
6;M;2005;Salim;6
24;M;2024;Sasha;24
19;F;2024;Rym;19
9;M;2024;Yusuf;9
8;M;2024;Mayron;8
5;M;2024;Riyad;5
8;M;2022;Ahmad;8
31;F;2012;Aïcha;31
7;M;2012;Kilian;7
8;M;2013;Anes;8
6;M;2015;Islam;6
7;M;2015;Mario;7
14;F;2015;Naïla;14
8;M;2017;Isaiah;8
31;F;2017;Isaure;31
19;M;2010;Eloi;19
6;F;2010;Priscille;6
6;M;2011;Matheo;6
5;M;2005;Lazar;5
8;F;2019;Zeynab;8
11;M;2020;Édouard;11
7;F;2020;Firdaws;7
78;F;2006;Héloïse;78
7;M;2006;John;7
148;M;2008;Clément;148
136;F;2008;Lina;136
7;M;2008;Zakarya;7
5;F;2009;May;5
7;M;2022;Kahil;7
7;F;2022;Solveig;7
32;F;2012;Alma;32
6;M;2012;Ben;6
5;F;2012;Laëtitia;5
25;M;2012;Luka;25
31;F;2012;Paloma;31
78;F;2012;Sofia;78
13;F;2013;Ania;13
8;M;2013;Harouna;8
11;F;2013;Shirel;11
10;F;2014;Ania;10
5;F;2014;Delphine;5
21;F;2014;Lara;21
29;M;2014;Marc;29
27;M;2015;Esteban;27
11;F;2015;Flora;11
6;M;2015;Ilias;6
14;F;2015;Léane;14
7;F;2015;Leya;7
6;M;2015;Mohamed-Amine;6
5;M;2016;Étienne;5
59;F;2016;Lisa;59
89;F;2016;Margaux;89
7;M;2016;Michael;7
5;F;2017;Albertine;5
28;M;2017;James;28
6;F;2017;Layana;6
118;M;2017;Léon;118
6;F;2018;Eleanor;6
9;M;2018;Levi;9
180;F;2019;Emma;180
73;M;2010;Charles;73
19;M;2010;Ibrahima;19
13;F;2010;Maïmouna;13
48;F;2010;Océane;48
12;F;2011;Carla;12
17;M;2021;Emmanuel;17
12;M;2021;Éden;12
87;F;2005;Adèle;87
10;F;2005;Eléa;10
6;F;2005;Nicole;6
6;M;2005;Nil;6
86;M;2005;Simon;86
34;F;2005;Solène;34
29;F;2006;Alexia;29
26;M;2023;Owen;26
14;M;2023;Khalil;14
13;F;2024;Marguerite;13
8;F;2024;Aissatou;8
11;F;2022;Mawa;11
11;F;2022;Prune;11
17;M;2024;Isaïah;17
10;M;2024;Rayane;10
7;F;2024;Nessa;7
5;F;2024;Élia;5
5;F;2024;Kiana;5
5;M;2024;Vasco;5
15;M;2004;Allan;15
8;F;2005;Keren;8
9;F;2004;Janna;9
82;M;2004;Oscar;82
30;F;2023;Hana;30
20;F;2023;Joy;20
6;F;2023;Camila;6
6;F;2023;Dania;6
5;F;2013;Jannah;5
6;M;2014;Emil;6
14;F;2014;Flora;14
6;M;2014;Guilhem;6
5;F;2016;Maëline;5
15;M;2017;Adama;15
28;F;2017;Ariane;28
5;M;2017;Sébastien;5
9;F;2018;Elyssa;9
12;F;2018;Emilia;12
37;M;2018;Sohan;37
34;M;2019;Hamza;34
29;M;2019;Léandre;29
9;F;2006;Soline;9
90;F;2007;Laura;90
5;M;2008;Cyriaque;5
10;F;2008;Ilona;10
45;M;2008;Maël;45
9;F;2009;Khadidja;9
7;M;2009;Ludovic;7
56;M;2009;Matthieu;56
33;M;2009;Noa;33
100;F;2010;Adèle;100
5;M;2010;Séverin;5
9;M;2011;Aïdan;9
6;M;2011;Aris;6
5;M;2011;Lubin;5
83;F;2011;Margaux;83
6;F;2020;Niouma;6
68;F;2021;Margot;68
52;F;2021;Yasmine;52
34;M;2021;Haroun;34
14;F;2021;Claire;14
5;F;2019;Grâce;5
11;F;2024;Flore;11
31;M;2024;Armand;31
12;M;2024;Emilio;12
8;F;2024;Lucia;8
65;M;2022;Abel;65
37;M;2022;Orso;37
6;F;2022;Zayneb;6
5;M;2022;Anaël;5
11;M;2022;Antonin;11
6;F;2022;Zeyna;6
6;F;2021;Kadidja;6
5;F;2021;Anouck;5
5;M;2021;Artus;5
10;M;2004;Swann;10
41;F;2004;Violette;41
7;M;2005;Luis;7
17;M;2005;Marwan;17
7;F;2019;Alexia;7
9;F;2020;Eliana;9
6;F;2020;Hind;6
15;F;2004;Hannah;15
11;M;2022;Mateo;11
10;F;2022;Mariama;10
8;M;2022;Elliott;8
19;F;2024;Lara;19
17;M;2024;Melchior;17
13;M;2024;Ismail;13
12;M;2024;Elliott;12
11;F;2024;Alina;11
9;F;2024;Tesnim;9
9;F;2011;Yael;9
16;M;2012;Elyas;16
12;F;2012;Emilia;12
52;M;2012;Gabin;52
5;F;2012;Isadora;5
8;M;2012;Morgan;8
72;M;2012;Timothée;72
96;F;2012;Victoria;96
74;F;2012;Yasmine;74
11;M;2013;Aurèle;11
16;F;2013;Irène;16
12;F;2014;Alexia;12
37;M;2014;Armand;37
27;M;2014;Emile;27
8;F;2014;Éva;8
10;F;2014;Joanna;10
77;F;2014;Julia;77
109;F;2014;Margaux;109
20;M;2014;Rayane;20
19;F;2015;Chiara;19
74;M;2016;Adrien;74
9;M;2016;Bilel;9
22;M;2016;Émile;22
29;M;2016;Joshua;29
19;F;2017;Eugénie;19
22;F;2018;Eloïse;22
16;M;2018;Tiago;16
84;F;2019;Julia;84
56;F;2019;Clémence;56
17;M;2019;Mathéo;17
9;M;2019;Kayden;9
96;M;2004;Samuel;96
174;M;2005;Clément;174
23;M;2005;Eliot;23
6;F;2005;Eurydice;6
26;M;2005;Sami;26
5;F;2019;Fanny;5
26;M;2020;Samy;26
20;M;2020;Cheick;20
6;M;2020;Matias;6
17;F;2021;Fatim;17
5;F;2004;Marie-Lou;5
79;M;2004;Mattéo;79
7;M;2006;Habib;7
85;M;2006;Noé;85
12;M;2007;Karl;12
19;F;2007;Shana;19
19;F;2008;Cassandre;19
12;M;2008;Franck;12
6;M;2008;Gaétan;6
11;F;2008;Hiba;11
7;F;2008;Talia;7
49;M;2009;Basile;49
39;F;2009;Madeleine;39
7;F;2009;Yona;7
6;F;2010;Bahia;6
6;M;2010;Foucauld;6
29;M;2010;Joachim;29
6;F;2010;Lilie;6
5;F;2011;Asia;5
5;F;2011;Marie-Ange;5
6;M;2011;Mark;6
13;M;2004;Anas;13
130;F;2004;Charlotte;130
39;M;2012;Emile;39
6;F;2012;Liza;6
5;F;2012;Maïlys;5
41;M;2013;Anatole;41
7;F;2013;Isis;7
7;F;2013;Lucia;7
6;F;2014;Elyssa;6
6;M;2014;Giulian;6
9;F;2014;Lylia;9
13;F;2015;Jennah;13
119;F;2017;Nina;119
5;M;2017;Teodor;5
12;M;2018;Khalil;12
8;M;2019;Milhane;8
8;M;2007;Darius;8
288;F;2008;Louise;288
52;M;2009;Noam;52
19;F;2010;Alyssa;19
7;M;2010;Cyrille;7
10;M;2010;Darius;10
251;F;2010;Emma;251
6;F;2010;Gloria;6
6;F;2004;Emy;6
20;M;2004;Sasha;20
10;M;2005;Geoffroy;10
6;M;2013;Erik;6
12;M;2013;Lou;12
6;M;2013;Nour;6
22;F;2014;Adélaïde;22
43;F;2016;Lila;43
19;F;2016;Valentina;19
7;M;2016;Yohan;7
11;F;2017;Halima;11
5;F;2017;Vivienne;5
7;M;2017;Zack;7
18;F;2018;Camélia;18
28;F;2019;Noor;28
26;F;2006;Morgane;26
5;M;2007;Andrew;5
5;F;2007;Assya;5
24;F;2007;Maria;24
5;M;2008;Edwin;5
6;F;2009;Maëlie;6
5;F;2009;Rim;5
45;M;2009;Ruben;45
44;M;2022;Mamadou;44
19;M;2022;Khalil;19
10;F;2009;Nola;10
5;F;2010;Basma;5
8;M;2010;Lancelot;8
24;M;2010;Luc;24
7;F;2011;Maïwenn;7
105;M;2011;Noé;105
6;F;2004;Alissa;6
16;M;2004;Brandon;16
14;F;2004;Cléo;14
12;F;2005;Fatou;12
57;F;2005;Maya;57
24;M;2005;Philippe;24
9;M;2004;Kenny;9
5;F;2004;Meriem;5
279;M;2009;Adam;279
35;M;2009;Auguste;35
67;F;2009;Aya;67
5;M;2009;Malek;5
7;F;2009;Tracy;7
6;M;2010;Igor;6
17;F;2010;Shana;17
6;F;2004;Eliane;6
56;F;2005;Garance;56
5;F;2005;Laurène;5
6;M;2006;Aboubakar;6
50;F;2023;Fatima;50
14;M;2023;Alix;14
9;F;2023;Hajar;9
8;M;2023;Nahïl;8
5;M;2023;Jason;5
31;F;2018;Lise;31
17;F;2018;Maxime;119
8;M;2018;Naïl;8
85;F;2018;Nour;92
24;F;2018;Thelma;24
133;F;2019;Adèle;133
50;F;2019;Valentine;50
26;F;2019;Lyna;26
6;M;2019;Josué;6
6;F;2019;Tatiana;6
79;F;2020;Nour;79
22;F;2020;Livia;22
7;M;2020;Seydou;7
6;F;2020;Eléanore;6
5;M;2020;Mouhamadou;5
7;M;2021;Samson;7
209;M;2022;Mohamed;209
23;M;2022;Imrân;23
16;M;2022;Esteban;16
16;M;2022;Nassim;16
7;F;2022;Adélaïde;7
10;F;2004;Agnès;10
5;F;2005;Anita;5
6;M;2005;Germain;6
6;F;2005;Iseult;6
7;M;2005;Ladji;7
12;M;2004;Jason;12
13;F;2004;Mélina;13
29;F;2004;Naomi;29
5;F;2012;Ada;5
7;F;2012;Albertine;7
6;M;2012;Aly;6
78;M;2023;Marceau;78
6;F;2023;Assil;6
78;F;2024;Victoria;78
5;F;2024;Elie;5
5;M;2024;Haï;5
74;F;2004;Ambre;74
12;M;2004;Ilies;12
6;M;2012;Erwann;6
23;M;2013;Georges;23
143;M;2013;Léo;143
32;M;2013;Roméo;32
6;M;2013;Yossef;6
5;M;2014;Ron;5
15;F;2016;Amélie;15
21;F;2016;Claire;21
5;F;2016;Maïwenn;5
10;F;2017;Antonia;10
10;F;2017;Ora;10
7;M;2018;Eyden;7
93;M;2018;Ismaël;93
26;M;2018;Yassine;26
37;M;2019;Balthazar;37
15;M;2019;Melchior;15
6;M;2006;Harold;6
8;F;2007;Marthe;8
47;M;2012;Ahmed;47
16;F;2012;Hanaé;16
13;F;2012;Nélia;13
106;M;2012;Oscar;106
50;F;2013;Julie;50
16;M;2013;Léandre;16
5;F;2013;Madeline;5
26;F;2014;Awa;26
55;F;2015;Aya;55
34;F;2015;Fatima;34
5;M;2015;Joan;5
123;M;2015;Léon;123
9;F;2015;Nelia;9
9;M;2015;Ryad;9
9;M;2016;Abraham;9
8;F;2016;Amanda;8
12;F;2016;Elyne;12
11;M;2017;Alfred;11
11;M;2017;Muhammad;11
22;M;2017;Ousmane;22
9;F;2017;Shirel;9
8;F;2017;Sira;8
12;M;2018;Ayan;12
13;F;2019;Lucile;13
5;F;2020;Kali;5
7;F;2021;Agnès;7
31;M;2020;Charlie;31
13;M;2020;Darius;13
11;M;2006;Melvil;11
8;F;2006;Nelly;8
12;F;2007;Laurène;12
6;M;2008;Anselme;6
6;F;2015;Leïa;6
15;F;2015;Sibylle;15
16;F;2015;Syrine;16
5;F;2016;Calista;5
38;F;2016;Elisa;38
151;M;2016;Jules;151
32;M;2016;Léopold;32
5;M;2017;Lubin;5
5;F;2017;Sélène;5
9;M;2018;George;9
8;M;2018;Zayd;8
23;F;2019;Mya;23
8;M;2019;Emil;8
5;M;2004;Ayrton;5
13;M;2004;Tiago;13
6;M;2005;Tidiane;6
5;M;2004;Ismael;5
24;F;2004;Paloma;24
18;F;2006;Mona;18
6;M;2006;Rami;6
7;M;2007;Nour;7
7;F;2008;Inês;7
17;F;2008;Laure;17
5;M;2009;Khalid;5
8;M;2009;Lamine;8
6;F;2010;Elie;40
8;M;2010;Haroun;8
7;F;2010;Jane;7
11;F;2010;Kahina;11
169;F;2010;Lina;169
61;F;2010;Mila;61
23;F;2011;Amira;23
45;F;2011;Eden;64
6;M;2011;Menahem;6
8;F;2019;Lili;8
6;M;2019;Matthias;6
16;F;2020;Naya;16
5;M;2020;Blaise;5
26;F;2008;Maud;26
22;M;2009;Alban;22
5;M;2010;Bryan;5
5;M;2010;Richard;5
16;M;2010;Yann;16
11;M;2005;Andy;11
38;M;2005;Evan;38
14;F;2021;Ora;14
7;M;2019;Tenzin;7
6;M;2020;Milhane;6
12;M;2020;Amadou;12
5;F;2004;Chayma;5
9;F;2004;Emeline;9
10;F;2004;Hajar;10
193;F;2005;Alice;193
5;F;2005;Amy;5
9;M;2005;Gaston;9
6;F;2005;Karla;6
7;F;2005;Malia;7
7;F;2006;Adama;15
7;F;2006;Amicie;7
5;F;2004;Quitterie;5
185;F;2004;Chloé;185
329;M;2005;Alexandre;329
13;F;2005;Cécilia;13
80;M;2005;Elias;80
15;M;2005;Jordan;15
13;F;2004;Mariame;13
6;M;2011;Yassin;6
12;F;2012;Bertille;12
14;F;2012;Camélia;14
52;M;2022;Gustave;52
6;M;2012;Melchior;6
33;F;2022;Talia;33
32;F;2012;Zélie;32
5;F;2022;Namizata;5
10;F;2013;Domitille;10
41;F;2013;Mia;41
70;F;2013;Noémie;70
11;F;2013;Shana;11
7;F;2013;Ysé;7
6;M;2013;Zackary;6
6;F;2014;Aimée;6
6;M;2014;Louison;6
25;M;2014;Maximilien;25
55;F;2014;Noémie;55
24;M;2015;Anis;24
10;M;2015;Lévi;10
5;F;2015;Marylou;5
20;F;2015;Paola;20
65;M;2015;Youssef;65
100;M;2016;Ismaël;100
7;F;2006;Coumba;7
5;M;2008;Archibald;5
16;F;2009;Oriane;16
5;F;2010;Ivana;5
65;M;2010;Maël;65
7;M;2010;Samba;7
59;F;2010;Violette;59
9;F;2011;Mayssa;9
13;F;2011;Nell;13
63;M;2011;Noam;63
8;F;2011;Vanessa;8
16;F;2004;Fatima;16
5;F;2005;Hélèna;5
17;F;2006;Alma;17
7;F;2006;Amy;7
24;F;2004;Flora;24
6;F;2004;Khady;6
18;F;2004;Maylis;18
20;M;2004;Nino;20
10;F;2004;Orlane;10
6;M;2012;Christopher;6
8;M;2012;Lassana;8
7;F;2013;Baya;7
39;M;2013;Edouard;39
201;F;2013;Inès;201
34;F;2013;Maëlle;34
24;F;2013;Zélie;24
126;M;2014;Augustin;126
14;F;2014;Gloria;14
62;F;2014;Lola;62
13;F;2014;Oumou;13
7;F;2014;Tara;7
5;F;2015;Balkis;5
11;M;2015;Hassan;11
11;F;2015;Maylis;11
6;M;2016;Artus;6
5;F;2016;Camilia;5
8;F;2016;Ophélie;8
7;M;2016;Ziad;7
5;M;2017;Ishak;5
159;F;2017;Sarah;159
34;F;2018;Lily;34
55;F;2019;Aminata;55
11;F;2019;Fleur;11
10;F;2019;Naomie;10
8;F;2006;Charlène;8
17;F;2006;Coline;17
7;F;2007;Jenna;7
90;M;2007;Romain;90
7;F;2007;Sienna;7
24;M;2008;Amir;24
16;M;2021;Virgile;16
5;M;2019;Jamal;5
7;M;2020;Guillaume;7
154;F;2004;Lucie;154
7;F;2004;Marthe;7
5;M;2012;Antonio;5
30;M;2012;Mathieu;30
9;F;2012;Sharon;9
5;M;2012;Tobias;5
187;F;2013;Camille;258
12;F;2013;Cléo;12
24;F;2014;Salma;24
7;F;2015;Bella;7
12;M;2016;Emil;12
25;M;2017;Nael;25
5;M;2017;Viktor;5
6;M;2018;Guillaume;6
6;M;2018;Qassim;6
106;F;2018;Sofia;106
86;M;2018;Valentin;86
26;M;2018;Zacharie;26
53;F;2019;Salomé;53
18;F;2019;Océane;18
9;F;2019;Sybille;9
15;F;2024;Aïsha;15
12;F;2024;Fatou;12
10;M;2024;Virgile;10
7;F;2024;Léo;7
7;F;2024;Michelle;7
165;M;2012;Hugo;165
127;M;2012;Léo;127
64;M;2013;Amine;64
10;F;2014;Lydia;10
5;F;2015;Maëlie;5
38;M;2016;Kaïs;38
65;F;2016;Nour;72
6;F;2017;Laure;6
7;F;2017;Liya;7
20;M;2017;Malik;20
10;M;2018;Albin;10
8;F;2018;Audrey;8
9;M;2018;Lukas;9
9;M;2018;Mylan;9
6;M;2018;Theodore;6
6;M;2006;Kenny;6
7;M;2006;Matisse;7
8;M;2007;Gaëtan;8
6;M;2007;Isidore;6
214;M;2007;Lucas;214
8;F;2007;Maeva;8
15;M;2007;Mickaël;15
7;F;2007;Wendy;7
5;M;2008;Nazim;5
5;F;2008;Noha;12
6;M;2009;Idan;6
7;M;2009;Laurent;7
9;F;2009;Nathalie;9
17;M;2004;Andy;17
11;M;2004;Merlin;11
130;F;2024;Jeanne;130
14;F;2011;Diana;14
22;F;2024;Violette;22
11;F;2024;Fatim;11
109;F;2011;Lucie;109
7;M;2024;Bryan;7
5;M;2004;Abraham;5
149;M;2004;Alexis;149
19;M;2004;Yohan;19
5;M;2005;Emil;5
142;M;2005;Nathan;142
114;M;2021;Noé;114
28;M;2005;Rafael;28
31;M;2021;Hamza;31
11;F;2021;Khadidja;11
60;F;2013;Elsa;60
8;M;2013;Mickaël;8
5;M;2019;Aliocha;5
56;M;2013;Robin;56
15;F;2014;Farah;15
32;F;2020;Hannah;32
20;F;2014;Hélène;20
8;F;2020;Naïa;8
9;M;2014;Jimmy;9
60;M;2014;Lucien;60
29;M;2014;Malo;29
7;F;2014;Safiatou;7
29;M;2015;Issa;29
7;M;2015;Mouad;7
6;M;2016;Christ;6
41;F;2016;Élise;41
5;M;2006;Colas;5
29;M;2007;Corentin;29
135;M;2007;Gaspard;135
5;M;2007;Prosper;5
5;F;2008;Anna-Rose;5
5;F;2008;Elora;5
14;F;2009;Ornella;14
11;M;2009;Swann;11
6;F;2009;Youmna;6
5;M;2010;Amara;5
5;F;2010;Celia;5
7;M;2010;Célian;7
7;F;2010;Éloïse;7
7;M;2010;Haïm;7
40;M;2010;Ilyes;40
7;M;2010;Preston;7
6;M;2010;Yassin;6
75;M;2011;Jean;75
154;F;2011;Lina;154
7;M;2011;Pacôme;7
65;F;2011;Salomé;65
8;M;2005;Thierry;8
5;M;2005;Willem;5
17;M;2024;Lino;17
8;M;2024;Élio;8
64;M;2022;Ilyan;64
7;M;2022;Lévi;7
15;M;2024;Marc;15
5;F;2024;Cosima;5
9;M;2015;Johan;9
5;M;2015;Massyl;5
6;F;2016;Lauren;6
41;M;2016;Lenny;41
8;F;2017;Kahina;8
11;M;2018;Carl;11
73;F;2019;Ambre;73
10;F;2010;Fleur;10
13;M;2010;Wael;13
15;M;2011;Adama;15
7;F;2024;Noûr;7
37;M;2022;Youssef;37
27;M;2022;Élie;27
16;M;2022;Yassine;16
10;F;2022;Assa;10
6;F;2022;April;6
5;F;2022;Zelda;5
5;F;2019;Leya;5
29;F;2020;Jasmine;29
21;F;2021;Amélia;21
6;F;2021;Malya;6
11;M;2005;Wandrille;11
27;M;2004;Nassim;27
5;M;2006;Armel;5
5;F;2006;Ela;5
124;M;2006;Léo;124
12;M;2006;Merlin;12
8;F;2006;Nesrine;8
24;M;2006;Nolan;24
6;F;2008;Djénéba;6
5;M;2009;Assil;5
10;F;2009;Cloé;10
5;F;2012;Aylin;5
38;M;2012;Ayoub;38
82;M;2012;Camille;82
15;M;2013;Aylan;15
6;M;2013;Matis;6
9;M;2014;Alix;9
9;M;2014;Ilan;9
13;M;2014;Kamil;13
86;M;2014;Timothée;86
20;F;2015;Bintou;20
13;F;2015;Emmy;13
25;M;2022;Ilyes;25
22;F;2022;Faustine;22
7;F;2022;Lilas;7
6;F;2022;Sakina;6
6;F;2016;Annaëlle;6
9;M;2016;Calixte;9
35;M;2016;Milan;35
7;M;2016;Yannis;7
6;F;2017;Éden;15
44;M;2018;Ahmed;44
5;F;2010;Meïssa;5
9;M;2011;Ariel;9
6;M;2019;Kevin;6
6;F;2019;Hiba;6
5;M;2019;Salif;5
5;F;2019;Méline;5
18;F;2020;Pauline;18
15;F;2020;Lehna;15
12;F;2020;Estelle;12
10;F;2021;Liora;10
13;F;2004;Angélique;13
9;M;2004;Ayman;9
17;M;2004;Benoît;17
7;M;2004;Camil;7
11;M;2004;Erwann;11
45;M;2004;Matteo;45
6;F;2006;Jenna;6
9;F;2006;Neïla;9
5;F;2008;Aure;5
71;F;2008;Elsa;71
21;M;2008;Ferdinand;21
5;M;2008;Haroun;5
5;M;2008;Marko;5
11;F;2008;Mellina;11
5;F;2009;Alyssia;5
7;F;2009;Samia;7
38;F;2012;Assia;38
9;F;2012;Lehna;9
6;F;2012;Mélia;6
9;F;2012;Meryl;9
45;F;2013;Eléonore;45
16;F;2013;Kelly;16
137;M;2013;Samuel;137
138;F;2023;Alice;138
12;M;2023;Henry;12
11;M;2023;Issam;11
16;M;2014;Lorenzo;16
10;M;2023;Elyas;10
10;M;2015;Joaquim;10
5;M;2023;El;5
15;F;2015;Naya;15
10;M;2015;Saul;10
39;M;2016;Elie;39
8;M;2016;Elouan;8
5;F;2016;Mado;5
5;F;2017;Domitille;5
6;F;2017;Isia;6
11;F;2018;Ysé;11
8;M;2006;Gonzague;8
21;F;2006;Ludivine;21
7;F;2006;Melina;7
36;F;2007;Daphné;36
114;F;2024;Alice;114
75;M;2024;Charles;75
68;F;2024;Ambre;68
38;F;2024;Khadija;38
7;F;2024;Mélina;7
6;M;2024;Aharon;6
238;M;2024;Raphaël;238
13;F;2024;Gloria;13
8;F;2024;Halima;8
5;F;2024;Enola;5
16;F;2023;Leya;16
8;M;2023;Ayaan;8
7;F;2023;Tahel;7
5;M;2023;Christian;5
5;M;2023;Hugues;5
20;F;2024;Elisa;20
15;F;2024;Safiya;15
13;M;2024;Matthieu;13
24;F;2022;Paloma;24
9;F;2022;Adélie;9
5;F;2022;Camilla;5
5;F;2022;Elvire;5
8;F;2024;Baya;8
8;F;2024;Melina;8
5;F;2024;Ina;5
108;M;2023;Sacha;108
80;F;2023;Julia;80
33;F;2023;Anouk;33
32;F;2023;Assia;32
22;M;2023;Lenny;22
61;M;2023;Martin;61
45;F;2023;Olympe;45
13;F;2023;Aïssatou;13
11;M;2023;Nils;11
11;F;2023;Paula;11
6;M;2023;Edem;6
34;F;2024;Esther;34
20;F;2024;Pénélope;20
7;F;2024;Fleur;7
6;F;2024;Léonor;6
18;M;2024;Ruben;18
12;F;2024;Colombe;12
9;M;2024;Imrân;9
9;M;2024;Tristan;9
90;F;2022;Mia;90
40;F;2022;Manon;40
20;F;2022;Gaïa;20
17;F;2022;Émilie;17
10;F;2022;Jamila;10
6;M;2022;Arthus;6
6;M;2022;Karl;6
5;M;2022;Ennio;5
6;F;2006;Rahma;6
36;F;2007;Hélène;36
9;M;2007;Jad;9
21;F;2007;Nora;21
10;M;2008;Jawad;10
119;F;2016;Olivia;119
15;F;2017;Léopoldine;15
204;M;2017;Paul;204
12;M;2018;Lamine;12
9;M;2018;Samba;9
8;F;2018;Tiphaine;8
28;F;2019;Louna;28
13;F;2019;Amani;13
8;F;2019;Kiara;8
5;M;2019;Joakim;5
5;F;2019;Mayane;5
8;F;2020;Marthe;8
6;F;2020;Masha;6
5;M;2020;Aharon;5
10;M;2023;Naor;10
52;M;2023;Marin;52
10;F;2023;Bella;10
10;F;2023;Rebecca;10
6;F;2023;Ela;6
57;F;2022;Aminata;57
43;M;2022;Luca;43
27;F;2022;Aurore;27
6;M;2022;Marlo;6
126;F;2022;Victoria;126
23;F;2022;Jasmine;23
17;M;2022;Daouda;17
13;F;2022;Aimée;13
10;M;2022;Amara;10
8;M;2022;Saad;8
7;M;2022;Léo-Paul;7
6;M;2022;Lionel;6
43;M;2023;Léopold;43
7;M;2023;Mouhammad;7
5;F;2023;Selena;5
11;M;2004;Brian;11
10;F;2005;Eléna;10
5;F;2005;Kaïna;5
7;F;2005;Leïla;7
5;F;2004;Laurence;5
6;F;2004;Luce;6
10;F;2012;Assa;10
19;F;2012;Hanna;19
8;M;2012;Ilyess;8
5;F;2012;Layana;5
5;M;2012;Mikaïl;5
5;F;2012;Nelia;5
13;F;2012;Sibylle;13
5;F;2013;Aicha;5
81;M;2023;Timothée;81
17;F;2023;Sixtine;17
14;M;2023;Joud;14
9;F;2023;Noura;9
53;F;2022;Aya;53
52;F;2022;Garance;52
16;M;2022;Abdallah;16
9;F;2022;Nola;9
7;M;2022;Salif;7
5;F;2022;Aysha;5
9;M;2023;Ivan;9
86;F;2023;Zoé;86
16;F;2023;Izïa;16
8;M;2023;Eloi;8
89;F;2022;Alix;89
28;F;2022;Laura;28
13;M;2022;Matisse;13
7;F;2022;Mara;7
6;M;2004;Boubou;6
7;F;2004;Chirine;7
6;F;2004;Éloïse;6
15;F;2004;Sandra;15
7;M;2004;Yaron;7
61;F;2005;Maëlle;61
7;F;2005;Noha;7
22;M;2012;Auguste;22
5;F;2012;Inés;5
13;F;2012;Léonore;13
9;M;2012;Naïl;9
8;F;2012;Ornella;8
33;M;2012;Vadim;33
6;M;2013;Jonah;6
6;M;2013;Loris;6
62;M;2013;Marius;62
19;M;2013;Sofiane;19
8;M;2013;Yvan;8
5;M;2014;Kenzi;5
10;F;2014;Matilda;10
6;F;2014;Méline;6
12;F;2015;Amelia;12
7;F;2015;Aude;7
5;M;2015;Aviel;5
29;F;2015;Charlie;35
9;F;2015;Ève;9
5;M;2015;Foucauld;5
5;F;2015;Katia;5
10;F;2016;Isabelle;10
5;F;2016;Keren;5
7;M;2016;Macéo;7
5;F;2016;Mélia;5
5;F;2016;Nesrine;5
5;M;2016;Valère;5
87;F;2017;Alma;87
5;F;2017;Margo;5
25;F;2018;Alba;25
29;M;2004;Achille;29
7;M;2004;Eytan;7
6;M;2004;Filipe;6
6;M;2005;Aurel;6
6;M;2005;Mael;6
5;F;2005;Sabrine;5
14;M;2005;Téo;14
5;M;2004;Lyes;5
13;M;2004;Pierre-Louis;13
15;F;2012;Clotilde;15
6;M;2012;Wilfried;6
11;M;2022;Nahil;11
9;F;2022;Zita;9
17;F;2018;Marwa;17
9;F;2018;Meriem;9
10;M;2018;Vincent;10
39;M;2019;Rafael;39
18;F;2019;Leïla;18
9;M;2019;Zachary;9
7;M;2006;Joël;7
7;M;2006;Melvyn;7
7;F;2006;Tiffany;7
36;M;2007;Ahmed;36
23;M;2007;Léopold;23
23;M;2007;Nassim;23
8;F;2007;Soraya;8
32;M;2008;Diego;32
5;F;2008;Maelys;5
11;F;2008;Ombeline;11
86;M;2008;William;86
57;M;2009;Antonin;57
12;F;2009;Noor;12
13;M;2009;Wael;13
11;F;2010;Chaïma;11
17;M;2010;Ewan;17
7;F;2010;Lamia;7
10;F;2010;Meriem;10
25;M;2010;Roman;25
47;M;2011;Evan;47
14;F;2011;Jana;14
14;F;2011;Rosalie;14
54;M;2021;Enzo;54
8;M;2021;Matisse;8
7;F;2019;Mayline;7
6;M;2019;Thaddée;6
6;M;2019;Yacoub;6
85;M;2020;Marius;85
23;M;2020;Ibrahima;23
15;M;2020;Elliott;15
10;F;2020;Rania;10
7;M;2013;Laurent;7
7;M;2013;Miguel;7
7;M;2014;Abdou;7
7;M;2014;Alan;7
7;F;2014;Eliora;7
23;M;2014;Elliot;23
53;F;2014;Laura;53
6;F;2015;Auriane;6
10;M;2015;Emilio;10
6;M;2015;Jan;6
5;F;2015;Marta;5
10;F;2015;Nelya;10
6;M;2015;Patrick;6
6;M;2015;Sinan;6
13;F;2016;Elina;13
10;F;2016;Nana;10
7;F;2016;Ora;7
6;M;2017;Élio;6
5;F;2018;Divine;5
156;M;2018;Joseph;156
8;M;2018;Kenan;8
13;M;2018;Malone;13
106;M;2019;Jules;106
70;M;2019;Maxence;70
13;F;2019;Khadidja;13
9;M;2006;Kenzo;9
11;M;2006;Matéo;11
24;M;2006;Zakaria;24
6;F;2007;Claudia;6
7;F;2007;Gloria;7
7;M;2007;Ryad;7
7;M;2007;Vianney;7
9;F;2008;Eléna;9
8;F;2008;Gaïa;8
11;F;2008;Lou-Anne;11
9;F;2008;Nadia;9
9;M;2008;Sékou;9
7;F;2008;Toscane;7
25;F;2009;Alexia;25
32;M;2009;Léopold;32
8;M;2010;Cameron;8
15;M;2010;Christian;15
10;M;2010;Gaston;10
7;M;2010;Hillel;7
7;M;2010;Nolhan;7
25;F;2011;Hawa;25
87;F;2011;Julia;87
32;M;2011;Léopold;32
9;M;2011;Siméon;9
48;F;2011;Stella;48
5;F;2011;Tatiana;5
5;M;2020;Tao;5
120;M;2021;Jules;120
6;F;2019;Israa;6
5;F;2019;Adriana;5
55;M;2020;Adrien;55
16;F;2020;Lia;16
9;F;2020;Lahna;9
46;F;2022;Nora;46
10;F;2022;Ora;10
8;M;2022;Gianni;8
7;M;2022;Alessio;7
5;F;2022;Lily-Rose;5
5;F;2022;Nafissa;5
197;F;2012;Alice;197
11;F;2012;Colette;11
5;F;2012;Élisabeth;5
38;F;2012;Myriam;38
21;F;2013;Maïssa;21
5;M;2013;Malone;5
28;M;2013;Omar;28
5;F;2014;Celia;5
6;M;2014;Dani;6
11;M;2014;Hayden;11
46;M;2014;Younes;46
18;M;2015;Ilyan;18
23;M;2015;Ilyas;23
8;M;2015;Leandro;8
30;M;2015;Naïm;30
10;F;2016;Aïsha;10
83;M;2016;Camille;83
16;M;2016;Elliott;16
8;M;2016;Jonah;8
13;M;2016;Lassana;13
5;F;2016;Marylou;5
165;M;2017;Lucas;165
5;F;2017;Maëlyne;5
9;F;2017;Mya;9
49;M;2017;Solal;49
30;M;2018;Idriss;30
9;M;2018;Viktor;9
29;M;2019;Nils;29
10;M;2019;Livio;10
9;M;2006;Jad;9
15;F;2006;Méline;15
20;M;2006;Roméo;20
23;M;2006;Vadim;23
298;M;2007;Alexandre;298
9;M;2007;Ari;9
7;M;2007;Bastian;7
7;M;2007;Shawn;7
40;F;2008;Aya;40
5;M;2008;Chris;5
17;F;2008;Leïla;17
7;F;2008;Rokia;7
21;M;2008;Souleymane;21
30;M;2009;Joachim;30
6;F;2009;Louann;6
8;F;2009;Lucia;8
11;M;2010;Adrian;11
6;F;2010;Bonnie;6
12;F;2010;Milla;12
5;M;2011;Peter;5
70;M;2021;Rayan;70
17;M;2021;Maximilien;17
12;F;2021;Lyne;12
12;M;2021;Cheikh;12
9;M;2021;George;9
8;M;2021;Eliel;8
6;F;2005;Anaé;6
187;M;2005;Enzo;187
16;M;2005;Luca;16
9;F;2005;Maylis;9
6;F;2005;Mélodie;6
59;M;2020;Ayden;59
17;M;2020;Eliot;17
9;F;2020;Safia;9
7;M;2020;Matis;7
28;F;2004;Ludivine;28
14;M;2004;Mahamadou;14
9;F;2004;Coralie;9
131;M;2023;Lucas;131
91;M;2023;Côme;91
26;F;2023;Daphné;26
6;F;2023;Joan;6
9;M;2024;Milhan;9
10;F;2012;Lili;10
17;F;2012;Louison;23
5;F;2012;Maëlyne;5
17;F;2013;Caroline;17
17;F;2013;Célestine;17
11;M;2013;Jason;11
6;M;2013;Zadig;6
18;M;2014;Amadou;18
12;M;2014;Andy;12
19;F;2014;Camélia;19
35;M;2014;Charlie;35
33;F;2014;Eden;75
5;F;2014;Juliana;5
6;F;2015;Armance;6
7;M;2015;Dario;7
5;F;2015;Nourane;5
16;F;2016;Astrid;16
78;M;2016;Maxence;78
9;F;2016;Serena;9
42;M;2017;Ilyes;42
59;M;2017;Nolan;59
9;M;2017;Racim;9
96;M;2017;Simon;96
18;F;2018;Amy;18
5;F;2018;Enéa;5
5;F;2018;Feriel;5
7;F;2018;Léontine;7
108;M;2018;Simon;108
16;M;2019;Cheick;16
31;M;2005;Damien;31
6;F;2005;Maayane;6
5;M;2005;Marlon;5
11;M;2005;Pacôme;11
44;F;2020;Brune;44
20;F;2020;Faustine;20
7;M;2020;Maé;7
6;F;2020;Théodora;6
117;M;2021;Ibrahim;117
15;M;2021;Mehdi;15
6;M;2021;Eren;6
22;F;2004;Irène;22
9;M;2007;Andy;9
27;F;2007;Aurore;27
15;F;2007;Ilona;15
7;M;2007;Kenny;7
8;M;2007;Melvin;8
8;F;2007;Myrtille;8
257;M;2007;Paul;257
24;M;2008;Arsène;24
225;F;2008;Camille;265
8;M;2008;Idris;8
9;M;2008;Nelson;9
7;M;2009;Ladji;7
90;F;2009;Lola;90
16;F;2009;Tara;16
5;F;2010;Anita;5
61;M;2010;Ulysse;61
12;F;2011;Anissa;12
64;M;2011;Eliott;64
11;M;2011;Jordan;11
11;F;2011;Prune;11
6;F;2011;Safia;6
12;F;2023;Imane;12
7;F;2023;Saja;7
5;F;2019;Lalya;5
59;F;2020;Clara;59
17;F;2020;Élisa;17
16;F;2020;Salimata;16
15;F;2020;Assiya;15
6;F;2020;Isabelle;6
6;F;2020;Izïa;6
6;F;2020;Scarlett;6
5;F;2020;Lyra;5
34;M;2021;Balthazar;34
30;F;2021;Mona;30
11;M;2021;Boubacar;11
7;M;2021;Paulin;7
6;M;2012;Cheikh;6
40;F;2012;Nour;49
7;F;2013;Alba;7
33;F;2013;Albane;33
10;F;2013;Ellie;10
5;M;2013;Lyes;5
9;F;2013;Marine;9
49;F;2014;Elise;49
39;F;2014;Inaya;39
85;M;2014;Mathis;85
6;M;2015;Cameron;6
12;M;2015;Clarence;12
7;F;2015;Héléna;7
5;F;2015;Ramata;5
17;M;2016;Aksel;17
26;F;2016;Albane;26
5;F;2016;Faith;5
11;M;2016;Felix;11
20;M;2016;Rayane;20
17;M;2017;Aksel;17
5;M;2017;Benoît;5
10;M;2017;Jordan;10
10;F;2017;Kadidja;10
58;F;2017;Lisa;58
47;M;2018;Malo;47
14;M;2019;Anis;14
13;M;2006;Christophe;13
8;F;2006;Daphnée;8
10;F;2006;Déborah;10
6;M;2006;Hugues;6
190;F;2007;Alice;190
7;F;2007;Elvire;7
13;F;2007;Léana;13
97;M;2007;Noah;97
15;F;2007;Tara;15
11;F;2008;Rita;11
10;M;2009;Benoît;10
8;M;2009;Célian;8
6;F;2009;Nermine;6
5;M;2010;Matis;5
28;M;2010;Stanislas;28
5;F;2011;Priscille;5
5;M;2011;Stéphane;5
29;F;2004;Alexia;29
9;F;2004;Élise;9
14;M;2004;Sam;14
10;F;2006;Camélia;10
13;F;2006;Imen;13
5;F;2007;Jana;5
7;M;2007;Serge;7
11;F;2007;Soline;11
6;F;2007;Tali;6
31;F;2008;Amandine;31
30;F;2008;Awa;30
5;M;2008;Miles;5
13;F;2009;Leïla;13
9;F;2010;Naïla;9
252;M;2010;Paul;252
60;M;2011;Robin;60
320;M;2004;Alexandre;320
6;M;2005;Morgan;6
10;M;2004;Logan;10
8;M;2012;Logan;8
5;M;2012;Michel;5
12;M;2014;Lino;12
25;F;2015;Selma;25
14;M;2017;Rafaël;14
6;F;2017;Reine;6
10;F;2018;Alyssa;10
104;M;2019;Samuel;104
74;M;2019;Naël;74
17;F;2019;Clémentine;17
5;M;2019;Frédéric;5
17;F;2020;Nélia;17
7;M;2021;Eddy;7
127;F;2019;Lina;127
8;F;2019;Mayar;8
7;M;2019;Nil;7
6;F;2019;Lehna;6
38;F;2020;Capucine;38
10;F;2021;Marianne;10
53;M;2023;Achille;53
15;F;2023;Rosalie;15
9;M;2023;Luka;9
9;M;2023;Nahyl;9
5;M;2023;Oussayd;5
5;F;2023;Charline;5
74;M;2024;Côme;74
17;F;2024;Asma;17
11;F;2024;Matilda;11
5;M;2024;Meyron;5
5;M;2024;Sambou;5
5;M;2024;Selim;5
22;F;2024;Mona;22
14;F;2024;Ana;14
14;M;2024;Kylian;14
12;F;2024;Amy;12
9;M;2024;Mylan;9
16;F;2023;Léana;16
19;M;2024;Iyad;19
8;F;2024;Khadidja;8
52;F;2022;Noa;52
22;M;2022;Younes;22
8;F;2022;Nelia;8
6;M;2022;Ilay;6
72;F;2023;Mariam;72
27;M;2023;Tom;27
13;M;2012;Vladimir;13
166;M;2013;Lucas;166
6;M;2014;Elian;6
5;M;2014;Hélie;5
20;F;2024;Hana;20
12;F;2024;Madina;12
5;F;2024;Adélie;5
5;M;2024;Mael;5
9;F;2023;Elizabeth;9
9;M;2012;Abderrahmane;9
92;F;2012;Clémence;92
6;M;2012;Felix;6
10;M;2012;Kévin;10
77;F;2012;Pauline;77
15;M;2012;Sasha;15
64;F;2013;Fatoumata;64
6;M;2013;Nizar;6
9;M;2014;Hédi;9
6;F;2014;Zelda;6
5;M;2015;Arnaud;5
10;M;2015;Calixte;10
22;F;2016;Alia;22
6;M;2016;Mamoudou;6
13;F;2017;Gabriela;13
5;F;2017;Leonor;5
110;M;2017;Thomas;110
272;M;2019;Raphaël;272
15;F;2019;Emmy;15
13;M;2019;Jonah;13
68;M;2021;Mathis;68
64;M;2021;Yanis;64
16;M;2021;Emilio;16
7;M;2021;Ahmad;7
6;F;2021;Alima;6
6;M;2021;Jérémie;6
51;F;2020;Alicia;51
18;M;2020;Éloi;18
7;F;2020;Camila;7
10;F;2006;Eglantine;10
12;F;2006;Éléonore;12
5;F;2006;Eliza;5
5;M;2006;Yanni;5
42;M;2007;Elie;42
8;F;2007;Erika;8
5;F;2007;Maram;5
8;F;2008;Athénaïs;8
128;F;2016;Jade;128
12;M;2016;Lilian;12
25;M;2018;Léandre;25
7;F;2018;Nine;7
29;M;2018;Noa;29
10;F;2018;Selena;10
6;F;2004;Betty;6
127;M;2005;Alexis;127
7;M;2006;Noham;7
33;F;2006;Suzanne;33
22;F;2007;Rosalie;22
36;M;2007;Yann;36
6;F;2009;Alixe;6
5;M;2009;Danny;5
5;F;2009;Naïma;5
9;F;2009;Serena;9
8;M;2010;Alistair;8
27;F;2010;Louna;27
10;F;2011;Flore;10
18;M;2011;Ismaïl;18
6;M;2019;Mahdi;6
16;M;2020;Emilio;16
45;F;2021;Éléonore;45
6;M;2012;Alphonse;6
8;F;2012;Cyrielle;8
183;F;2013;Jeanne;183
7;F;2013;May;7
7;M;2014;Archibald;7
5;M;2014;Barnabé;5
9;F;2014;Kelly;9
9;M;2014;Selyan;9
5;M;2015;Mohammad;5
80;M;2017;Amir;80
34;M;2017;Emmanuel;34
96;M;2017;Ismaël;96
8;F;2017;Suzie;8
55;F;2018;Lisa;55
10;M;2010;Karl;10
6;F;2011;Alina;6
12;M;2011;Florent;12
7;M;2011;Imrane;7
23;M;2011;Matteo;23
6;M;2011;Nikola;6
10;F;2004;Déborah;10
31;F;2021;Philippine;31
20;M;2021;Mahé;20
6;F;2021;Abigail;6
6;F;2005;Coraline;6
5;F;2005;Gloria;5
6;F;2008;Eurydice;6
13;F;2009;Amel;13
5;M;2009;Ari;5
16;F;2009;Bertille;16
7;F;2009;Maelys;7
10;F;2009;Sibylle;10
7;M;2010;Amin;7
13;F;2010;Norah;13
6;F;2010;Selena;6
13;F;2010;Sonia;13
85;M;2010;Valentin;85
5;F;2011;Chahinez;5
5;F;2011;Éline;5
8;F;2011;Émilie;8
135;F;2011;Jade;135
9;F;2011;Maeva;9
47;M;2011;Malo;47
69;F;2011;Margot;69
7;F;2011;Nadia;7
57;F;2011;Nour;57
105;F;2004;Clémence;105
34;M;2004;Théophile;34
8;M;2005;Aloïs;8
38;M;2005;Rémi;38
9;M;2005;Ugo;9
5;M;2019;Billy;5
5;F;2019;Gaëlle;5
14;F;2020;Ayline;14
6;F;2004;Kadidiatou;6
7;F;2006;Celia;7
5;M;2006;Dario;5
18;F;2006;Marilou;18
9;F;2006;Nayla;9
5;M;2007;Adonis;5
28;F;2007;Estelle;28
13;M;2007;Gaspar;13
40;M;2007;Isaac;40
5;F;2007;Loïs;10
7;M;2008;Aylan;7
10;M;2008;Idriss;10
253;M;2008;Louis;253
5;F;2008;Mélyna;5
5;F;2008;Yara;5
14;F;2009;Dounia;14
6;F;2009;Liana;6
10;F;2009;Yousra;10
5;F;2012;Annaëlle;5
47;M;2012;Daniel;47
13;F;2012;Diana;13
6;F;2012;Eléanor;6
7;F;2012;Maëlie;7
6;F;2012;Magdalena;6
15;M;2013;Lino;15
26;M;2013;Zacharie;26
15;M;2014;Aboubacar;15
47;M;2015;Abel;47
18;F;2015;Célestine;18
14;M;2015;Eliot;14
87;M;2015;Isaac;87
8;M;2015;Makan;8
6;M;2015;Marcello;6
54;M;2015;Pierre;54
7;M;2016;Cyril;7
61;F;2016;Marie;61
12;F;2016;Mayar;12
35;F;2016;Olympe;35
120;F;2016;Zoé;120
7;M;2017;Abraham;7
5;M;2017;Aïdan;5
7;M;2017;Armel;7
23;M;2017;Mehdi;23
8;M;2017;Oren;8
80;M;2018;Clément;80
8;F;2018;Roxanne;8
6;F;2018;Sabrina;6
96;F;2019;Lou;96
67;F;2019;Yasmine;67
26;M;2019;Oumar;26
22;F;2019;Emna;22
18;M;2019;Souleyman;18
14;F;2019;Cléa;14
26;M;2006;Isaac;26
37;M;2007;Gabin;37
5;F;2007;Sylvie;5
37;M;2007;Thibault;37
15;M;2007;Yannick;15
10;M;2008;Henry;10
18;F;2008;Imane;18
12;M;2008;Jad;12
135;F;2008;Marie;135
6;F;2010;Aïssata;6
11;F;2010;Kiara;11
246;F;2010;Sarah;246
5;F;2010;Suzie;5
5;F;2011;Lili-Rose;5
7;F;2011;Linda;7
85;F;2011;Lola;85
54;F;2021;Thelma;54
53;M;2021;Imran;53
29;M;2021;Matteo;29
9;F;2021;Dania;9
6;M;2019;Felix;6
27;F;2020;Colette;27
7;M;2020;Demba;7
55;M;2004;Aaron;55
8;M;2004;Cheick;8
8;F;2005;Emeline;8
8;F;2005;Félicie;8
76;M;2005;Joseph;76
16;F;2005;Marianne;16
6;F;2006;Alia;6
32;M;2004;Lorenzo;32
19;F;2023;Aline;19
15;M;2023;Mahamadou;15
13;M;2023;Alessio;13
9;M;2023;Loïc;9
8;F;2023;Amalya;8
6;F;2023;Joanne;6
31;F;2023;Lila;31
8;F;2023;Ombeline;8
9;M;2022;Abou;9
5;M;2022;Meïr;5
14;F;2012;Kelly;14
60;M;2012;Tom;60
5;F;2013;Ayline;5
6;F;2014;Imen;6
28;M;2014;Timéo;28
37;M;2015;Anatole;37
23;M;2015;Jonas;23
21;F;2015;Lara;21
8;M;2016;Célestin;8
11;F;2016;Elizabeth;11
59;F;2016;Garance;59
22;F;2016;Isaure;22
5;F;2016;Joana;5
25;F;2016;Lena;25
7;M;2016;Sabri;7
16;F;2016;Safiya;16
18;M;2012;Malik;18
16;F;2013;Axelle;16
9;F;2013;Elora;9
8;F;2013;Hafsa;8
49;M;2013;Joshua;49
12;F;2013;Mellina;12
27;F;2013;Philippine;27
22;M;2013;Tiago;22
7;M;2014;Denis;7
11;M;2014;Melvin;11
9;M;2014;Michel;9
24;M;2014;Noa;24
28;F;2014;Pia;28
7;F;2014;Yona;7
131;F;2014;Zoé;131
206;F;2015;Chloé;206
9;F;2015;Grâce;9
5;M;2015;Oskar;5
28;F;2015;Pénélope;28
11;F;2016;Fleur;11
5;F;2016;Johanna;5
129;F;2016;Lina;129
8;F;2016;Yaëlle;8
6;M;2017;Ewan;6
31;F;2017;Faustine;31
22;M;2017;Mathys;22
30;M;2017;Théophile;30
33;M;2017;Younes;33
8;F;2018;Aïssatou;8
8;F;2018;Aliza;8
8;F;2018;Lital;8
9;F;2018;Prune;9
5;M;2018;Raoul;5
5;F;2018;Sacha;147
18;F;2019;Lyana;18
13;M;2019;Ryan;13
8;F;2006;Angela;8
6;F;2006;Elyssa;6
8;F;2006;Francesca;8
67;F;2006;Joséphine;67
8;M;2006;Rémy;8
6;F;2006;Shaïly;6
44;F;2007;Célia;44
13;M;2007;Emilien;13
128;F;2007;Jade;128
6;M;2007;Joaquim;6
61;F;2008;Elise;61
10;F;2008;Hajar;10
135;F;2008;Jade;135
7;M;2008;Lancelot;7
28;F;2008;Rania;28
58;M;2010;Gabin;58
8;F;2010;Joanna;8
14;M;2010;Lino;14
9;F;2010;Maïssane;9
7;M;2011;Aristide;7
112;M;2011;Baptiste;112
9;F;2011;Cloé;9
216;F;2011;Emma;216
5;F;2011;Helena;5
6;M;2011;Joris;6
15;F;2011;Mya;15
5;F;2020;Sana;5
40;F;2021;Maria;40
21;M;2021;Constantin;21
10;F;2021;Noor;10
10;M;2021;Mohamed-Lamine;10
6;F;2021;Nicole;6
16;F;2005;Alyssa;16
17;M;2005;Andrea;17
11;F;2005;Joyce;11
24;M;2005;Octave;24
5;M;2019;Alan;5
5;M;2019;Viggo;5
119;F;2020;Inès;119
41;M;2020;Issa;41
17;M;2020;Bakary;17
17;F;2020;Lyana;17
13;M;2020;Khalil;13
11;F;2020;Lydia;11
7;M;2012;Alassane;7
25;M;2012;Erwan;25
7;F;2013;Éline;7
9;F;2013;Léane;9
5;M;2013;Paul-Arthur;5
5;F;2013;Tesnime;5
6;M;2013;Théophane;6
7;M;2014;Harry;7
47;M;2014;Mamadou;47
14;F;2015;Castille;14
11;M;2015;Gaëtan;11
47;F;2015;Lola;47
8;F;2016;Agnès;8
5;F;2016;Liz;5
29;M;2017;Marc;29
9;F;2017;Nadia;9
5;M;2017;Neyl;5
7;F;2018;Ada;7
6;M;2018;Blaise;6
17;F;2018;Cassandre;17
8;F;2018;Cassiopée;8
20;M;2018;Ferdinand;20
6;F;2018;Octavie;6
41;F;2018;Raphaëlle;41
19;M;2018;Sami;19
8;F;2018;Tal;8
6;M;2018;Yaya;6
16;F;2019;Aria;16
9;M;2019;Modibo;9
13;M;2005;Alan;13
15;M;2005;Aymen;15
10;F;2005;Catherine;10
33;M;2005;Erwan;33
239;M;2005;Gabriel;239
27;M;2005;Kévin;27
16;F;2005;Maïmouna;16
24;M;2005;Milan;24
6;M;2005;Viktor;6
7;M;2019;Alon;7
6;M;2019;Elon;6
62;M;2020;Yanis;62
17;F;2020;June;17
35;F;2021;Lana;35
28;F;2021;Talia;28
10;M;2004;Marko;10
14;M;2004;Paolo;14
11;F;2006;Grâce;11
7;M;2006;Jimmy;7
10;F;2006;Lucille;10
7;M;2006;Nil;7
31;F;2007;Alexandra;31
13;F;2007;Axelle;13
37;M;2007;Camille;37
12;M;2007;Dan;12
5;M;2007;Eliel;5
7;F;2007;Iman;7
6;F;2007;Louann;6
5;M;2008;Barnabé;5
43;F;2008;Océane;43
8;M;2008;Yoni;8
9;M;2009;Ben;9
5;F;2009;Dalla;5
7;M;2009;Marcus;7
7;M;2009;Nadir;7
12;M;2009;Thibaud;12
9;M;2009;Yoan;9
7;M;2009;Yossef;7
6;F;2009;Zuzanna;6
24;F;2010;Fanta;24
18;M;2010;Jad;18
5;M;2011;Aidan;5
9;F;2004;Angela;9
68;M;2020;Malo;68
55;M;2020;Théo;55
15;M;2020;Aris;15
9;M;2020;François;9
14;M;2021;Aris;14
6;M;2021;Malone;6
5;M;2021;Manil;5
5;F;2012;Adama;18
6;M;2012;Adame;6
12;F;2012;Tiffany;12
15;F;2013;Elya;15
5;F;2013;Lilwenn;5
39;F;2014;Lise;39
10;F;2014;Salimata;10
20;M;2015;Aksel;20
39;F;2015;Maëlys;39
6;M;2015;Pharell;6
19;M;2016;Darius;19
9;M;2016;Levi;9
6;F;2016;Marthe;6
8;M;2018;Haron;8
7;F;2018;Sanaa;7
13;M;2018;Soan;13
108;F;2019;Iris;108
101;F;2019;Romy;101
16;M;2019;Adama;16
184;F;2006;Clara;184
15;F;2006;Philomène;15
28;M;2007;César;28
6;M;2007;Gaétan;6
40;F;2007;Léonie;40
37;F;2008;Clémentine;37
13;F;2008;Livia;13
175;M;2009;Thomas;175
9;M;2010;Ian;9
18;F;2010;Laetitia;18
14;M;2010;Neil;14
67;M;2011;Léon;67
6;F;2011;Mélodie;6
35;M;2005;Sofiane;35
7;F;2024;Éline;7
55;F;2022;Brune;55
16;M;2022;Aksel;16
15;F;2022;Bella;15
14;F;2022;Alexandra;14
14;F;2022;Éléa;14
8;F;2022;Lehna;8
11;M;2012;Mattéo;11
11;F;2013;Aïda;11
7;M;2013;Aïdan;7
7;F;2013;Charlène;7
7;F;2013;Éléna;7
17;F;2013;Emna;17
6;M;2013;Josué;6
13;F;2013;Sonia;13
6;F;2014;Adriana;6
11;F;2014;Amicie;11
14;F;2014;Athénaïs;14
6;M;2014;Imad;6
22;M;2014;Iyad;22
7;M;2014;Jayson;7
9;M;2004;Daouda;9
9;F;2004;Stéphanie;9
49;F;2005;Lila;49
24;F;2005;Rachel;24
6;F;2005;Salimata;6
7;F;2004;Lauriane;7
140;M;2004;Rayan;140
12;M;2013;Tony;12
301;M;2014;Louis;301
98;F;2014;Sofia;98
9;F;2014;Vanessa;9
7;F;2015;Christina;7
25;M;2015;Youssouf;25
66;F;2016;Constance;66
7;F;2016;Oona;7
7;M;2017;Bradley;7
5;M;2017;Hélio;5
13;M;2017;Kevin;13
19;F;2012;Eléa;19
6;F;2013;Eya;6
16;F;2013;Jenna;16
20;M;2013;Souleymane;20
6;M;2013;Yannis;6
15;F;2014;Angelina;15
310;F;2014;Louise;310
19;F;2015;Ariane;19
175;F;2015;Inès;175
27;M;2015;Jad;27
5;M;2015;Louison;5
9;F;2016;Kadidiatou;9
21;F;2016;Maëlle;21
44;M;2016;Quentin;44
7;F;2016;Séléna;7
6;M;2017;Cyril;6
5;F;2017;Swann;13
77;M;2018;Aaron;77
45;F;2018;Maria;45
5;F;2020;Hiba;5
5;F;2021;Sohane;5
45;F;2007;Fatoumata;45
20;M;2007;Wassim;20
29;M;2018;Mathias;29
6;F;2018;Rania;6
15;M;2019;Elijah;15
19;F;2006;Cécile;19
11;F;2006;Félicie;11
19;M;2006;Owen;19
19;M;2006;Raphael;19
8;M;2007;Harry;8
7;F;2007;Johanna;7
8;M;2007;Mael;8
6;F;2007;Natalia;6
10;M;2008;Merlin;10
7;M;2009;Ilyess;7
49;F;2009;Iris;49
16;F;2009;Marianne;16
5;F;2010;Cassie;5
11;F;2015;Gabriela;11
8;F;2010;Clothilde;8
27;M;2015;Lorenzo;27
81;F;2010;Margot;81
9;M;2015;Matéo;9
5;F;2010;Yamina;5
9;F;2016;Aaliyah;9
6;F;2011;Siloé;6
7;M;2016;Evann;7
31;F;2020;Hana;31
34;M;2016;Mehdi;34
16;F;2020;Amelia;16
5;M;2016;Mickael;5
20;M;2016;Rafaël;20
5;F;2016;Saja;5
7;M;2017;Florian;7
10;M;2017;Lassana;10
174;M;2017;Mohamed;174
7;F;2018;Adama;19
23;M;2018;Hippolyte;23
7;F;2018;Kadidja;7
50;F;2018;Liv;50
12;F;2018;Syrine;12
133;M;2019;Oscar;133
44;M;2019;Henri;44
21;M;2019;Ilan;21
8;M;2019;Édouard;8
102;M;2004;Ethan;102
6;F;2004;Félicité;6
5;F;2004;Siham;5
7;F;2005;Daphnée;7
85;M;2005;Mathieu;85
8;F;2004;Katia;8
7;M;2004;Sabri;7
11;M;2006;Gaëtan;11
35;F;2007;Céline;35
28;M;2007;Jonathan;28
5;M;2007;Mounir;5
6;M;2007;Yoav;6
6;M;2008;Angel;6
48;F;2008;Eléonore;48
15;F;2008;Fatima;15
55;F;2008;Léna;55
10;F;2008;Maïwenn;10
12;F;2008;Marianne;12
18;M;2008;Matéo;18
8;M;2008;Waël;8
8;M;2009;Aloys;8
20;M;2009;Elyes;20
9;F;2009;Linda;9
64;F;2009;Noémie;64
6;M;2009;Santiago;6
9;F;2009;Tiphaine;9
294;M;2010;Adam;294
46;M;2010;Ayoub;46
10;F;2010;Coline;10
46;F;2010;Faustine;46
7;M;2010;Karamba;7
10;F;2010;Liya;10
6;M;2010;Maceo;6
5;M;2010;Pharell;5
34;M;2010;Théophile;34
9;M;2011;Benoît;9
49;M;2011;Daniel;49
20;M;2011;Jonas;20
6;M;2019;Loris;6
6;M;2019;Téo;6
6;M;2019;Vladimir;6
6;F;2019;Vittoria;6
118;F;2020;Adèle;118
10;M;2020;Bastien;10
6;F;2020;Zina;6
66;F;2021;Apolline;66
35;M;2021;Jad;35
17;F;2021;Izia;17
5;F;2021;Joyce;5
6;F;2008;Guillemette;6
8;F;2014;Maram;8
67;F;2014;Mia;67
6;M;2015;Matias;6
6;M;2016;Benoît;6
6;F;2016;Lilas;6
6;F;2017;Elizabeth;6
20;F;2018;Axelle;20
13;M;2018;Leonardo;13
35;M;2019;Émile;35
12;M;2019;Eugène;12
9;M;2006;Ange;9
42;M;2006;Elie;42
133;M;2006;Sacha;133
5;M;2007;Artur;5
27;F;2008;Céline;27
8;M;2008;Jeremy;8
14;F;2009;Amina;14
73;M;2009;Jean;73
5;M;2009;Yazid;5
374;M;2011;Gabriel;374
8;M;2011;Ian;8
9;F;2011;Irène;9
19;M;2011;Neil;19
16;M;2011;Oumar;16
5;M;2011;Réda;5
44;M;2021;Elio;44
5;F;2021;Dayana;5
10;M;2005;Brahim;10
6;F;2005;Lili-Rose;6
7;M;2005;Massinissa;7
5;F;2005;Naïa;5
31;F;2005;Nour;31
25;M;2006;Abel;25
29;M;2004;Luc;29
7;M;2004;Rudy;7
10;M;2004;Arsène;10
62;F;2004;Eléonore;62
5;F;2005;Amalia;5
12;F;2005;Colombe;12
14;M;2005;Elouan;14
5;M;2005;Lohan;5
10;M;2005;Warren;10
8;M;2004;Joël;8
7;F;2004;Naïla;7
12;F;2012;Fanny;12
11;M;2012;Guilhem;11
6;M;2012;Joey;6
6;F;2012;Lorraine;6
6;M;2012;Silas;6
8;M;2012;Théotime;8
89;M;2013;Baptiste;89
7;M;2013;Lamine;7
277;M;2013;Louis;277
17;M;2013;Ousmane;17
5;F;2014;Bonnie;5
6;M;2014;El;6
5;M;2014;Jamal;5
5;M;2014;Nathanael;5
7;F;2014;Sabrina;7
9;M;2015;Abraham;9
5;M;2015;Edmond;5
42;F;2015;Ella;42
9;M;2015;Jaden;9
7;M;2015;Marwan;7
17;F;2016;Amira;17
7;M;2016;Ange;7
134;F;2016;Camille;217
11;F;2016;Elly;11
20;F;2007;Marwa;20
10;M;2007;Mohamed-Amine;10
18;F;2008;Bianca;18
23;M;2009;Abdoulaye;23
7;F;2010;Daphnée;7
42;M;2010;Edouard;42
11;M;2010;Ismaïl;11
5;F;2010;Monica;5
61;M;2010;William;61
21;F;2011;Aurore;21
33;F;2004;Eden;33
8;M;2004;Shaï;8
120;F;2005;Pauline;120
5;M;2005;Younès;5
8;M;2012;Baudouin;8
15;F;2012;Elodie;15
9;F;2012;Kim;14
24;F;2012;Rosalie;24
5;F;2013;Aïsha;5
5;M;2013;Constant;5
5;M;2013;Enguerrand;5
5;F;2013;Israa;5
13;F;2013;Lilia;13
6;M;2013;Modibo;6
24;M;2014;Ariel;24
32;M;2014;Yassine;32
73;M;2015;Aaron;73
8;F;2015;Amel;8
8;M;2015;Andrei;8
5;F;2015;Blessing;5
13;F;2015;Hanaé;13
14;M;2015;Lamine;14
11;F;2015;Lili;11
9;M;2015;Mattia;9
34;F;2015;Naomi;34
115;F;2015;Nina;115
6;M;2016;Anes;6
8;F;2016;Nola;8
7;F;2017;Dalya;7
9;F;2017;Marianne;9
5;F;2018;Elizabeth;5
12;M;2018;Lazare;12
17;F;2018;Maëlys;17
5;F;2018;Maha;5
16;M;2019;Lorenzo;16
11;M;2019;Iyed;11
5;M;2006;Andrew;5
6;F;2006;Elora;6
6;F;2007;Erine;6
5;M;2007;Jonah;5
6;F;2007;Julianne;6
24;F;2007;Laure;24
5;F;2007;Mahé;14
20;M;2007;Walid;20
9;M;2008;Aïdan;9
9;M;2008;Aksel;9
12;M;2008;Arnaud;12
22;F;2008;Assia;22
5;M;2008;Brandon;5
15;F;2008;Cécile;15
5;F;2008;Layla;5
239;F;2009;Emma;239
18;M;2009;Mathys;18
13;F;2009;Maud;13
6;F;2009;Nelly;6
7;M;2010;Andreas;7
6;F;2010;Khady;6
10;M;2010;Robinson;10
5;M;2011;Maxens;5
14;F;2011;Philomène;14
11;M;2011;Rami;11
16;M;2021;Mahamadou;16
10;F;2021;Kiara;10
7;F;2005;Line;7
18;M;2005;Vadim;18
6;M;2019;Kenzi;6
6;F;2019;Abigaël;6
5;M;2019;Abderrahmane;5
5;F;2019;Lylia;5
10;F;2020;Yael;10
7;M;2020;Emir;7
38;M;2004;Arnaud;38
14;F;2020;Diana;14
5;M;2020;Edward;5
8;F;2021;Adja;8
6;F;2021;Johanna;6
97;F;2004;Romane;97
56;F;2006;Fatoumata;56
13;F;2007;Eline;13
18;M;2007;Elyes;18
8;F;2007;Klara;8
5;F;2007;Mayane;5
86;M;2008;Charles;86
7;F;2008;Safa;7
23;M;2009;Charlie;23
8;M;2009;Chris;8
9;F;2009;Clotilde;9
15;F;2009;Emy;15
32;F;2009;Eugénie;32
10;M;2009;Khalil;10
11;F;2009;Mariame;11
11;M;2009;Marvin;11
6;M;2009;Melvyn;6
5;F;2009;Mouna;5
6;M;2009;Rémy;6
5;F;2009;Thémis;5
6;F;2010;Claudia;6
34;M;2010;Elie;34
10;M;2010;Mael;10
5;F;2011;Mayar;5
5;M;2004;Aly;5
5;M;2013;Richard;5
26;F;2014;Judith;26
44;M;2014;Solal;44
7;F;2014;Zohra;7
22;M;2015;Bilal;22
13;M;2015;Lassana;13
6;M;2016;Bryan;6
13;M;2016;Gauthier;13
23;M;2017;Adem;23
111;F;2017;Agathe;111
20;F;2017;Aurore;20
19;F;2017;Emna;19
11;F;2017;May;11
14;F;2018;Anya;14
15;F;2018;Élisa;15
16;M;2018;Ilian;16
35;M;2019;Yassine;35
8;M;2019;Samba;8
20;M;2006;Karl;20
6;F;2006;Milla;6
5;F;2006;Séléna;5
5;M;2007;Dramane;5
56;M;2007;Ismaël;56
11;F;2007;Perrine;11
6;F;2007;Yara;6
28;M;2008;Amaury;28
31;F;2008;Lucile;31
97;F;2008;Nina;97
38;M;2008;Octave;38
16;M;2008;Sam;16
7;F;2008;Tia;7
24;F;2009;Aliénor;24
10;M;2009;Ousmane;10
17;F;2009;Pia;17
6;M;2010;Damian;6
26;M;2010;Djibril;26
5;F;2010;Erika;5
9;M;2010;Lyes;9
14;M;2011;Ivan;14
89;F;2011;Joséphine;89
5;F;2011;Lucille;5
6;F;2011;Maïssane;6
8;M;2011;Merlin;8
6;F;2011;Tesnime;6
7;F;2011;Théa;7
5;M;2004;Amin;5
117;M;2004;Benjamin;117
14;F;2004;Yona;14
7;M;2005;Bruno;7
30;F;2005;Kenza;30
10;F;2004;Nadine;10
32;M;2024;Andréa;32
12;F;2024;Anastasia;12
8;M;2024;Joël;8
82;F;2010;Elisa;82
7;M;2019;Anes;7
7;F;2019;Tessa;7
6;M;2019;Mamoudou;6
18;M;2020;Noham;18
13;F;2021;Zahra;13
5;F;2021;Kendra;5
5;F;2021;Octavia;5
8;M;2006;Sebastian;8
5;M;2006;Skander;5
135;M;2006;Yanis;135
5;M;2007;Ronan;5
6;F;2008;Chahinez;6
29;M;2008;Daniel;29
53;F;2008;Nour;61
5;F;2008;Sylvia;5
5;F;2009;Miriam;5
23;F;2012;Amandine;23
5;M;2012;Manil;5
14;M;2012;Oumar;14
5;F;2013;Léah;5
57;M;2013;Ulysse;57
8;M;2014;George;8
6;F;2015;Clarence;18
5;M;2015;Joël;5
13;M;2016;Élie;13
87;F;2016;Héloïse;87
13;M;2016;Ivan;13
15;F;2006;Clélia;15
80;F;2006;Lola;80
18;F;2006;Rachel;18
54;F;2007;Iris;54
30;F;2008;Anaëlle;30
14;F;2008;Melissa;14
6;M;2008;Philémon;6
6;M;2008;Yannick;6
37;M;2009;Hector;37
6;F;2010;Clélie;6
40;F;2010;Daphné;40
7;M;2010;Iyad;7
20;M;2010;Jérémy;20
28;F;2011;Fatima;28
35;F;2004;Sixtine;35
33;M;2012;Anton;33
15;M;2012;Ilyas;15
6;M;2012;Pacôme;6
5;M;2012;Vivien;5
21;F;2013;Bintou;21
14;F;2013;Lydia;14
6;F;2013;Meriam;6
8;M;2013;Mohamed-Amine;8
41;F;2013;Valentina;41
13;F;2014;Domitille;13
5;F;2015;Isée;5
20;M;2015;Lyam;20
116;F;2016;Manon;116
10;M;2016;Rémy;10
37;M;2017;Lenny;37
5;F;2017;Nola;5
95;F;2018;Apolline;95
12;M;2012;Aylan;12
10;F;2012;Olga;10
15;M;2013;Julian;15
11;F;2014;Angela;11
42;M;2014;Rafael;42
9;M;2015;Eric;9
9;M;2015;Honoré;9
9;F;2015;Leyna;9
8;F;2016;Abigaël;8
7;M;2016;Camil;7
11;M;2016;Cheick;11
5;F;2016;Vivienne;5
10;F;2016;Yousra;10
8;M;2017;Aïden;8
8;F;2017;Aimée;8
7;M;2017;Boris;7
11;F;2017;Candice;11
71;F;2017;Diane;71
5;F;2017;Shaïly;5
12;M;2018;Eugène;12
9;F;2018;Naya;9
6;F;2018;Rivka;6
40;M;2019;Armand;40
38;M;2019;Idriss;38
13;M;2012;Darius;13
8;M;2012;Oren;8
9;M;2013;Paolo;9
8;F;2014;Joyce;8
6;F;2014;Kadidja;6
12;F;2014;Sana;12
38;M;2015;Rafael;38
58;F;2019;Aya;58
44;F;2019;Noa;44
5;M;2004;Alexi;5
11;M;2005;Elyes;11
8;F;2006;Doriane;8
18;M;2007;Alessandro;18
43;F;2007;Eden;56
7;M;2007;Eytan;7
66;M;2007;Guillaume;66
5;F;2008;Blandine;5
6;F;2009;Shayma;6
15;M;2010;Amadou;15
5;M;2011;Issiaka;5
52;F;2008;Joséphine;52
6;M;2008;Mady;6
7;M;2008;Mahmoud;7
57;F;2010;Fatoumata;57
69;F;2011;Elsa;69
7;F;2011;Maëlyne;7
23;M;2011;Ousmane;23
7;F;2011;Safa;7
46;F;2004;Sophie;46
5;F;2005;Aurelia;5
6;F;2005;Valentina;6
5;M;2005;Waël;5
6;F;2012;Emmie;6
13;F;2012;Tal;13
58;M;2013;Gabin;58
5;F;2013;Goundo;5
23;F;2013;Jasmine;23
15;M;2013;Nelson;15
48;M;2013;Octave;48
62;F;2013;Pauline;62
6;M;2014;Bruno;6
11;F;2014;Dalia;11
39;F;2014;Daphné;39
7;F;2014;Norah;7
144;F;2014;Rose;144
5;M;2014;Sixte;5
10;M;2015;Chahine;10
17;F;2015;Fanta;17
6;M;2015;Sean;6
58;M;2016;Benjamin;58
10;F;2016;Coumba;10
5;M;2016;Néo;5
36;M;2016;Ruben;36
5;M;2016;Stefan;5
18;F;2017;Aliya;18
19;F;2017;Lara;19
5;F;2018;Adriana;5
8;F;2018;Héléna;8
6;F;2018;Hind;6
13;M;2018;Joud;13
34;F;2018;Pia;34
8;F;2018;Tess;8
7;F;2018;Tessa;7
46;M;2019;Ismael;46
33;F;2019;Myriam;33
27;M;2019;Zacharie;27
25;F;2019;Zélie;25
16;M;2019;Romain;16
13;F;2019;Anya;13
5;M;2006;Daouda;5
5;M;2006;Rony;5
6;F;2007;Christelle;6
6;F;2007;Elora;6
16;F;2007;Flore;16
14;M;2007;Moustapha;14
23;F;2007;Pénélope;23
5;M;2008;Alpha;5
8;M;2008;Felix;8
23;M;2008;Rémi;23
15;F;2011;Aïssata;15
6;F;2011;Goundo;6
12;F;2011;Kiara;12
8;M;2021;Gael;8
9;F;2020;Kamila;9
7;F;2020;Eléanor;7
38;F;2004;Amélie;38
10;F;2004;Dina;10
48;F;2005;Amélie;48
13;M;2005;Eyal;13
95;F;2004;Margot;95
44;F;2022;Clémence;44
9;F;2022;Jill;9
6;M;2022;Yasser;6
10;M;2011;Younès;10
40;M;2013;Auguste;40
31;M;2013;Hippolyte;31
8;F;2013;Léonore;8
46;F;2015;Elise;46
5;M;2016;Francis;5
9;F;2017;Fatim;9
6;F;2017;Johanna;6
42;M;2018;Georges;42
31;M;2018;Jacques;31
6;F;2018;Joana;6
12;F;2006;Aurélie;12
10;M;2006;Clarence;10
218;F;2006;Louise;218
5;F;2006;Natalia;5
23;M;2006;Virgile;23
17;F;2008;Jana;17
11;M;2009;Aloïs;11
5;M;2009;Jaden;5
18;F;2009;Laure;18
11;F;2009;Lison;11
5;F;2010;Arwa;5
6;F;2010;Maxine;6
7;M;2010;Oren;7
80;F;2010;Pauline;80
11;M;2011;Camil;11
10;F;2021;Athéna;10
7;F;2021;Neïla;7
19;F;2023;Céline;19
14;F;2023;Carmen;14
5;M;2023;Vassili;5
8;F;2019;Lucia;8
19;F;2024;Emilia;19
16;F;2024;Thalia;16
8;M;2024;Mayeul;8
7;F;2024;Liana;7
19;F;2004;Lilia;19
219;M;2004;Maxime;219
14;F;2012;Axelle;14
29;M;2012;Corentin;29
6;F;2012;Eloane;6
101;M;2012;Rayan;101
89;F;2012;Victoire;89
22;F;2013;Hélène;22
27;F;2013;Hortense;27
10;M;2013;Siméon;10
9;F;2013;Solveig;9
8;M;2014;Gianni;8
6;F;2014;Mayline;6
5;M;2015;Adame;5
6;F;2015;Elissa;6
24;F;2015;Maëlle;24
122;M;2015;Martin;122
27;M;2016;Amaury;27
5;M;2016;Ephraïm;5
46;F;2016;Fatima;46
7;F;2016;Kadidja;7
22;F;2016;Mahaut;22
11;M;2016;Maxim;11
6;M;2016;Mylan;6
5;F;2017;Janelle;5
14;F;2017;Lia;14
7;F;2017;Naïa;7
153;F;2018;Charlotte;153
16;F;2018;Emmy;16
7;M;2018;Jalil;7
20;F;2018;Norah;20
10;F;2018;Zaynab;10
16;M;2006;Luc;16
12;F;2006;Nawel;12
29;M;2007;Bastien;29
16;M;2007;Christophe;16
28;M;2007;Dorian;28
18;F;2007;Elia;23
10;F;2007;Émilie;10
80;M;2007;Maxence;80
35;F;2007;Mila;35
10;F;2007;Natacha;10
7;M;2007;Sékou;7
6;F;2012;Hayden;13
21;F;2012;Lilou;21
14;F;2013;Fleur;14
6;F;2013;Swann;17
85;F;2014;Maya;85
5;M;2015;Moulay;5
5;M;2016;Flavio;5
5;M;2016;Killian;5
103;F;2016;Mathilde;103
33;F;2016;Noa;59
46;M;2019;Ilyes;46
28;F;2019;Dina;28
16;F;2019;Aïssata;16
8;F;2005;Fiona;8
6;M;2005;Philéas;6
41;M;2004;Anthony;41
44;M;2004;Yacine;44
270;M;2005;Raphaël;270
93;F;2005;Yasmine;93
9;M;2004;Nelson;9
41;M;2012;Amir;41
5;F;2012;Junon;5
22;F;2012;Maëlle;22
27;F;2012;Thaïs;27
43;F;2013;Alma;43
6;F;2013;Delia;6
8;F;2013;Elif;8
6;M;2013;Germain;6
17;M;2014;Ferdinand;17
11;F;2014;Jennah;11
7;M;2014;Saad;7
12;F;2014;Théa;12
22;F;2015;Amina;22
5;F;2015;Eliza;5
7;F;2015;Juliana;7
17;F;2015;Rebecca;17
9;F;2015;Zahra;9
26;M;2016;Ayden;26
44;M;2016;Marin;44
7;M;2017;Ilhan;7
5;M;2017;Jibril;5
107;F;2017;Joséphine;107
11;F;2017;Tara;11
92;M;2023;Augustin;92
7;M;2023;Demba;7
7;M;2023;Matéo;7
5;F;2023;Ayleen;5
5;F;2008;Fatimata;5
8;M;2008;Laurent;8
6;M;2008;Pierre-Alexandre;6
5;M;2008;Uriel;5
10;M;2008;Vladimir;10
13;M;2009;Elijah;13
37;F;2009;Lise;37
5;M;2009;Nathaël;5
55;M;2010;Léonard;55
8;F;2010;Maëva;8
5;F;2010;Odélia;5
5;M;2011;Léandro;5
12;F;2011;Nawel;12
10;M;2011;Thibaut;10
9;F;2004;Tiffany;9
94;M;2022;Oscar;94
19;M;2005;Balthazar;19
70;M;2022;Antoine;70
58;F;2005;Margot;58
13;F;2022;Nava;13
21;F;2005;Sophia;21
8;F;2022;Solène;8
41;F;2005;Sophie;41
77;M;2021;Amir;77
27;F;2021;Blanche;27
21;F;2021;Elya;21
18;F;2021;Alia;18
14;F;2021;Gisèle;14
12;F;2021;Paola;12
12;M;2021;Calixte;12
11;F;2021;Kayla;11
8;M;2021;Jibril;8
6;M;2021;Andréas;6
5;M;2021;Makan;5
6;F;2019;Cécile;6
54;F;2020;Clémence;54
30;F;2020;Aliénor;30
15;F;2020;Manel;15
11;F;2020;Aïda;11
6;M;2020;Eric;6
112;M;2007;Adrien;112
8;M;2007;Armel;8
26;M;2007;Henri;26
7;M;2007;Jérôme;7
19;F;2007;Léane;19
6;F;2007;Lindsay;6
6;F;2008;Meryem;6
12;F;2009;Emna;12
216;F;2009;Inès;216
5;M;2009;Yaël;5
9;M;2009;Younès;9
12;F;2010;Augustine;12
5;M;2010;Jeremy;5
335;F;2010;Louise;335
51;M;2010;Youssef;51
10;F;2011;Adriana;10
9;F;2011;Alisha;9
6;M;2011;Clarence;6
8;F;2011;Salimata;8
8;F;2011;Tania;8
15;F;2004;Adélie;15
10;F;2005;Lucille;10
6;M;2005;Malcolm;6
12;F;2009;Fiona;12
38;M;2010;Ahmed;38
13;F;2010;Nesrine;13
25;F;2011;Alexandra;25
6;M;2005;Cheick;6
5;F;2004;Joy;5
10;M;2004;Kyllian;10
36;F;2023;Ariane;36
25;F;2023;Castille;25
10;M;2023;Eli;10
5;M;2011;Yahya;5
13;F;2012;Emna;13
7;M;2012;Gaspar;7
28;F;2012;Imane;28
5;M;2012;Nil;5
10;F;2013;Elyssa;10
71;M;2013;Jean;71
75;F;2013;Margot;75
8;F;2014;Abigaëlle;8
5;F;2014;Adélie;5
29;F;2014;Amina;29
30;M;2014;Marin;30
36;M;2015;Anton;36
7;F;2015;Emilia;7
19;F;2016;Cassandre;19
8;F;2016;Gisèle;8
5;M;2016;Leopold;5
6;F;2016;Priscille;6
6;M;2017;Ahmad;6
9;F;2017;Alessia;9
18;F;2017;Camélia;18
13;F;2017;Gloria;13
7;M;2017;Philippe;7
5;M;2017;Ron;5
8;M;2018;Bilel;8
6;F;2018;Daria;6
11;F;2018;Pénélope;11
17;F;2019;Sienna;17
9;F;2019;Lydia;9
6;M;2007;Lou;6
33;F;2007;Sasha;58
27;M;2008;Balthazar;27
6;F;2008;Tamara;6
5;F;2008;Yuna;5
6;M;2009;Allan;6
5;M;2009;Gaspar;5
6;F;2009;Maëly;6
122;F;2010;Anaïs;122
12;F;2010;Ethel;12
30;F;2010;Maïa;30
7;F;2010;Maÿlis;7
32;M;2010;Timothé;32
45;M;2011;Grégoire;45
11;F;2011;Marianne;11
12;F;2011;Marilou;12
6;F;2020;Shira;6
31;M;2021;Marcus;31
23;F;2021;Aliyah;23
12;F;2021;Tara;12
5;M;2019;Loïs;5
5;F;2019;Lea;5
28;M;2011;Younes;28
10;F;2012;Lilas;10
6;F;2012;Nathalie;6
15;M;2013;Amadou;15
8;F;2013;Ariana;8
9;F;2013;Barbara;9
7;M;2013;Brahim;7
6;M;2013;Karl;6
6;M;2013;Nil;6
122;M;2013;Oscar;122
9;M;2013;Vladimir;9
10;F;2014;Emily;10
5;F;2014;Leyla;5
316;M;2014;Raphaël;316
29;F;2015;Blanche;29
43;M;2015;Evan;43
35;M;2015;Hamza;35
7;F;2015;Mélodie;7
117;M;2015;Thomas;117
12;M;2016;Adrian;12
9;M;2016;Alessandro;9
5;M;2016;Arié;5
28;M;2016;Haroun;28
14;F;2016;Marianne;14
61;M;2016;Nolan;61
7;M;2017;Alec;7
18;F;2017;Mélina;18
5;F;2017;Saliha;5
61;F;2017;Salomé;61
5;M;2017;Yannis;5
5;F;2017;Zayneb;5
8;F;2018;Helena;8
12;M;2018;Loïc;12
7;M;2018;Luis;7
22;F;2018;Mahaut;22
6;M;2018;Younès;6
88;M;2019;Rayan;88
16;M;2019;Nahil;16
12;F;2019;Nélia;12
21;M;2021;Noham;21
11;F;2021;Grace;11
5;M;2021;Honoré;5
5;F;2019;Hope;5
39;M;2020;Anatole;39
9;F;2020;Lylia;9
9;M;2006;Baudouin;9
5;M;2006;Cyrus;5
12;M;2006;Jordan;12
27;M;2006;Kévin;27
8;F;2006;Luce;8
16;M;2006;Malik;16
6;M;2006;Marko;6
6;F;2006;Maÿlis;6
12;F;2006;Romy;12
10;M;2007;Alix;10
7;F;2007;Amalia;7
5;F;2007;Eliana;5
17;F;2007;Maylis;17
23;M;2015;Mohammed;23
8;F;2015;Nawel;8
6;F;2015;Nélya;6
5;M;2015;Santiago;5
12;F;2015;Tara;12
6;M;2015;Tyron;6
20;F;2016;Jana;20
19;M;2016;Roman;19
7;M;2016;Zack;7
6;F;2017;Alima;6
8;M;2017;Elon;8
10;M;2017;Ismail;10
13;M;2018;Paolo;13
10;M;2019;Abdallah;10
6;F;2005;Alixe;6
7;F;2005;Célestine;7
5;F;2005;Inaya;5
43;M;2006;Ismaël;43
6;F;2006;Naïs;6
66;M;2006;Rayane;66
88;F;2006;Sara;88
9;F;2007;Coumba;9
5;M;2008;Mendel;5
5;M;2008;Rodolphe;5
5;M;2008;Selyan;5
10;M;2009;Constantin;10
17;M;2009;Yohan;17
11;M;2010;Giovanni;11
168;M;2010;Thomas;168
134;M;2011;Noah;134
7;F;2019;Sakina;7
27;M;2020;Léandre;27
10;F;2020;Elly;10
12;F;2021;Elina;12
20;F;2004;Ella;20
14;M;2004;Elyes;14
266;F;2004;Emma;266
11;M;2004;Ewan;11
13;M;2004;Idriss;13
5;F;2005;Anta;5
26;M;2005;Arnaud;26
7;F;2005;Léopoldine;7
14;M;2005;Sasha;14
24;M;2011;Virgile;24
22;M;2012;Aboubacar;22
12;F;2012;Chaïma;12
14;F;2012;Khadija;14
27;M;2012;Ryan;27
12;F;2013;Fanta;12
13;M;2013;Matias;13
33;M;2014;Georges;33
5;M;2014;Iliane;5
11;M;2014;Mahamadou;11
12;M;2015;Andréa;12
9;F;2015;Leïla;9
15;F;2016;Lucy;15
11;F;2016;Naomie;11
30;M;2016;Nino;30
11;F;2017;Aïssata;11
7;M;2017;Clovis;7
9;F;2017;Eya;9
6;M;2017;Mahdi;6
20;M;2018;Alban;20
7;F;2018;Eya;7
7;M;2018;Idrissa;7
166;M;2019;Noah;166
15;F;2004;Toscane;15
50;F;2005;Chiara;50
5;M;2005;Ernest;5
8;F;2005;Fatim;8
5;F;2005;Matilda;5
27;F;2005;Raphaëlle;27
26;M;2005;Roman;26
7;M;2019;Mazen;7
8;M;2008;Giovanni;8
135;F;2008;Lucie;135
61;F;2008;Madeleine;61
33;F;2008;Romy;33
72;F;2009;Ambre;72
5;M;2009;Fabio;5
5;M;2009;Hakim;5
41;M;2009;Hippolyte;41
5;F;2009;Liliane;5
5;M;2009;Robert;5
6;F;2009;Scarlett;6
5;M;2009;Selim;5
5;F;2010;Alba;5
71;F;2010;Capucine;71
16;M;2010;Jonas;16
7;F;2010;Orlane;7
10;M;2011;Alix;10
7;F;2011;Djénéba;7
12;F;2011;Éléa;12
6;F;2011;Irina;6
9;F;2004;Chaïma;9
8;F;2004;Hana;8
7;M;2005;Christopher;7
5;F;2005;Katia;5
23;M;2004;Ilian;23
6;M;2004;Khalil;6
8;M;2018;Amara;8
5;F;2018;Tania;5
8;M;2019;Marco;8
20;M;2006;Lilian;20
6;F;2006;Marjorie;6
9;F;2008;Elya;9
8;M;2008;Imad;8
23;M;2008;Rafaël;23
31;F;2009;Claire;31
22;M;2009;Ilian;22
5;F;2009;Rivka;5
35;F;2009;Salma;35
15;F;2010;Pia;15
11;M;2011;Loan;11
39;M;2011;Mathieu;39
5;M;2019;Aron;5
49;M;2020;Milo;49
13;M;2020;Ilan;13
21;F;2020;Dina;21
9;F;2020;Prune;9
13;F;2021;Asma;13
7;F;2021;Saran;7
5;M;2021;Theodore;5
61;M;2004;Ruben;61
9;M;2006;Enguerrand;9
9;F;2006;Gaëlle;9
43;M;2006;Léonard;43
13;F;2006;Marianne;13
6;F;2006;Sarra;6
11;M;2006;Sean;11
13;M;2007;Johan;13
22;M;2007;Joshua;22
32;M;2007;Matteo;32
5;F;2007;Perle;5
8;M;2007;Samba;8
10;M;2007;Warren;10
62;F;2008;Alicia;62
6;M;2008;Arto;6
68;F;2008;Diane;68
12;F;2008;Khadija;12
6;F;2008;Maxine;6
24;F;2008;Mina;24
8;F;2008;Nathalie;8
5;M;2008;Sofian;5
22;M;2009;Amir;22
9;M;2009;Cédric;9
5;F;2009;Diaba;5
12;F;2009;Line;12
7;M;2009;Paco;7
11;F;2010;Agnès;11
11;F;2010;Fatma;11
14;M;2010;Mahamadou;14
12;M;2011;Andy;12
5;M;2011;Hedi;5
10;F;2011;Isis;10
97;F;2011;Sofia;97
6;F;2019;France;6
16;F;2020;Imany;16
8;M;2020;Fares;8
44;F;2021;Stella;44
12;F;2021;Lehna;12
5;M;2021;Muhammed;5
47;M;2012;Ali;47
5;M;2013;Azad;5
64;M;2013;Basile;64
11;M;2013;Louka;11
5;F;2013;Mayane;5
42;M;2013;Youssef;42
13;M;2014;Colin;13
6;M;2014;Paulin;6
16;F;2015;Aurore;16
6;F;2015;Cassandra;6
79;F;2016;Diane;79
17;M;2016;Swann;17
6;M;2017;Johann;6
27;M;2017;Marcus;27
41;F;2017;Nora;41
36;M;2017;Rafael;36
5;F;2018;Joanne;5
6;F;2006;Deborah;6
9;M;2006;El;9
161;M;2006;Jules;161
11;F;2006;Marina;11
7;F;2006;Rokia;7
8;F;2007;Eya;8
5;F;2007;Lamia;5
53;M;2007;Mathias;53
12;M;2007;Neil;12
7;M;2008;Abdoul;7
55;F;2024;Inès;55
7;M;2004;Alec;7
47;M;2004;Max;47
42;M;2012;Armand;42
5;M;2012;Mouctar;5
5;F;2013;Abigail;5
5;F;2013;Ayla;5
5;M;2013;Dayan;5
13;F;2013;Eline;13
31;M;2013;Milo;31
5;M;2014;Ely;5
8;M;2014;Ziyad;8
14;M;2015;Oumar;14
134;F;2015;Victoria;134
5;M;2016;Anass;5
8;M;2016;Hamidou;8
31;M;2016;Hamza;31
8;M;2016;Téo;8
57;F;2017;Charlie;84
47;M;2017;Henri;47
163;F;2017;Inès;163
5;M;2017;Thibaut;5
7;F;2017;Tiana;7
6;F;2018;Ayah;6
16;F;2018;Kenza;16
5;M;2018;Léandro;5
6;M;2018;Racim;6
26;M;2019;Lyam;26
14;M;2019;Dorian;14
5;M;2006;Leandro;5
35;F;2006;Lucile;35
6;F;2007;Deborah;6
10;M;2007;Jack;10
5;M;2007;Sofian;5
85;F;2008;Agathe;85
29;M;2008;Ambroise;29
32;M;2012;Diego;32
22;M;2012;Hippolyte;22
9;F;2012;Maylis;9
39;M;2013;James;39
6;F;2013;Laurine;6
5;F;2013;Mayline;5
15;F;2013;Sienna;15
5;F;2014;Fatima-Zahra;5
26;F;2014;Lena;26
6;F;2014;Maïlys;6
20;M;2014;Virgile;20
26;M;2014;Yann;26
61;F;2015;Alma;61
7;F;2015;Anya;7
5;F;2015;Emmanuella;5
14;F;2015;Enora;14
5;M;2015;Luke;5
37;F;2015;Maria;37
7;M;2015;Stéphane;7
6;F;2016;Ciara;6
32;F;2016;Lison;32
20;M;2016;Vincent;20
7;M;2017;Aimé;7
10;M;2017;Fares;10
17;F;2017;Fleur;17
78;M;2017;Marius;78
17;M;2018;Arthus;17
20;M;2018;Charlie;20
50;F;2018;Giulia;50
29;F;2018;Ines;29
46;M;2019;Ali;46
17;M;2006;Dan;17
12;F;2006;Fatima;12
22;M;2006;Luka;22
13;M;2006;Maxim;13
8;M;2007;Flavio;8
7;M;2007;Nazim;7
118;F;2023;Gabrielle;118
25;F;2007;Rania;25
21;M;2023;Adel;21
5;M;2007;Valentino;5
16;M;2023;Amaury;16
10;F;2007;Yaël;10
9;M;2023;Constant;9
14;F;2008;Anissa;14
5;M;2023;Maurice;5
129;F;2008;Manon;129
5;F;2008;Patricia;5
27;F;2008;Pénélope;27
258;M;2009;Arthur;258
9;F;2009;Mya;9
6;F;2009;Shayna;6
31;M;2010;Anatole;31
8;M;2010;Antony;8
7;F;2010;Aurélia;7
5;F;2010;Leïna;5
32;F;2011;Chiara;32
11;M;2011;Lior;11
8;M;2011;Marco;8
36;F;2011;Sixtine;36
6;F;2020;Maïwenn;6
5;F;2020;Anaë;5
5;F;2020;Domitille;5
32;M;2021;Nael;32
31;M;2021;Mamadou;31
12;F;2021;Baya;12
6;F;2021;Lyvia;6
5;F;2021;Joan;5
6;F;2019;Ayah;6
5;M;2019;Térence;5
16;F;2024;Ninon;16
5;F;2024;Maeve;5
6;M;2004;Lirone;6
5;F;2012;Enola;5
7;M;2012;Farès;7
5;F;2012;Fatim;5
10;M;2012;Lazare;10
5;M;2012;Swan;5
9;M;2013;Jérémy;9
39;M;2013;Marc;39
6;M;2013;Ramy;6
6;F;2013;Tesnim;6
49;F;2014;Alicia;49
15;M;2014;Johan;15
14;F;2014;Lilou;14
9;M;2014;Mahdi;9
20;F;2014;Mariama;20
25;F;2014;Mya;25
9;F;2014;Nine;9
5;F;2015;Elie;36
5;F;2015;Naïa;5
6;F;2015;Zoe;6
5;F;2016;Aleksandra;5
7;F;2017;France;7
5;F;2017;Giuliana;5
5;M;2017;Leon;5
8;F;2017;Lilou;8
9;M;2018;Amar;9
11;F;2018;Andrea;61
30;M;2018;Hadrien;30
8;M;2018;Kassim;8
62;F;2018;Léna;62
5;F;2018;Oriane;5
36;F;2018;Thaïs;36
13;M;2019;Aristide;13
10;M;2019;Ariel;10
6;M;2006;Harouna;6
95;F;2006;Lou;101
15;F;2006;Naomi;15
91;M;2006;Noah;91
22;M;2006;Octave;22
5;F;2007;Leana;5
25;F;2007;Marine;25
11;M;2007;Matisse;11
38;M;2007;Mattéo;38
13;F;2008;Anastasia;13
18;M;2008;Cédric;18
144;M;2008;Mohamed;144
5;F;2008;Monique;5
9;F;2008;Noor;9
11;F;2009;Émilie;11
8;F;2009;Marjane;8
8;F;2010;Christine;8
27;F;2010;Hanaé;27
7;F;2010;Marylou;7
112;F;2010;Nina;112
9;F;2010;Ornella;9
12;F;2011;Fleur;12
9;F;2011;Grace;9
64;M;2011;Lucien;64
10;F;2011;Mahaut;10
5;M;2005;Dominique;5
6;F;2020;Oriane;6
5;M;2020;Mickael;5
60;F;2021;Lila;60
54;M;2021;Noam;54
15;F;2021;Eline;15
126;F;2006;Clémence;126
12;M;2021;Alessandro;12
83;M;2006;David;83
11;F;2021;Izïa;11
8;M;2021;Mohammad;8
6;F;2006;Naïma;6
5;F;2021;Kamelia;5
5;M;2021;Livio;5
7;M;2019;Yassin;7
29;F;2011;Louna;29
7;M;2020;Lysandre;7
43;F;2011;Sophia;43
6;F;2020;Élia;6
6;M;2004;Baba;6
6;F;2020;Éloïse;6
5;M;2005;Keziah;5
5;M;2005;Safwane;5
10;F;2012;Lilly;10
15;F;2012;Maïmouna;15
16;M;2013;Jonathan;16
9;F;2013;June;9
344;M;2014;Adam;344
6;F;2014;Mayar;6
10;M;2014;Morgan;10
25;M;2014;Nathanaël;25
5;F;2015;Mélisande;5
16;M;2015;Rafaël;16
61;M;2015;Robin;61
6;F;2015;Sabrina;6
9;M;2015;Tony;9
18;F;2016;Louison;18
6;F;2016;Matilde;6
50;F;2017;Yasmine;50
34;M;2018;Edouard;34
7;M;2018;Gabriele;7
8;M;2018;Karim;8
110;M;2018;Martin;110
8;F;2018;Méline;8
8;M;2018;Naor;8
21;F;2020;Cassandre;21
5;M;2020;Loïs;5
5;M;2020;Selim;5
10;F;2021;Yara;10
6;M;2021;Caleb;6
24;F;2024;Colette;24
13;M;2024;Archibald;13
9;M;2024;Eren;9
6;M;2024;Milann;6
5;F;2024;Dana;5
5;F;2024;Haydée;5
116;M;2022;Jules;116
10;F;2022;Dania;10
7;F;2024;Sakina;7
6;M;2024;Theo;6
5;F;2024;Edmée;5
53;M;2024;Georges;53
20;F;2024;Blanche;20
10;F;2024;Naïla;10
5;F;2012;Ayah;5
5;F;2012;Houda;5
28;M;2012;Marin;28
13;F;2013;Mayssa;13
5;F;2013;Sérine;5
11;M;2014;Célestin;11
5;F;2014;Nélya;5
20;M;2014;Raphael;20
8;F;2015;Éline;8
7;F;2015;Lily-Rose;7
10;M;2015;Yahya;10
15;M;2016;Iyed;15
7;F;2016;Maëva;7
36;F;2017;Alya;36
6;M;2017;Tahar;6
24;M;2018;Ezra;24
9;F;2018;Hajar;9
48;F;2018;Salomé;48
27;F;2023;Valentine;27
17;F;2023;Lison;17
6;F;2023;Alizée;6
12;M;2008;Mickaël;12
16;M;2008;Yannis;16
5;M;2009;Fabien;5
5;M;2011;Dov;5
11;M;2004;Antony;11
51;F;2004;Constance;51
19;F;2004;Dounia;19
6;M;2005;Blaise;6
7;M;2005;Boris;7
5;F;2005;Kadidiatou;5
34;M;2005;Max;34
17;M;2022;Hippolyte;17
6;M;2022;Aylane;6
34;F;2022;Valentine;34
12;M;2022;Elyas;12
7;M;2022;Liham;7
39;M;2023;Nino;39
121;M;2023;Alexandre;121
7;M;2023;Hélios;7
77;M;2024;Aylan;77
6;F;2024;Hidaya;6
16;F;2004;Albane;16
5;M;2004;Natan;5
6;M;2004;Reda;6
6;M;2012;Élie;6
32;F;2013;Eloïse;32
11;F;2013;Meriem;11
15;M;2017;Alix;15
7;F;2017;Angela;7
5;F;2017;Ciara;5
8;F;2017;Mariame;8
65;F;2019;Inaya;65
61;M;2019;David;61
36;M;2019;Noam;36
28;F;2019;Nelya;28
5;F;2007;Anaelle;5
46;F;2007;Mélissa;46
9;F;2008;Lucia;9
8;F;2008;Shanna;8
38;F;2010;Lucile;38
12;F;2011;Shana;12
15;F;2005;Chaïma;15
179;F;2005;Jeanne;179
5;M;2006;Anaël;5
84;M;2021;Axel;84
25;M;2021;Leo;25
11;F;2021;Malia;11
7;F;2021;Ayna;7
7;M;2019;Calixte;7
25;M;2020;Nathanaël;25
22;M;2020;Nahil;22
14;M;2020;Mahé;14
13;M;2020;Aksel;13
6;F;2020;Élyne;6
5;M;2019;Christian;5
5;F;2019;Inés;5
48;M;2020;David;48
46;F;2020;Marie;46
24;F;2020;Talia;24
10;M;2020;Dan;10
104;M;2021;Ismaël;104
24;M;2021;Ruben;24
19;M;2021;Amaury;19
19;M;2021;Souleymane;19
14;F;2021;Julie;14
13;M;2021;Cheick;13
12;M;2021;Lassana;12
11;F;2021;Eléa;11
10;F;2021;Nelia;10
9;M;2021;Loan;9
5;M;2021;Jed;5
6;M;2004;Calvin;6
39;M;2004;Dorian;39
57;M;2004;Elias;57
5;F;2005;Adeline;5
6;M;2005;Jude;6
5;M;2005;Orso;5
11;M;2006;Adel;11
6;F;2006;Adriana;6
187;M;2004;Jules;187
5;M;2004;Meziane;5
18;F;2006;Laure;18
5;F;2006;Prunelle;5
73;M;2007;Félix;73
13;F;2007;Fiona;13
7;M;2007;Hamed;7
5;M;2007;Hayden;5
5;F;2008;Cali;5
15;F;2008;Lena;15
8;M;2008;Swan;8
33;M;2009;Armand;33
6;F;2009;Elora;6
5;M;2009;Lassana;5
56;F;2009;Luna;56
6;F;2009;Maïly;6
47;M;2009;Samy;47
7;M;2012;Alix;7
7;F;2012;Cléophée;7
15;F;2012;Maud;15
7;M;2012;Mohamed-Amine;7
13;F;2013;Astrid;13
8;F;2013;Jennah;8
7;F;2013;Kimberly;7
7;F;2013;Leslie;7
64;F;2013;Yasmine;64
5;F;2014;Alissa;5
5;F;2014;Israa;5
16;F;2014;Naomie;16
49;F;2014;Sara;49
7;F;2005;Mélody;7
16;F;2006;Ana;16
8;M;2004;Léandre;8
5;F;2004;Rébecca;5
6;F;2014;Auriane;6
6;M;2015;Nayel;6
22;F;2019;Talia;22
12;F;2019;Kamila;12
9;M;2019;Aliou;9
31;F;2006;Aurore;31
157;F;2006;Eva;157
8;F;2006;Kamila;8
39;F;2007;Clémentine;39
16;M;2007;Karim;16
87;M;2008;David;87
65;F;2008;Elisa;65
6;F;2008;Jessy;6
20;F;2008;Maryam;20
7;M;2008;Saïd;7
18;F;2008;Tara;18
9;F;2009;Adeline;9
24;M;2009;Timothé;24
22;M;2010;Alban;22
6;M;2010;Boubou;6
6;M;2010;Jérôme;6
9;M;2011;Adrian;9
5;M;2011;Aiden;5
29;M;2011;Alex;29
5;F;2011;Bella;5
32;F;2011;Ella;32
28;M;2011;Marin;28
13;M;2004;Adem;13
20;M;2004;Bryan;20
9;F;2004;Guillemette;9
7;F;2020;Yaëlle;7
9;M;2005;Ismaïl;9
45;F;2005;Mariam;45
16;M;2005;Ousmane;16
8;M;2005;Rudy;8
5;M;2020;Reda;5
5;M;2020;Theo;5
42;F;2021;Maryam;42
23;M;2021;Isaïah;23
23;M;2021;Kassim;23
7;F;2021;Lilas;7
9;M;2004;Makan;9
85;M;2004;Mathieu;85
28;M;2023;Ernest;28
20;M;2023;Stanislas;20
7;M;2023;Aksil;7
10;F;2007;Éva;10
80;F;2007;Maya;80
9;F;2007;Sybille;9
22;M;2008;Anthony;22
25;M;2008;Eliot;25
30;F;2008;Hélène;30
17;M;2008;Ibrahima;17
8;M;2008;Matys;8
5;M;2008;Saad;5
5;M;2008;Stanley;5
30;F;2009;Amélie;30
7;F;2009;Binta;7
12;M;2010;Niels;12
14;M;2010;Tao;14
5;M;2011;Franklin;5
13;M;2004;Ariel;13
7;F;2004;Sana;7
5;M;2004;Theo;5
14;F;2005;Bianca;14
38;M;2015;Joshua;38
6;M;2015;Livio;6
5;F;2015;Tasnime;5
22;F;2015;Zélie;22
6;M;2016;Dany;6
5;F;2016;Maï;5
10;F;2016;Matilda;10
24;M;2016;Max;24
6;M;2016;Soren;6
21;F;2017;Alba;21
67;F;2017;Clara;67
96;F;2017;Jade;96
37;M;2017;Luca;37
31;M;2017;Nathanaël;31
6;M;2017;Yusuf;6
7;F;2018;April;7
5;F;2018;Feryel;5
55;M;2019;Imran;55
94;M;2010;Alexis;94
6;F;2010;Elyne;6
5;F;2010;Meyssa;5
7;M;2011;Aziz;7
14;M;2011;Calixte;14
7;F;2011;Ève;7
5;F;2011;Eya;5
5;F;2011;Meryem;5
6;F;2011;Sybille;6
23;M;2012;Titouan;23
5;M;2013;Zyad;5
28;M;2014;Mathieu;28
6;F;2014;Yaëlle;6
29;M;2015;Alban;29
14;M;2015;Moustapha;14
18;F;2015;Salma;18
19;M;2015;Souleymane;19
13;M;2015;Yohan;13
6;F;2016;Lital;6
6;F;2017;Aude;6
98;F;2022;Alba;98
18;F;2022;Noémie;18
17;M;2022;Hayden;17
5;M;2022;Lyron;5
78;M;2023;Marius;78
28;M;2023;Nolan;28
26;M;2023;Abdoulaye;26
10;M;2023;Boubacar;10
6;M;2023;Bosco;6
6;M;2023;Yasser;6
6;M;2023;Younès;6
5;M;2023;Ferdinand;5
5;F;2023;Alessia;5
7;M;2017;Alessio;7
18;M;2017;Camil;18
18;M;2017;Hayden;18
29;M;2017;Stanislas;29
23;M;2018;Elliot;23
6;F;2018;Lucy;6
71;F;2018;Madeleine;71
33;M;2006;Edgar;33
157;M;2006;Hugo;157
5;F;2006;Tasnime;5
69;F;2007;Joséphine;69
18;F;2008;Maeva;18
56;F;2008;Violette;56
11;M;2009;Bakary;11
21;F;2009;Syrine;21
10;M;2010;Adil;10
9;F;2010;Anissa;9
7;F;2011;Amalia;7
7;M;2011;Célestin;7
6;F;2011;Mélanie;6
50;F;2011;Suzanne;50
207;F;2021;Alma;207
178;M;2021;Joseph;178
25;M;2021;Zacharie;25
11;M;2021;Archibald;11
5;M;2019;Kiyan;5
7;M;2022;Muhammed;7
5;F;2022;Hatouma;5
15;F;2023;Athéna;15
11;F;2023;Hanaé;11
6;M;2015;Ilyane;6
5;F;2015;Noha;5
6;M;2016;Denis;6
32;F;2017;Capucine;32
21;F;2017;Sibylle;21
119;F;2017;Sofia;119
14;F;2017;Valentina;14
23;M;2018;Nael;23
12;M;2010;André;12
92;F;2010;Margaux;92
42;F;2010;Mariam;42
70;M;2011;Ismaël;70
21;M;2024;Adel;21
55;M;2023;David;55
60;M;2024;Ulysse;60
40;F;2024;Roxane;40
17;F;2024;Emna;17
14;F;2024;Camélia;14
8;M;2024;Oliver;8
7;F;2024;Angelina;7
6;F;2024;Anaë;6
5;F;2024;Maeva;5
39;M;2011;Rayane;39
41;F;2004;Aminata;41
10;F;2005;Déborah;10
5;F;2005;India;5
6;F;2019;Viviane;6
8;F;2020;Éva;8
28;F;2021;Elisa;28
23;M;2021;Léandre;23
9;M;2021;Adama;9
95;M;2004;Maxence;95
7;M;2004;Melvil;7
22;F;2024;Livia;22
9;M;2024;André;9
9;M;2024;Rafaël;9
5;M;2024;Hakim;5
26;M;2023;Nicolas;26
8;F;2023;Ania;8
7;M;2023;Liham;7
5;M;2023;Albéric;5
15;M;2012;Adrian;15
14;M;2012;André;14
11;M;2012;Mickaël;11
20;F;2012;Morgane;20
25;F;2013;Anaëlle;25
13;M;2013;Lazare;13
5;F;2013;Meryem;5
7;F;2014;Assa;7
20;M;2014;Guillaume;20
80;M;2014;Maxence;80
5;F;2015;Dyna;5
10;F;2015;Koumba;10
23;M;2016;Ibrahima;23
27;F;2016;Océane;27
125;F;2017;Adèle;125
111;F;2023;Rose;111
14;M;2023;Wassim;14
14;F;2023;Amira;14
9;M;2023;Alpha;9
9;F;2018;Haby;9
6;M;2018;Maher;6
17;F;2019;Justine;17
13;M;2019;Imrane;13
266;M;2010;Alexandre;266
22;F;2010;Alexia;22
11;F;2010;Quitterie;11
8;M;2011;Kenny;8
21;F;2011;Marwa;21
7;F;2019;Wendy;7
6;M;2019;Niels;6
156;M;2020;Gaspard;156
51;M;2020;Enzo;51
7;M;2020;Hélios;7
6;M;2020;Vincent;6
129;F;2021;Alice;129
35;F;2021;Lily;35
5;M;2004;Lancelot;5
33;F;2006;Elena;33
15;M;2006;Issam;15
151;F;2007;Clara;151
21;F;2007;Irène;21
30;F;2007;Lila;30
6;M;2007;Willy;6
20;F;2008;Elodie;20
23;M;2008;Nolan;23
5;M;2008;Yoav;5
12;F;2009;Colette;12
8;F;2009;Joana;8
27;F;2004;Caroline;27
45;M;2004;Samy;45
8;F;2005;Irina;8
74;F;2022;Mariam;74
37;M;2022;Enzo;37
13;F;2022;Isra;13
8;F;2022;Scarlett;8
6;M;2022;Virgile;6
5;F;2022;Aisha;5
8;M;2016;Selyan;8
8;M;2017;Aubin;8
16;M;2017;Lazare;16
7;F;2017;Ysée;7
5;M;2018;Mody;5
15;F;2018;Talia;15
93;M;2019;Maël;93
17;F;2019;Anastasia;17
12;M;2019;Eric;12
16;M;2004;Andrea;16
29;F;2004;Andréa;29
11;F;2004;Éléonore;11
5;F;2005;Djeneba;5
14;F;2005;Kadiatou;14
16;F;2005;Kim;16
91;F;2005;Nina;91
5;F;2005;Rita;5
9;F;2023;Elly;9
5;F;2023;Jodie;5
13;M;2010;Loris;13
16;F;2010;Marguerite;16
8;F;2010;Nadine;8
8;F;2011;Emeline;8
22;F;2011;Khadija;22
6;F;2019;Laïa;6
6;F;2019;Leïa;6
23;M;2020;Alban;23
16;M;2020;Anis;16
13;M;2020;Elon;13
11;M;2020;Jonah;11
11;M;2020;Marc;11
11;F;2020;Zahra;11
7;M;2020;Kays;7
6;M;2020;Malek;6
113;F;2021;Lou;113
28;M;2021;Hippolyte;28
15;M;2021;Dylan;15
11;M;2021;Dimitri;11
7;F;2021;Héléna;7
6;F;2021;Auriane;6
5;M;2021;Étienne;5
5;F;2006;Anita;5
7;F;2006;Aurélia;7
21;M;2006;Cyprien;21
6;F;2006;Houda;6
5;M;2006;Joan;5
40;F;2006;Mélissa;40
7;M;2006;Vianney;7
30;F;2007;Amélie;30
9;M;2008;Alexander;9
141;M;2008;Enzo;141
11;F;2008;Haby;11
190;M;2008;Jules;190
7;M;2008;Marcel;7
5;F;2008;Nouha;5
5;F;2009;Aylin;5
25;F;2009;Caroline;25
7;F;2009;Elizabeth;7
5;F;2012;Aby;5
10;F;2012;Mellina;10
9;M;2012;Nathaniel;9
45;M;2012;Théodore;45
11;F;2013;Mariama;11
29;M;2013;Wassim;29
93;M;2014;Baptiste;93
5;M;2014;Nabil;5
7;M;2014;Ryad;7
5;F;2015;Aure;5
10;M;2015;Dany;10
7;M;2015;Josh;7
20;M;2016;Ilyan;20
20;M;2016;Jad;20
23;F;2016;Lilya;23
24;F;2016;Mélina;24
5;F;2016;Nada;5
138;M;2016;Sacha;138
12;F;2022;Philippa;12
6;M;2021;Younès;6
18;F;2005;Assia;18
6;F;2005;Cynthia;6
52;F;2005;Elsa;52
48;F;2005;Esther;48
9;M;2005;Jad;9
137;F;2005;Juliette;137
21;M;2005;Yannis;21
15;F;2005;Yona;15
5;M;2006;Alon;5
39;F;2006;Amandine;39
6;F;2019;Joanna;6
38;F;2020;Elena;38
18;F;2020;Célestine;18
15;M;2020;Hippolyte;15
9;F;2020;Clotilde;9
8;M;2020;Luc;8
6;F;2020;Djamila;6
158;M;2004;Nathan;158
40;M;2016;Samy;40
5;F;2017;Cassandra;5
82;M;2017;Clément;82
6;F;2017;Djeneba;6
35;M;2017;Jacques;35
18;F;2017;Naëlle;18
27;F;2017;Olympe;27
9;M;2018;Mahamadou;9
63;M;2019;Yanis;63
23;F;2019;Amira;23
20;F;2019;Lia;20
9;M;2019;Archibald;9
7;M;2006;Adriano;7
5;M;2009;Mika;5
14;M;2010;Alexander;14
5;M;2010;Ramy;5
14;F;2011;Anaé;14
5;F;2011;Arielle;5
5;M;2011;George;5
7;M;2005;Amadou;7
6;F;2005;Inés;6
7;F;2005;Mathilda;7
13;M;2005;Matisse;13
32;M;2004;Sami;32
114;F;2022;Victoire;114
8;M;2022;Nahïl;8
7;M;2022;Louison;7
12;M;2006;Bruno;12
7;F;2006;Juliana;7
6;M;2007;Andreas;6
5;M;2007;Elia;5
10;F;2007;Félicie;10
7;M;2007;Joël;7
15;F;2007;Marilou;15
23;M;2007;Matéo;23
26;M;2008;Abel;26
9;F;2008;Janna;9
6;F;2008;Kayliah;6
48;M;2008;Yann;48
11;F;2009;Kadiatou;11
6;F;2009;Salimata;6
6;M;2010;Aly;6
5;M;2010;Eugène;5
18;F;2010;Fanny;18
5;M;2010;Leandro;5
5;M;2010;Zinedine;5
17;M;2011;André;17
12;F;2011;Emna;12
11;F;2011;Liv;11
7;M;2011;Mendel;7
8;M;2011;Viktor;8
5;M;2004;Emilio;5
19;F;2005;Aurélie;19
6;F;2005;Celia;6
5;M;2006;Alejandro;5
7;M;2012;Arthus;7
15;F;2012;Enora;15
6;M;2012;Eythan;6
41;M;2012;Hector;41
10;F;2012;Line;10
81;F;2012;Margaux;81
38;F;2012;Océane;38
10;F;2012;Yaël;10
11;F;2013;Antonia;11
7;F;2013;Eliane;7
5;M;2013;Saad;5
64;F;2013;Salomé;64
6;M;2013;Sohan;6
5;F;2014;Alyah;5
5;F;2014;Ange;13
16;M;2014;Kevin;16
5;F;2014;Loïs;5
20;M;2014;Ryan;20
27;F;2015;Eloïse;27
140;F;2015;Eva;140
5;F;2015;Lea;5
74;M;2015;Maël;74
43;F;2015;Maryam;43
20;F;2015;Valentina;20
8;M;2016;Aris;8
5;F;2016;Arwa;5
28;F;2016;Fanta;28
8;M;2016;Riyad;8
7;M;2016;Ylan;7
7;F;2017;Ève;7
15;F;2017;Laetitia;15
37;F;2017;Lise;37
7;M;2017;Loïs;7
7;M;2017;Rémi;7
85;F;2017;Romy;85
6;F;2018;Abby;6
104;M;2018;Marius;104
53;F;2019;Aïcha;53
5;M;2019;Jérémie;5
13;F;2020;Amy;13
13;F;2020;Leïla;13
5;M;2020;Elian;5
71;M;2021;Théo;71
29;M;2021;Alban;29
13;M;2021;Luka;13
6;F;2021;Leonor;6
5;F;2021;Marta;5
8;M;2013;Anass;8
6;M;2013;Bruno;6
8;M;2013;Curtis;8
131;F;2013;Léa;131
10;F;2013;Méline;10
5;F;2014;Lehna;5
25;F;2014;Maïssa;25
7;F;2014;Rokia;7
5;F;2015;Aissatou;5
5;F;2008;Maxence;92
13;M;2009;Jason;13
7;F;2009;Nada;7
16;M;2010;Idriss;16
9;F;2011;Fatim;9
59;M;2011;Naël;59
6;F;2011;Quitterie;6
7;M;2011;Salim;7
18;M;2005;Laurent;18
9;F;2005;Naïs;9
5;M;2004;Joey;5
17;M;2024;Hassan;17
9;F;2024;Léana;9
218;M;2012;Alexandre;218
28;M;2012;Noa;28
23;M;2013;Anis;23
10;F;2013;Elly;10
20;M;2013;Gauthier;20
42;M;2015;Marceau;42
5;M;2015;Yasser;5
6;M;2016;Adnane;6
11;F;2016;Aïssata;11
5;F;2016;Lilly;5
28;F;2016;Sixtine;28
16;F;2018;Evy;16
33;F;2019;Eden;33
16;M;2019;Isaïah;16
6;M;2006;Mouhamed;6
14;F;2006;Ornella;14
48;M;2006;Timothée;48
18;F;2007;Shirel;18
93;M;2008;Axel;93
22;F;2008;Jessica;22
13;F;2008;Mariame;13
21;M;2008;Matteo;21
13;F;2008;Ornella;13
15;M;2008;Téo;15
6;F;2009;Eileen;6
76;F;2009;Elisa;76
5;M;2009;Malick;5
15;M;2009;Rafaël;15
7;F;2009;Rokia;7
5;M;2009;Skander;5
19;F;2011;Syrine;19
23;F;2021;Axelle;23
11;F;2021;Hélène;11
10;F;2021;Mira;10
7;F;2019;Éléa;7
82;F;2023;Nour;82
62;F;2023;Elena;62
26;F;2023;Paloma;26
12;F;2023;Louna;12
9;F;2023;Athena;9
8;M;2023;Elyo;8
8;F;2023;Luce;8
6;F;2023;Martha;6
5;M;2023;Louaï;5
11;F;2020;Léana;11
132;M;2004;Baptiste;132
7;F;2005;Jenny;7
74;F;2005;Rose;74
18;M;2005;Tony;18
9;M;2005;Yassin;9
11;F;2004;Johanna;11
10;M;2023;Aly;10
20;M;2024;Stanislas;20
15;F;2024;Aliyah;15
13;M;2024;Camil;13
5;F;2004;Émeline;5
5;F;2012;Djeneba;5
170;M;2012;Gaspard;170
23;M;2012;Loïc;23
7;F;2012;Solveig;7
67;F;2013;Aya;67
10;F;2014;Amel;10
6;F;2014;Théodora;6
48;M;2014;Youssef;48
7;M;2015;Hedi;7
20;F;2016;Estelle;20
8;F;2018;Sira;8
36;F;2019;Lily;36
13;F;2019;Sana;13
147;F;2006;Juliette;147
18;F;2006;Tess;18
14;M;2007;Abdoulaye;14
9;F;2007;Anne;9
5;M;2007;Calvin;5
47;F;2008;Eloïse;47
60;F;2008;Luna;60
9;M;2009;Amadou;9
33;M;2009;Arsène;33
27;F;2010;Colombe;27
26;F;2010;Isaure;26
19;F;2010;Lili;19
178;M;2010;Nathan;178
11;F;2011;Asma;11
5;M;2011;Shayan;5
5;F;2004;Tina;5
27;F;2005;Caroline;27
13;F;2005;Delphine;13
7;M;2005;Ian;7
45;M;2005;Ulysse;45
8;F;2020;Helena;8
7;M;2005;Émile;7
12;M;2005;Guilhem;12
6;F;2005;Halima;6
29;F;2005;Shana;29
8;M;2004;Maxim;8
21;M;2012;Nassim;21
5;F;2013;Faith;5
33;M;2013;Mathias;33
5;F;2015;Clothilde;5
6;M;2015;Henry;6
7;F;2006;Scarlett;7
40;M;2006;Stanislas;40
15;M;2007;Philippe;15
19;F;2007;Sacha;184
11;F;2008;Anaé;11
5;F;2008;Lauriane;5
9;M;2008;Macéo;9
45;M;2008;Mehdi;45
9;M;2008;Viktor;9
14;F;2009;Domitille;14
9;M;2010;Jalil;9
8;M;2010;Selyan;8
34;M;2004;François;34
27;F;2005;Aïcha;27
21;F;2005;Anne;21
261;M;2005;Arthur;261
11;M;2005;Elliott;11
9;M;2005;Flavio;9
14;M;2005;Lino;14
8;F;2005;Nada;8
11;F;2005;Solenn;11
80;M;2023;Hugo;80
48;F;2023;Clara;48
14;M;2023;Vasco;14
38;M;2021;Joshua;38
6;M;2020;Warren;6
122;F;2004;Pauline;122
134;F;2012;Léa;134
11;F;2013;Maeva;11
17;F;2013;Rosalie;17
7;M;2014;Hélio;7
7;F;2014;Jessica;7
74;F;2014;Marie;74
12;F;2014;Yousra;12
15;M;2015;Colin;15
20;F;2015;Oumou;20
18;F;2015;Rachel;18
6;F;2016;Abby;6
5;F;2016;Annabelle;5
5;M;2016;Laszlo;5
132;F;2016;Rose;132
13;M;2017;Justin;13
9;M;2018;Eloi;9
17;M;2018;Elyas;17
7;M;2018;Marlow;7
7;M;2018;Santiago;7
39;F;2024;Paloma;39
18;M;2024;Edouard;18
11;F;2024;Éloïse;11
10;M;2024;Oussaid;10
8;F;2024;Malika;8
113;F;2022;Romy;113
38;F;2022;Léonore;38
20;M;2022;Zacharie;20
17;F;2022;Assya;17
18;F;2022;Elina;18
94;F;2022;Nina;94
7;F;2022;Ela;7
16;F;2012;Andréa;16
9;M;2012;Aron;9
6;F;2012;Élodie;6
22;M;2012;Ernest;22
12;M;2012;Ivan;12
12;M;2012;Waël;12
7;M;2013;Carl;7
48;F;2013;Elise;48
16;F;2013;Emy;16
6;M;2013;Souleyman;6
61;F;2014;Ava;61
5;F;2014;Bella;5
11;M;2014;Henry;11
6;F;2014;Kayla;6
7;M;2014;Saif;7
5;F;2015;Avril;5
5;M;2015;Boris;5
5;F;2015;Chaïma;5
98;F;2015;Lou;108
7;F;2015;Manelle;7
31;M;2015;Nassim;31
9;F;2016;Ilyana;9
94;M;2016;Noé;94
7;M;2017;Archibald;7
5;M;2017;Ayman;5
5;F;2018;Dounia;5
5;M;2018;Eytan;5
30;M;2018;Nicolas;30
10;M;2016;Giovanni;10
32;F;2016;Jasmine;32
28;M;2016;Théophile;28
13;M;2017;Aksil;13
59;M;2017;Félix;59
10;F;2017;Lili;10
8;M;2018;Lévi;8
11;F;2018;Safiya;11
11;M;2010;Marcus;11
5;M;2011;Barnabé;5
34;M;2022;Henri;34
11;F;2022;Evy;11
14;M;2012;Abdoulaye;14
5;M;2012;Iwan;5
7;M;2013;Arnaud;7
26;M;2013;Jacques;26
5;F;2013;Meryl;5
15;M;2013;Mohammed;15
31;M;2013;Thibault;31
34;M;2014;Tiago;34
14;M;2015;Titouan;14
12;F;2016;Aria;12
5;F;2016;Djenna;5
8;M;2017;Marco;8
28;M;2018;Ambroise;28
8;M;2018;Isaiah;8
11;M;2010;Moustapha;11
97;M;2010;Noé;97
5;M;2006;Alec;5
89;F;2023;Joséphine;89
53;F;2023;Noa;53
23;M;2024;Malik;23
11;F;2024;Émilie;11
10;M;2024;Zakariya;10
5;M;2024;Marlo;5
41;F;2023;Aïcha;41
6;F;2019;Lyanna;6
40;M;2020;Benjamin;40
25;F;2004;Lyna;25
22;F;2006;Estelle;22
5;F;2006;Léana;5
7;M;2006;Neil;7
15;F;2007;Amina;15
5;F;2007;Gaëtane;5
5;F;2007;Lynda;5
68;F;2007;Océane;68
7;F;2007;Philomène;7
88;M;2008;Alexis;88
21;F;2008;Bérénice;21
11;F;2008;Liora;11
13;M;2008;Marwan;13
5;M;2008;Mathurin;5
31;M;2009;Edgar;31
5;F;2009;Heidi;5
5;F;2009;Ibtissam;5
6;M;2013;Maé;6
17;M;2014;Nahil;17
8;M;2014;Robinson;8
14;M;2015;Sohan;14
13;M;2015;Younès;13
30;M;2018;Samy;30
13;M;2018;Zayn;13
39;M;2019;Mamadou;39
19;M;2019;Malik;19
10;F;2019;Scarlett;10
44;M;2006;Robin;44
6;F;2006;Sandra;6
13;M;2006;Yoan;13
8;M;2007;Joris;8
7;F;2007;Norah;7
5;M;2007;Samir;5
39;M;2008;Lucien;39
10;M;2008;Stéphane;10
20;M;2008;Vadim;20
12;M;2009;Aymeric;12
54;F;2009;Esther;54
21;F;2009;Sonia;21
6;M;2010;Léandro;6
6;M;2010;Lohan;6
13;F;2010;Théa;13
27;F;2011;Hortense;27
7;F;2011;Lou-Ann;7
5;F;2011;Nelya;5
9;F;2021;Dana;9
5;F;2019;Natalia;5
106;M;2020;Ibrahim;106
10;M;2020;Colin;10
6;F;2023;Sira;6
47;F;2022;Anaïs;47
10;M;2022;Mendel;10
7;M;2022;Dan;7
5;M;2022;Liroy;5
25;M;2023;Matteo;25
12;F;2023;Haby;12
5;M;2023;Ghali;5
35;F;2022;Hanna;35
5;F;2012;Celia;5
33;F;2012;Luna;33
51;F;2013;Aïcha;51
5;M;2013;Kyan;5
6;M;2015;Alhassane;6
5;M;2015;Damian;5
27;F;2015;Louison;32
8;M;2016;Aly;8
14;F;2016;Charline;14
370;M;2016;Gabriel;370
16;F;2016;Kenza;16
7;M;2016;Mark;7
6;F;2016;Maud;6
14;F;2016;Miya;14
62;M;2016;Noam;62
8;F;2016;Sadio;8
27;M;2017;Charlie;27
7;M;2017;Dorian;7
379;M;2017;Gabriel;379
5;F;2017;Katia;5
12;M;2017;Leandro;12
17;F;2017;Naomie;17
10;F;2022;Emmy;10
19;M;2023;Aris;19
8;M;2023;Uriel;8
75;F;2022;Héloïse;75
9;F;2022;Célestine;9
7;M;2022;Mathys;7
6;M;2022;Souheyl;6
5;F;2022;Abigaël;5
5;F;2022;Aminatou;5
5;F;2022;Nell;5
8;F;2022;Nine;8
5;M;2022;Dimitri;5
16;M;2023;Nael;16
21;M;2023;Ariel;21
7;M;2023;Avraham;7
7;F;2023;Kadidiatou;7
92;M;2023;Oscar;92
18;M;2023;Dylan;18
8;F;2023;Mélodie;8
8;F;2023;Zainab;8
11;M;2023;Jelani;11
9;F;2023;Gloria;9
6;M;2023;Patrick;6
5;M;2023;Abdul;5
5;M;2023;Soann;5
8;F;2023;Daria;8
24;M;2022;Jonas;24
8;F;2022;Leya;8
7;F;2022;Nélya;7
135;F;2023;Anna;135
8;F;2023;Aisha;8
6;M;2023;Salman;6
32;F;2024;Céline;32
7;M;2024;Gary;7
6;M;2024;Billy;6
6;M;2024;Emir;6
5;F;2024;Bonnie;5
5;M;2024;Elisha;5
9;M;2023;Calixte;9
9;F;2023;Théodora;9
11;M;2021;Wassim;11
7;F;2019;Ayna;7
6;F;2019;Nell;6
13;F;2020;Zaynab;13
62;M;2023;Rayan;62
20;M;2023;Kamil;20
17;F;2023;Aicha;17
12;M;2023;Sekou;12
12;F;2023;Émilie;12
124;F;2013;Anaïs;124
45;F;2013;Giulia;45
9;F;2013;Neïla;9
12;F;2013;Soumaya;12
49;M;2013;Tristan;49
8;M;2013;Yaya;8
12;M;2014;Alessio;12
51;F;2014;Léna;51
35;M;2014;Léopold;35
9;F;2014;Léopoldine;9
5;F;2014;Rosa;5
20;F;2015;Aliénor;20
5;M;2015;Christopher;5
28;F;2015;Hannah;28
5;F;2017;Maéva;5
11;F;2017;Nayla;11
74;F;2023;Alba;74
7;M;2023;Nour;7
28;F;2023;Khadija;28
7;F;2023;Gioia;7
5;M;2023;Leonard;5
5;M;2023;Louay;5
18;M;2024;Loup;18
11;F;2024;Anayah;11
10;M;2024;Albert;10
5;F;2024;Ayna;5
8;M;2012;Gary;8
5;M;2012;Yossef;5
10;M;2013;Ayman;10
20;F;2013;Charline;20
22;F;2013;Hawa;22
5;F;2013;Maimouna;5
6;F;2013;Marjane;6
31;M;2014;Adem;31
35;F;2014;Sophia;35
16;F;2015;Carmen;16
22;F;2015;Khadija;22
15;F;2015;Marguerite;15
5;F;2015;Wendy;5
23;M;2016;Jonas;23
6;F;2017;Aby;6
13;F;2017;Aline;13
27;M;2017;Amaury;27
18;F;2017;Emmanuelle;18
6;F;2017;Méline;6
100;F;2018;Julia;100
37;M;2018;Kaïs;37
11;F;2011;Amélia;11
32;F;2011;Eugénie;32
6;M;2011;Nohan;6
6;M;2004;Aymane;6
5;M;2020;Ishak;5
35;F;2021;Daphné;35
16;M;2021;Levi;16
8;F;2021;Eléanore;8
40;F;2023;Brune;40
8;F;2023;Leyla;8
5;M;2023;Babacar;5
5;F;2019;Élina;5
113;M;2020;Noé;113
29;F;2020;Mya;29
56;F;2004;Léna;56
8;M;2004;Leo;8
12;F;2004;Maryam;12
18;F;2004;Mila;18
78;F;2004;Salomé;78
10;F;2006;Cléa;10
17;F;2006;Clotilde;17
6;M;2006;Corto;6
45;M;2006;Esteban;45
10;F;2006;Shaïna;10
5;M;2007;Mohamed-Ali;5
7;M;2007;Patrick;7
8;M;2007;Yani;8
5;F;2008;Anjali;5
5;F;2008;Cléophée;5
5;F;2008;Kimberly;5
6;F;2009;Ada;6
29;F;2009;Aurore;29
6;F;2009;Cindy;6
10;F;2009;Ludmila;10
15;M;2009;Mickaël;15
7;M;2022;Léandro;7
5;F;2022;Ada;5
181;M;2023;Isaac;181
30;F;2023;Colette;30
5;F;2023;Ina;5
5;F;2023;Saran;5
15;F;2022;Paola;15
8;M;2022;Éloi;8
5;M;2022;Milhane;5
18;F;2023;Ana;18
7;F;2023;Clémentine;7
7;F;2024;Zahra;7
5;M;2024;Andy;5
24;M;2011;Yann;24
133;F;2012;Adèle;133
140;M;2012;Augustin;140
15;F;2012;Bianca;15
6;M;2012;Ewen;6
65;M;2012;Jean;65
26;F;2012;Raphaëlle;26
8;M;2013;Cheick;8
100;F;2013;Jade;100
6;F;2013;Mai;6
11;M;2013;Mateo;11
8;M;2013;Zakarya;8
42;F;2014;Ambre;42
18;M;2014;Bilel;18
8;F;2014;Laetitia;8
11;F;2014;Louison;17
19;M;2014;Owen;19
5;F;2015;Cécile;5
36;F;2015;Éléonore;36
43;M;2015;Hadrien;43
22;M;2015;Thibault;22
9;M;2016;Chris;9
10;M;2016;Elyes;10
38;F;2017;Albane;38
15;M;2011;Yohan;15
50;F;2012;Sophie;50
6;M;2012;Sylvain;6
95;F;2013;Héloïse;95
7;M;2013;Matéo;7
7;F;2014;Alyssa;7
87;M;2014;Charles;87
5;M;2014;Lohan;5
6;M;2015;Blaise;6
12;F;2015;Gaïa;12
10;F;2015;Maelys;10
17;F;2015;Talia;17
9;F;2016;Abigail;9
5;F;2016;Liyah;5
27;F;2016;Thelma;27
6;F;2017;Maelys;6
13;M;2018;Eliot;13
20;F;2019;Théa;20
12;M;2019;Alix;12
8;F;2010;Catherine;8
8;F;2010;Safia;8
184;F;2011;Camille;254
115;M;2011;Oscar;115
233;M;2021;Raphaël;233
73;F;2021;Héloïse;73
24;M;2021;Omar;24
5;F;2021;Ivana;5
9;F;2005;Maïwenn;9
18;F;2022;Lya;18
7;M;2023;Mustafa;7
53;F;2024;Sarah;53
33;M;2024;Léopold;33
24;F;2024;Lyna;24
9;M;2024;Abdallah;9
7;M;2024;Laszlo;7
6;M;2024;Alon;6
173;M;2022;Léon;173
17;M;2022;Owen;17
11;M;2022;Kenan;11
6;M;2022;Aviel;6
6;M;2018;Ézéchiel;6
82;F;2018;Lucie;82
7;F;2018;Yousra;7
57;M;2019;Félix;57
22;M;2006;Eric;22
14;M;2006;Mickaël;14
30;F;2007;Maïa;30
29;M;2008;Lenny;29
10;M;2008;Leonardo;10
9;F;2008;Mariama;9
33;M;2008;Mattéo;33
5;M;2008;Waïl;5
5;F;2009;Isra;5
8;F;2009;Janna;8
6;F;2010;Aimée;6
6;M;2010;Alan;6
59;M;2010;Luca;59
5;F;2011;Cassiopée;5
5;F;2011;Hatouma;5
12;F;2011;Naomie;12
5;F;2020;Roxanne;5
91;M;2021;Eliott;91
78;F;2021;Diane;78
26;F;2021;Yaël;26
20;F;2021;Naomie;20
17;M;2021;Élie;17
15;F;2021;Layana;15
61;M;2020;Eden;61
166;M;2024;Mohamed;166
47;F;2024;Isaure;47
7;M;2024;Younès;7
321;M;2023;Gabriel;321
81;F;2023;Alix;81
36;M;2023;Mamadou;36
27;F;2023;Thaïs;27
17;F;2023;Sibylle;17
9;F;2023;Gemma;9
7;F;2023;Zaynab;7
6;F;2023;Viktoria;6
64;F;2023;Aminata;64
11;F;2023;Naomie;11
7;M;2023;Ilay;7
10;F;2018;Amélie;10
24;F;2018;Hortense;24
80;F;2019;Apolline;80
71;M;2019;Mathis;71
25;F;2019;Maïssa;25
5;F;2010;Leya;5
31;F;2010;Salma;31
65;F;2011;Alicia;65
46;F;2011;Sophie;46
5;M;2019;Titouan;5
88;M;2020;Simon;88
15;F;2020;Safiya;15
12;M;2020;Naïl;12
5;M;2020;Robinson;5
17;F;2021;Aimée;17
5;F;2021;Elyna;5
5;F;2004;Lorie;5
25;M;2006;Nino;25
5;F;2006;Sokona;5
18;M;2007;Jacques;18
12;M;2007;Jean-Baptiste;12
29;M;2007;Rayane;29
8;M;2008;Aristide;8
5;F;2008;Arwen;5
23;M;2008;Aurèle;23
10;F;2008;Emeline;10
13;M;2008;Malik;13
11;F;2008;Sacha;171
8;F;2008;Thalia;8
14;M;2009;Adel;14
5;M;2009;Cheick;5
12;F;2009;Maéva;12
14;M;2009;Malik;14
5;F;2009;Olga;5
7;M;2004;Abdallah;7
18;M;2004;Gaël;18
205;F;2004;Sarah;205
7;F;2004;Serena;7
5;M;2005;Amaël;5
19;M;2005;Florent;19
12;M;2017;Emilio;12
7;M;2017;Louka;7
25;F;2017;Lyna;25
177;M;2018;Alexandre;177
5;M;2018;Stefan;5
87;F;2018;Suzanne;87
11;F;2018;Wendy;11
20;F;2019;Céline;20
5;F;2006;Isra;5
24;M;2006;Lorenzo;24
6;M;2006;Malcolm;6
11;F;2006;Salimata;11
7;F;2007;Tiffany;7
5;M;2007;Tylan;5
60;F;2007;Victoire;60
92;M;2008;Aaron;92
5;F;2008;Chérine;5
11;F;2008;Mahaut;11
5;M;2008;Matthew;5
32;F;2008;Roxane;32
5;M;2009;Aden;5
21;M;2009;Maximilien;21
6;M;2009;Sean;6
13;M;2009;Youcef;13
44;M;2010;Achille;44
8;F;2010;Aliyah;8
6;M;2010;Cheick;6
46;M;2010;Diego;46
6;F;2010;Dune;6
82;F;2010;Lola;82
6;F;2011;Alima;6
14;M;2011;Eloi;14
6;F;2011;Fiona;6
18;M;2011;Ilyas;18
8;M;2011;Karl;8
47;F;2004;Solène;47
31;F;2005;Amandine;31
5;F;2005;Lahna;5
7;M;2005;Matys;7
7;F;2019;Tyana;7
9;F;2020;Charline;9
5;F;2020;Martha;5
5;F;2020;Noura;5
171;M;2021;Léon;171
10;F;2021;Abby;10
6;F;2021;Inayah;6
5;M;2021;Ezéchiel;5
16;M;2004;Lilian;16
5;M;2004;Melvyn;5
14;M;2023;Leandro;14
9;M;2023;Malek;9
6;F;2023;Norma;6
11;F;2023;Olympia;11
8;F;2023;Gaia;8
136;M;2024;Victor;136
6;M;2024;Loann;6
5;M;2024;Nils;5
11;F;2024;Emilie;11
6;F;2024;Lucile;6
6;M;2024;Ugo;6
5;M;2024;Matthias;5
111;F;2022;Eva;111
10;F;2022;Mélina;10
5;M;2022;Malamine;5
14;M;2023;Anis;14
7;M;2024;Aly;7
20;F;2024;Mariama;20
6;F;2024;Marnie;6
11;M;2022;Mohammad;11
9;F;2022;Léane;9
5;M;2022;Shay;5
7;M;2022;Alan;7
7;M;2022;Hélio;7
6;M;2022;Younès;6
28;F;2012;Alya;28
10;F;2012;Gloria;10
7;F;2012;Haby;7
8;M;2012;Sohan;8
8;M;2013;Aubin;8
20;M;2013;Rémi;20
9;M;2014;Damien;9
21;F;2014;Elisabeth;21
7;M;2014;Leonard;7
22;M;2014;Malik;22
6;M;2014;Massyl;6
8;F;2015;Aïssatou;8
13;F;2015;Aliya;13
11;F;2015;Angela;11
6;F;2015;Elinor;6
7;M;2015;Xavier;7
6;M;2016;Aden;6
93;F;2016;Anaïs;93
36;M;2016;Aylan;36
30;F;2016;Hannah;30
5;M;2016;Hassan;5
8;F;2016;Imany;8
92;F;2016;Lucie;92
9;M;2016;Marley;9
65;M;2017;Elias;65
5;F;2017;Haya;5
9;F;2017;Hind;9
6;M;2017;Matéo;6
13;F;2017;Melina;13
6;F;2017;Ornella;6
30;F;2017;Sixtine;30
81;F;2017;Suzanne;81
14;F;2018;Coline;14
6;F;2018;Kyara;6
16;F;2018;Théa;16
13;M;2006;Aymen;13
5;M;2006;Gad;5
6;M;2006;Lou;6
26;F;2006;Maria;26
7;M;2006;Salim;7
8;F;2006;Shany;8
6;F;2007;Mayssa;6
20;M;2007;Zacharie;20
10;M;2008;André;10
7;M;2008;Eliel;7
6;M;2008;Hayden;6
201;M;2009;Jules;201
32;F;2009;Sophie;32
8;M;2010;Lior;8
7;F;2011;Lydia;7
38;M;2011;Mathéo;38
6;F;2020;Laya;6
36;M;2021;Anatole;36
11;M;2021;Tenzin;11
10;M;2021;Alpha;10
8;F;2021;Jessica;8
39;F;2012;Faustine;39
42;M;2012;Ilyes;42
9;M;2012;Ryad;9
5;F;2013;Félicie;5
9;F;2013;Mahault;9
8;F;2013;Soraya;8
6;M;2014;Christ;6
15;M;2014;Jonas;15
26;F;2014;Manel;26
19;M;2014;Philippe;19
12;F;2015;Clarisse;12
11;M;2015;Éloi;11
10;M;2015;Ewen;10
14;M;2015;Gary;14
58;F;2015;Laura;58
20;M;2016;Aboubacar;20
5;F;2016;Hania;5
19;M;2016;Johan;19
9;M;2017;Adil;9
5;M;2017;Edmond;5
13;M;2017;Eliot;13
12;M;2017;Elliott;12
18;F;2017;Émilie;18
33;F;2017;Myriam;33
22;M;2018;Anton;22
33;M;2018;Aylan;33
19;F;2018;Céline;19
14;F;2018;Elia;14
15;F;2018;Malak;15
10;M;2018;Olivier;10
223;F;2019;Louise;223
110;F;2019;Zoé;110
14;M;2019;Lazare;14
11;F;2019;Amandine;11
10;M;2019;Corentin;10
8;M;2019;Ismail;8
8;F;2004;Yaël;8
14;F;2005;Dounia;14
21;F;2005;Manel;21
11;F;2005;Quitterie;11
5;M;2019;Tidiane;5
125;F;2020;Jade;125
61;M;2020;Andrea;61
32;F;2020;Eden;32
8;M;2020;Kenzo;8
7;F;2020;Yasmina;7
6;M;2020;Jean-Baptiste;6
6;F;2020;Lynn;6
6;F;2020;Maëlie;6
16;M;2021;Corentin;16
6;F;2021;Éva;6
19;M;2004;Ilyes;19
5;F;2004;Jessie;5
9;F;2004;Liliane;9
50;F;2006;Ava;50
7;M;2006;Aviel;7
11;F;2006;Colombe;11
14;M;2006;Elyes;14
5;F;2006;Katarina;5
5;F;2006;Lilie;5
13;M;2006;Matis;13
122;M;2006;Simon;122
8;M;2006;Téo;8
12;M;2007;Ferdinand;12
56;F;2007;Garance;56
216;M;2007;Jules;216
9;F;2007;Satine;9
5;F;2007;Victorine;5
7;M;2008;Aly;7
8;F;2008;Baya;8
5;M;2008;Demba;5
27;F;2008;Louna;27
38;M;2008;Max;38
24;M;2008;Tiago;24
12;M;2009;Henry;12
6;M;2009;Jérôme;6
14;F;2009;Katia;14
55;M;2009;Liam;55
24;F;2009;Lili;24
5;F;2009;Lydia;5
68;F;2010;Emilie;68
21;F;2011;Ana;21
6;F;2011;Cassie;6
5;M;2011;Dayane;5
10;M;2011;Emilien;10
9;M;2011;Ilyan;9
17;F;2011;Mariama;17
198;F;2011;Sarah;198
5;M;2011;Shaï;5
5;F;2004;Aimée;5
6;M;2004;Benoit;6
6;F;2019;Binta;6
6;F;2021;Kadidia;6
100;F;2012;Anaïs;100
27;F;2012;Emmy;27
5;F;2012;Frida;5
12;F;2013;Emmanuelle;12
5;F;2013;Hélèna;5
9;F;2013;Vanessa;9
34;M;2013;Younes;34
21;F;2014;Clémentine;21
11;M;2015;Ishaq;11
99;F;2015;Lucie;99
10;M;2015;Mattéo;10
12;F;2015;Mayar;12
6;M;2015;Tim;6
30;M;2016;Luca;30
5;M;2017;Hamady;5
18;F;2017;Lyne;18
17;M;2017;Max;17
11;F;2018;Marion;11
8;M;2018;Thiago;8
79;M;2019;Octave;79
35;F;2019;Jenna;35
7;M;2008;Badis;7
9;F;2008;Lilas;9
40;F;2023;Maxine;40
23;F;2023;Lyna;23
37;F;2012;Julie;37
11;M;2012;Lilian;11
13;M;2012;Robinson;13
9;M;2014;Ian;9
7;F;2015;Arielle;7
127;F;2015;Joséphine;127
6;M;2015;Nahel;6
24;F;2016;Gabriella;24
35;F;2016;Laura;35
6;F;2016;Lyah;6
7;M;2016;Ugo;7
23;F;2017;Célia;23
8;F;2021;Domitille;8
98;M;2020;Oscar;98
9;M;2020;Siméon;9
6;F;2007;Éloïse;6
9;F;2007;Hana;9
7;M;2015;Eloi;7
5;F;2015;Safya;5
10;M;2015;Yassin;10
11;M;2016;André;11
18;M;2016;Elio;18
6;M;2016;Giulio;6
5;M;2016;Ishaq;5
9;M;2016;Mael;9
23;F;2016;Pénélope;23
10;M;2017;Anthony;10
14;M;2017;Jacob;14
14;F;2017;Lucy;14
6;F;2017;Malika;6
5;F;2017;Wanda;5
6;F;2018;Anaelle;6
271;M;2019;Louis;271
10;M;2019;Célestin;10
69;M;2004;Timothée;69
10;M;2005;Bilel;10
7;M;2005;Jarod;7
8;M;2005;Joaquim;8
11;M;2005;Lior;11
39;M;2005;Samy;39
69;F;2006;Alix;77
125;M;2006;Baptiste;125
7;F;2006;Christina;7
17;M;2006;Issa;17
22;F;2006;Jasmine;22
60;F;2006;Myriam;60
54;M;2007;Antonin;54
8;F;2007;Liana;8
8;M;2007;Loris;8
9;M;2007;Wael;9
12;F;2008;Joyce;12
7;F;2009;Ethel;7
9;F;2009;June;9
6;M;2009;Tommy;6
7;F;2010;Anya;7
8;F;2010;Hafsa;8
7;F;2010;Shaïna;7
108;M;2011;Enzo;108
83;M;2011;Quentin;83
7;F;2019;Amanda;7
89;M;2020;Maël;89
47;F;2020;Giulia;47
19;M;2020;Amine;19
10;M;2020;Soren;10
9;M;2020;Bryan;9
6;F;2020;Linda;6
178;F;2021;Emma;178
25;M;2021;Orso;25
6;F;2021;Mayssane;6
5;F;2021;Élisabeth;5
20;F;2024;Dahlia;20
6;M;2024;Malone;6
5;M;2024;Hakeem;5
5;M;2008;Riwan;5
32;M;2009;Abel;32
89;M;2022;Timothée;89
7;F;2022;Aïna;7
6;M;2022;Malek;6
5;M;2020;Eddy;5
5;M;2020;Walid;5
14;F;2021;Zaynab;14
8;F;2021;Éléa;8
9;M;2006;Alassane;9
8;F;2005;Alycia;8
20;M;2004;Léopold;20
6;M;2012;Demba;6
11;M;2012;Elijah;11
57;M;2013;Abel;57
5;M;2013;Abraham;5
8;M;2013;Denis;8
5;M;2013;Manil;5
20;F;2014;Mahaut;20
146;M;2014;Sacha;146
20;F;2016;Asma;20
6;F;2014;Chaïma;6
9;M;2014;Édouard;9
8;M;2014;Farès;8
8;M;2015;Sekou;8
11;F;2016;Méline;11
57;M;2017;Ali;57
9;F;2017;Éva;9
84;F;2018;Zoé;84
19;M;2007;Rafael;19
38;M;2008;Ayoub;38
157;F;2008;Eva;157
5;M;2008;Imran;5
5;F;2008;Kadidia;5
18;M;2010;Jacques;18
30;M;2010;Marin;30
6;M;2011;Haroun;6
7;M;2011;Nabil;7
24;F;2021;Camélia;24
6;M;2021;Maé;6
10;M;2006;Anas;10
6;F;2019;Johanna;6
49;M;2020;Imran;49
40;M;2020;Gabin;40
7;M;2006;Dominique;7
36;M;2006;Dorian;36
7;F;2006;Ilona;7
8;F;2006;Maelys;8
15;M;2006;Patrick;15
30;F;2006;Raphaëlle;30
5;F;2007;Abigaël;5
13;M;2007;Alassane;13
6;F;2007;Avril;6
73;F;2007;Diane;73
14;F;2008;Ela;14
26;F;2008;Eve;26
24;F;2008;Marine;24
7;F;2008;Soline;7
5;M;2009;Diogo;5
42;F;2024;Éléonore;42
25;F;2024;Lise;25
9;F;2024;Soline;9
6;F;2024;Liya;6
6;M;2012;Boris;6
60;F;2012;Constance;60
173;M;2013;Gaspard;173
24;F;2013;Rachel;24
9;M;2013;Youcef;9
14;F;2014;Eugénie;14
11;F;2014;Léane;11
35;M;2015;Romain;35
10;M;2016;Adil;10
6;F;2016;Flore;6
7;F;2017;Angèle;7
62;M;2017;Jean;62
11;F;2017;Sana;11
6;F;2018;Inayah;6
6;F;2018;Marthe;6
15;F;2019;Leyna;15
11;M;2019;Aly;11
44;F;2006;Eloïse;44
13;F;2006;Lou-Ann;13
8;M;2006;Wissem;8
17;M;2007;Tony;17
42;M;2008;Emile;42
48;F;2009;Suzanne;48
5;F;2010;Amani;5
137;M;2010;Clément;137
7;M;2010;Dany;7
5;F;2011;Coralie;5
9;M;2011;Issam;9
22;M;2011;Matthias;22
5;F;2004;Ysée;5
9;F;2005;Milla;9
10;F;2005;Olga;10
5;M;2020;Angelo;5
14;F;2021;Soumaya;14
11;F;2021;Elyssa;11
10;F;2021;Élia;10
21;F;2004;Laure;21
17;M;2004;Nathanaël;17
16;M;2017;Zacharie;16
11;F;2018;Aaliyah;11
52;M;2018;Evan;52
8;F;2018;Fatim;8
6;M;2018;Gaye;6
18;M;2018;Johan;18
9;F;2018;Léopoldine;9
129;F;2018;Victoire;129
127;M;2019;Hugo;127
19;F;2019;Cléo;19
18;M;2019;Quentin;18
15;M;2019;Johan;15
9;F;2019;Tess;9
8;M;2019;Alfred;8
8;M;2019;Oliver;8
6;F;2006;Kadidiatou;6
7;M;2006;Shaï;7
7;M;2006;Yasin;7
6;M;2007;Amara;6
12;F;2007;Elya;12
39;M;2007;Liam;39
15;F;2007;Lilas;15
7;M;2008;Andrew;7
7;F;2008;Elif;7
6;F;2008;Floriane;6
13;F;2008;Oriane;13
10;F;2009;Adélaïde;10
16;F;2009;Dina;16
9;F;2009;Eya;9
8;M;2009;Guilhem;8
7;M;2009;Ian;7
5;M;2009;Yasser;5
6;M;2010;Haron;6
27;M;2010;Kylian;27
21;F;2010;Marine;21
25;M;2010;Mattéo;25
36;M;2010;Vadim;36
13;F;2011;Enora;13
15;F;2011;Hanaé;15
6;M;2011;Matthew;6
20;F;2011;Morgane;20
8;M;2011;Moustapha;8
5;F;2020;Marilou;5
34;M;2021;Nicolas;34
5;M;2021;Mylann;5
7;M;2019;Youness;7
5;M;2019;Andréas;5
69;M;2020;Mathis;69
19;M;2020;Jayden;19
13;F;2020;Elisabeth;13
11;F;2020;Thalia;11
44;F;2024;Mila;44
16;M;2024;Amadou;16
5;M;2024;Ivan;5
61;F;2023;Inès;61
44;M;2023;Youssef;44
13;M;2023;Aymen;13
6;F;2023;Adriana;6
14;F;2024;Rachel;14
5;F;2024;Joury;5
5;M;2024;Ziyad;5
29;F;2023;Awa;29
19;M;2023;Mouhamed;19
5;M;2023;Émilien;5
19;F;2020;Tara;19
18;F;2020;Mélina;18
7;F;2020;Baya;7
41;F;2021;Fatima;41
8;F;2021;Ramata;8
35;M;2005;Dorian;35
28;M;2005;Nils;28
204;F;2004;Marie;204
12;M;2006;Balthazar;12
20;M;2006;Jean-Baptiste;20
8;F;2007;Helena;8
10;M;2007;Louka;10
41;F;2007;Luna;41
13;F;2007;Nesrine;13
5;M;2007;Wissem;5
5;M;2008;Abd;5
213;M;2008;Maxime;213
7;M;2009;Loup;7
9;M;2009;Robinson;9
8;M;2012;Aymane;8
15;M;2012;Benoît;15
5;F;2012;Mélusine;5
15;F;2013;Carla;15
17;M;2013;François;17
7;M;2014;Idrissa;7
64;M;2015;Jean;64
30;M;2017;Armand;30
29;M;2017;Youssouf;29
5;F;2018;Hanya;5
24;F;2010;Aurore;24
6;M;2010;Chris;6
27;F;2011;Bérénice;27
28;F;2011;Blanche;28
11;M;2011;Mickaël;11
8;F;2022;Alia;8
5;M;2010;Mendel;5
50;M;2010;Octave;50
17;F;2011;Astrid;17
5;M;2011;Darren;5
5;M;2011;Ilhan;5
6;M;2011;Joakim;6
7;M;2011;Leonard;7
6;F;2019;Tiffany;6
5;M;2019;Andrei;5
30;F;2020;Bianca;30
6;F;2020;Jodie;6
6;F;2020;Keren;6
5;F;2020;Annabelle;5
5;F;2020;Ethel;5
98;F;2021;Charlie;98
61;F;2021;Inaya;61
54;M;2021;Roméo;54
10;M;2021;Niels;10
9;M;2021;Demba;9
7;M;2021;Tobias;7
5;M;2021;Junayd;5
43;F;2006;Claire;43
5;M;2006;Mouad;5
111;M;2007;Léo;111
103;M;2007;Nicolas;103
31;F;2008;Eugénie;31
15;M;2008;Kaïs;15
12;F;2012;Ania;12
22;M;2012;Eliot;22
13;F;2012;Léana;13
6;F;2013;Nelly;6
71;F;2014;Diane;71
17;M;2014;Jacques;17
9;F;2014;Solange;9
18;M;2014;Walid;18
9;F;2015;Gaia;9
5;M;2015;Harold;5
8;F;2016;Sabrina;8
5;M;2023;Aiden;5
5;M;2023;Khalid;5
5;F;2023;Antonia;5
30;M;2012;Charlie;30
17;F;2012;Naïla;17
10;M;2013;Ariel;10
23;F;2013;Emmy;23
5;F;2013;India;5
10;F;2014;Kiara;10
5;F;2014;Milica;5
11;F;2014;Safiya;11
5;M;2014;Taha;5
16;F;2015;Carla;16
5;F;2015;Kheira;5
8;F;2015;Ludivine;8
38;M;2016;Armand;38
5;F;2016;Rafaela;5
101;F;2017;Eva;101
64;M;2017;Ulysse;64
16;F;2018;Janna;16
5;F;2018;Jessie;5
33;F;2019;Assia;33
5;F;2006;Jenny;5
5;F;2006;Stéphanie;5
8;M;2007;Demba;8
5;F;2007;Émeline;5
5;M;2007;Grégory;5
11;M;2008;Issam;11
7;F;2008;Ysée;7
5;M;2009;Alessio;5
8;F;2009;Célestine;8
28;M;2009;François;28
12;M;2009;Jad;12
14;M;2009;Mayeul;14
5;F;2005;Anne-Sophie;5
17;M;2005;Ilyes;17
5;F;2005;Karima;5
8;F;2004;Salimata;8
20;F;2010;Brune;20
8;M;2010;Eden;8
10;F;2010;Loane;10
5;F;2010;Louanne;5
31;M;2010;Malo;31
5;F;2011;Dalla;5
8;M;2011;Joan;8
9;M;2015;Melvil;9
10;M;2016;Angelo;10
45;F;2016;Inaya;45
15;F;2016;Rita;15
15;F;2017;Colette;15
6;M;2017;Eneko;6
7;F;2017;Oriane;7
9;M;2018;Colin;9
15;F;2018;Nayla;15
38;M;2019;Lenny;38
14;M;2019;Alex;14
11;F;2019;Mélina;11
10;F;2006;Lou-Anne;10
5;M;2006;Wilhem;5
27;F;2007;Alma;27
38;F;2007;Anouk;38
38;M;2007;Luca;38
20;M;2007;Luka;20
11;M;2007;Noham;11
10;F;2008;Diana;10
5;F;2008;Imène;5
51;F;2008;Justine;51
10;M;2008;Yani;10
28;M;2009;Yann;28
9;M;2010;Colin;9
5;F;2010;Djena;5
18;M;2010;James;18
10;F;2010;Lucia;10
8;M;2010;Paolo;8
7;F;2011;Andrea;29
5;M;2011;Tancrède;5
37;M;2011;Vadim;37
7;M;2004;Eddy;7
89;F;2020;Mia;89
22;M;2020;Lazare;22
19;M;2020;Olivier;19
15;M;2020;Boubacar;15
13;F;2020;Bella;13
11;M;2005;Andréa;11
25;M;2005;Bilal;25
38;F;2005;Clémentine;38
35;M;2005;Diego;35
25;F;2005;Hawa;25
206;M;2005;Louis;206
5;M;2005;Peter;5
12;M;2005;Rémy;12
6;F;2005;Sandrine;6
97;F;2006;Adèle;97
6;F;2020;Sonia;6
6;F;2020;Tasnime;6
47;F;2021;Hanna;47
27;F;2021;Lise;27
14;M;2021;Ange;14
6;M;2021;Yani;6
5;M;2021;Nikita;5
9;F;2004;Lia;9
48;M;2024;Maxime;48
5;M;2024;Ézéchiel;5
80;M;2022;Côme;80
12;F;2022;Aïda;12
6;M;2022;Mylan;6
6;M;2022;Yunus;6
88;F;2022;Léonie;88
21;M;2022;Ambroise;21
12;F;2024;Deva;12
9;F;2024;Isabelle;9
35;M;2013;Yacine;35
25;M;2014;Idriss;25
7;M;2015;Adrian;7
7;M;2017;Clarence;7
7;M;2017;Ishaq;7
7;F;2012;Daniela;7
7;M;2012;Kenzi;7
11;F;2012;Neyla;11
44;F;2012;Noa;72
6;M;2013;Joud;6
95;F;2013;Lou;107
54;F;2013;Mariam;54
8;M;2013;Mathurin;8
21;M;2013;Olivier;21
54;M;2014;Amir;54
11;F;2014;Audrey;11
6;F;2014;Firdaws;6
14;M;2014;François;14
5;M;2014;Joël;5
17;M;2014;John;17
21;F;2014;Malak;21
6;M;2014;Ovadia;6
14;F;2014;Rebecca;14
8;M;2014;Yaya;8
7;M;2015;Hayden;7
5;F;2015;Layna;5
15;F;2015;Line;15
6;M;2015;Loris;6
7;F;2015;Nicole;7
116;M;2015;Sacha;116
71;M;2015;Valentin;71
23;M;2016;Alban;23
5;M;2016;Azad;5
85;F;2016;Léna;85
6;F;2016;Shaïna;6
22;F;2017;Andréa;30
14;F;2017;Flore;14
6;M;2017;Yaya;6
12;F;2018;Gabriela;12
6;F;2018;Khadidja;6
32;F;2018;Myriam;32
9;F;2019;Luce;9
5;F;2006;Athéna;5
8;M;2006;Constant;8
14;M;2006;Georges;14
19;F;2006;Giulia;19
27;M;2006;Ilian;27
6;F;2006;Naëlle;6
36;F;2007;Aminata;36
6;M;2007;Franck;6
6;F;2007;Jenny;6
9;F;2007;Keren;9
7;F;2007;Saskia;7
29;F;2008;Alexandra;29
38;M;2008;Anatole;38
34;M;2008;Armand;34
15;M;2008;Marceau;15
7;F;2009;Avril;7
9;F;2009;Magdalena;9
9;M;2009;Mateo;9
43;F;2009;Myriam;43
11;M;2010;Idris;11
143;M;2010;Oscar;143
6;M;2010;Saïd;6
7;M;2011;Amara;7
9;M;2011;Angelo;9
25;M;2011;Nino;25
5;M;2020;Hakim;5
5;M;2020;Riyad;5
18;M;2021;Nassim;18
13;F;2021;Rosalie;13
12;M;2021;Aimé;12
59;F;2022;Céleste;59
17;F;2022;Lena;17
10;F;2022;Ndeye;10
5;M;2022;Lysandre;5
26;M;2022;Stanislas;26
22;M;2022;Amine;22
12;F;2022;Roxanne;12
5;M;2006;Jean-Christophe;5
10;F;2022;Cassandre;10
8;F;2007;Cerise;8
8;F;2022;Daria;8
27;F;2009;Charlie;50
7;M;2022;Yazan;7
7;F;2009;Noura;7
22;M;2011;Andrea;22
63;M;2011;Isaac;63
6;F;2005;Anaelle;6
7;M;2005;Khalil;7
24;F;2004;Nour;29
7;M;2013;Benoît;7
150;F;2024;Emma;150
29;M;2013;Nassim;29
94;M;2024;Auguste;94
6;M;2013;Roy;6
41;F;2024;Assia;41
10;F;2014;Cloé;10
9;M;2024;Imrane;9
8;F;2014;Clotilde;8
7;F;2024;Nélia;7
13;F;2015;Alba;13
20;F;2022;Aliyah;20
6;F;2015;Ruby;6
36;M;2015;Tristan;36
9;M;2016;Ishak;9
78;M;2023;Théo;78
16;F;2023;Flora;16
10;F;2023;Layane;10
5;M;2018;Auxence;5
21;M;2018;Grégoire;21
7;F;2006;Maé;7
47;M;2007;Daniel;47
5;F;2007;Kaïna;5
14;F;2008;Elia;19
14;F;2009;Cécile;14
6;M;2010;Edgard;6
22;F;2010;Solène;22
47;F;2011;Ambre;47
34;F;2011;Mia;34
5;M;2020;Christopher;5
10;M;2021;Ismail;10
8;M;2021;Bakary;8
6;F;2021;Elvire;6
6;M;2021;Abou;6
5;F;2021;Louane;5
5;M;2021;Ladislas;5
15;F;2005;Enora;15
6;F;2005;Khadija;6
6;F;2005;Lily-Rose;6
6;F;2019;Alexie;6
5;F;2019;Annabelle;5
28;M;2020;Balthazar;28
19;M;2020;Leonardo;19
8;M;2020;Nour;8
48;M;2004;Mathias;48
15;F;2004;Aïssatou;15
5;M;2017;Wesley;5
8;M;2018;Isidore;8
119;M;2018;Jules;119
9;M;2018;Titouan;9
6;F;2019;Razane;6
8;M;2020;Anthony;8
6;F;2020;Linoy;6
6;F;2012;Angelina;6
18;F;2012;Coline;18
5;M;2012;Luke;5
33;M;2012;Octave;33
5;F;2013;Emeline;5
8;M;2013;Lubin;8
7;F;2013;Perrine;7
35;F;2014;Mélissa;35
7;F;2014;Nathalie;7
12;F;2015;Isabelle;12
8;M;2015;Johann;8
11;F;2015;Luce;11
84;M;2015;Naël;84
6;F;2015;Sofya;6
5;F;2016;Ayana;5
10;M;2016;Jérémie;10
6;F;2016;Kadiatou;6
6;M;2016;Shay;6
9;M;2017;Arthus;9
6;M;2017;Brieuc;6
8;F;2017;Cléa;8
5;M;2017;Hédi;5
5;F;2017;Lynn;5
8;F;2017;Maeva;8
40;F;2017;Raphaëlle;40
19;F;2018;Charline;19
11;F;2018;Gabriella;11
16;F;2018;Joy;16
10;F;2018;Lilou;10
67;F;2018;Mathilde;67
203;M;2018;Paul;203
20;M;2019;Amadou;20
6;F;2005;Lylia;6
6;M;2005;Pascal;6
7;M;2019;Aksil;7
5;M;2019;Santiago;5
5;F;2019;Mellina;5
12;F;2010;Diana;12
7;F;2010;Elora;7
11;F;2010;Tara;11
7;M;2011;Alfred;7
17;F;2011;Jessica;17
17;M;2011;Johan;17
7;F;2011;Lital;7
21;M;2011;Nahel;21
6;F;2019;Malek;6
24;F;2020;Louna;24
20;M;2020;Stanislas;20
8;F;2020;Naomie;8
8;M;2021;Zakarya;8
32;M;2006;Diego;32
17;M;2006;Yoann;17
6;F;2007;Khadidja;6
11;F;2007;Lydia;11
189;M;2007;Maxime;189
5;M;2008;Calvin;5
13;F;2008;Emmy;13
6;M;2008;Josh;6
38;M;2008;Léon;38
43;F;2008;Maëlle;43
33;F;2008;Paloma;33
30;F;2009;Hortense;30
7;F;2009;Kady;7
36;F;2009;Maïa;36
44;F;2009;Marion;44
6;F;2009;Pétronille;6
9;M;2012;Nour;9
5;F;2012;Oliwia;5
56;M;2012;Ulysse;56
42;M;2013;Achille;42
12;M;2013;Colin;12
5;F;2013;Mélinda;5
9;F;2013;Naya;9
7;F;2014;Lili;7
8;M;2014;Louka;8
49;M;2014;Mehdi;49
10;M;2014;Oumar;10
7;F;2015;Déborah;7
11;F;2015;Emily;11
6;F;2015;Ivy;6
7;F;2016;Aïssatou;7
16;M;2016;Loïc;16
27;M;2016;Matteo;27
6;F;2016;Noura;6
5;M;2016;Ramy;5
312;M;2020;Gabriel;312
29;F;2020;Léonore;29
7;M;2020;Jibril;7
27;F;2021;Lilia;27
19;M;2021;Roman;19
14;M;2021;Ishaq;14
30;F;2011;Zélie;30
13;M;2012;Adama;13
24;F;2012;Isaure;24
6;M;2012;Loup;6
17;M;2012;Marwan;17
5;M;2013;Rodrigo;5
6;F;2014;Layanah;6
5;M;2015;Albéric;5
8;M;2015;Elouan;8
7;F;2015;Malia;7
10;F;2015;Meriem;10
29;F;2016;Aliya;29
49;M;2016;Eden;49
15;F;2016;Evy;15
15;F;2016;Sonia;15
9;F;2016;Ysée;9
111;M;2017;Axel;111
6;M;2017;Farès;6
38;F;2017;Giulia;38
7;M;2017;Marvin;7
6;F;2018;Mélanie;6
7;M;2018;Mikaël;7
6;M;2018;Seydina;6
7;M;2018;Sofiane;7
20;F;2019;Lena;20
24;F;2006;Bérénice;24
6;M;2007;Otto;6
10;M;2008;Abdallah;10
20;M;2006;Aymeric;20
7;F;2006;Bénédicte;7
8;F;2006;Gabriella;8
13;F;2006;Naïla;13
9;F;2006;Talia;9
5;F;2008;Carine;5
25;F;2009;Colombe;25
11;M;2009;Denis;11
58;F;2009;Diane;58
19;M;2009;Eliot;19
26;M;2009;Emmanuel;26
5;F;2009;Hayden;10
61;M;2009;Léonard;61
15;F;2009;Thelma;15
9;M;2010;Barnabé;9
33;F;2010;Eve;33
5;M;2010;Idrissa;5
60;F;2010;Julie;60
6;M;2010;Nolann;6
6;M;2010;Zakarya;6
18;F;2011;Camélia;18
122;F;2011;Charlotte;122
9;M;2011;Clovis;9
27;M;2011;Jacques;27
5;F;2011;Sherine;5
204;M;2004;Arthur;204
97;M;2004;Charles;97
13;M;2004;Constantin;13
11;M;2004;Thierry;11
75;M;2004;Tristan;75
13;M;2004;Zakaria;13
14;M;2005;Emilien;14
32;M;2005;François;32
31;M;2005;Hadrien;31
6;M;2005;Harold;6
194;F;2005;Louise;194
6;M;2005;Mario;6
10;F;2005;Tali;10
5;F;2004;Karen;5
18;M;2004;Ludovic;18
7;M;2012;Carl;7
8;M;2012;Jad;8
9;M;2012;Karl;9
15;M;2012;Youssouf;15
8;F;2013;Aïssata;8
18;F;2013;Awa;18
7;F;2013;Ema;7
8;F;2013;Lucy;8
10;M;2013;Salim;10
99;M;2014;Adrien;99
9;M;2014;Aloïs;9
12;M;2014;Gaston;12
8;M;2014;Matéo;8
11;F;2014;Nelya;11
10;M;2015;Aboubakar;10
8;F;2015;Andrea;41
6;F;2015;Lital;6
6;F;2015;Rokia;6
16;F;2015;Théa;16
9;M;2016;Jordan;9
9;M;2016;Léo-Paul;9
12;F;2016;Mariama;12
5;M;2016;Yoni;5
8;F;2017;Anita;8
12;F;2018;Cléa;12
5;F;2018;Elyana;5
5;M;2018;Eyal;5
5;M;2018;Harouna;5
7;M;2018;Marlo;7
51;F;2019;Constance;51
49;F;2019;Roxane;49
17;F;2019;Gabriella;17
13;F;2019;Norah;13
9;M;2019;Otto;9
7;M;2019;Ari;7
7;M;2019;Charly;7
6;M;2019;Vasco;6
5;F;2019;Erin;5
77;M;2020;Octave;77
9;M;2020;Eyden;9
6;M;2020;Amara;6
5;F;2020;Armelle;5
5;F;2020;Emmanuella;5
17;M;2021;Muhammad;17
7;M;2021;Amin;7
41;F;2022;Billie;41
9;F;2022;Kimia;9
8;M;2022;Mark;8
7;F;2022;Athéna;7
30;M;2024;Léandre;30
19;M;2024;Ayan;19
8;F;2024;Azélie;8
8;F;2024;Camila;8
6;F;2024;Rim;6
6;M;2024;Mohamad;6
5;F;2022;Miriam;5
77;F;2012;Alix;84
17;M;2013;Rafaël;17
18;F;2014;Talia;18
10;F;2016;Helena;10
8;F;2016;Ludivine;8
20;F;2017;Violette;20
5;F;2018;Eve;5
16;M;2019;Mahamadou;16
10;F;2006;Perrine;10
5;F;2007;Lauryn;5
11;M;2007;Malik;11
31;M;2007;Youssef;31
40;F;2008;Claire;40
11;M;2008;Frédéric;11
40;F;2009;Aïcha;40
7;F;2009;Ambrine;7
17;M;2009;Ewen;17
6;F;2009;Shaïly;6
21;F;2005;Fanta;21
8;M;2005;Mayeul;8
42;M;2006;Achille;42
6;F;2010;Cléa;6
22;F;2010;Naomie;22
7;F;2011;Kadiatou;7
5;M;2020;Lukas;5
6;M;2021;Kenzi;6
6;M;2021;Olivier;6
6;M;2019;Timothy;6
13;F;2020;Anne;13
8;F;2020;Fatim;8
36;F;2024;Lisa;36
15;M;2024;Aymen;15
8;F;2024;Loïs;8
77;M;2022;Moussa;77
8;F;2006;Angie;8
8;M;2006;Ilyès;8
177;F;2006;Marie;177
10;M;2006;Marvin;10
17;M;2006;Marwan;17
40;M;2007;Esteban;40
8;F;2007;Fantine;8
84;M;2007;Joseph;84
10;F;2007;Sibylle;10
5;F;2007;Siloé;5
10;F;2008;Amalia;10
12;F;2008;Yona;12
16;M;2009;Calixte;16
48;M;2009;Guillaume;48
5;F;2009;Maureen;5
13;F;2010;Ashley;13
93;M;2010;Benjamin;93
11;F;2010;Nayla;11
20;F;2010;Philippine;20
5;F;2010;Samia;5
9;F;2010;Sienna;9
27;M;2010;Zakaria;27
18;F;2011;Clotilde;18
9;M;2011;Damian;9
5;M;2011;Jacob;5
7;F;2011;Joanna;7
5;F;2011;Miya;5
18;M;2011;Omar;18
7;F;2011;Ranya;7
8;M;2011;Vasco;8
9;M;2005;Bakary;9
9;M;2005;Dany;9
57;M;2005;Timothée;57
15;F;2004;Isabelle;15
49;F;2004;Myriam;49
42;F;2012;Blanche;42
85;F;2012;Clara;85
27;F;2012;Clémentine;27
11;M;2012;Clovis;11
10;F;2012;Izia;10
83;F;2012;Romane;83
53;M;2012;Ruben;53
8;F;2013;Assya;8
42;M;2013;Evan;42
12;F;2014;Aaliyah;12
6;M;2014;Leandro;6
185;M;2015;Mohamed;185
20;F;2016;Andrea;50
7;M;2016;Johann;7
11;F;2016;Lydia;11
5;M;2016;Mathurin;5
9;F;2017;Assa;9
5;F;2017;Barbara;5
18;M;2017;Kylian;18
87;F;2017;Mia;87
8;M;2017;Yohan;8
7;M;2018;Alix;7
26;F;2018;Hana;26
68;M;2018;Naël;68
40;M;2018;Wassim;40
40;M;2019;Ayoub;40
7;F;2019;Nadia;7
5;F;2020;Myla;5
34;M;2021;Joachim;34
25;M;2021;Kylian;25
16;M;2021;Théophile;16
14;F;2021;Colombe;14
14;M;2021;Dario;14
8;M;2021;Tancrède;8
6;F;2021;Ornella;6
5;F;2021;Ombeline;5
14;M;2023;Santiago;14
84;F;2024;Jade;84
27;M;2022;Rafael;27
14;M;2022;Abdoul;14
10;M;2022;Menahem;10
69;F;2023;Fatoumata;69
5;F;2023;Domitille;5
81;M;2023;Abel;81
21;M;2023;Leo;21
12;F;2023;Sana;12
6;F;2023;Colombe;6
5;F;2023;Ghalia;5
5;M;2012;Cyrus;5
5;M;2012;Hélie;5
31;F;2012;Lana;31
34;M;2012;Mathias;34
5;M;2012;Matthew;5
9;M;2014;Hillel;9
52;M;2014;Tom;52
16;F;2015;Soumaya;16
5;F;2015;Tina;5
9;F;2016;Colombe;9
21;M;2016;Corentin;21
8;M;2017;Gael;8
5;F;2017;Hajar;5
5;M;2017;Winner;5
8;F;2018;Bella;8
38;M;2019;Elie;38
13;M;2012;Loris;13
12;F;2012;Lydia;12
46;M;2012;Noam;46
5;M;2007;Zied;5
5;M;2008;Albin;5
7;F;2010;Ellie;7
48;F;2010;Myriam;48
5;M;2011;Alone;5
5;M;2020;Amin;5
88;F;2021;Suzanne;88
30;M;2021;Ilyes;30
9;M;2021;Nahil;9
6;M;2005;Geoffrey;6
7;M;2005;Marko;7
32;F;2022;Cléo;32
16;M;2023;Éden;16
12;F;2023;Ines;12
8;F;2023;Beatrice;8
18;M;2023;Younes;18
12;F;2023;Maïssa;12
8;F;2023;Aïssata;8
5;M;2023;Mouhamadou;5
11;F;2022;Aïssata;11
9;M;2022;Clarence;9
5;M;2022;Adan;5
8;M;2023;Rayane;8
6;F;2023;Justine;6
5;M;2023;Raoul;5
13;M;2019;Waël;13
5;M;2006;Ernest;5
16;M;2006;Ewen;16
11;M;2006;Ismaïl;11
5;M;2006;Lazare;5
15;M;2006;Yannis;15
9;M;2007;Elouan;9
10;M;2007;Ilyan;10
5;M;2007;Mike;5
33;M;2007;Sofiane;33
181;M;2007;Victor;181
16;M;2008;Constantin;16
6;F;2008;Emna;6
7;F;2008;Nelly;7
5;F;2008;Tsipora;5
17;M;2009;Anas;17
61;F;2010;Ambre;61
5;M;2010;Emil;5
7;M;2010;John;7
8;F;2010;Linda;8
5;F;2010;Tanina;5
18;M;2010;Yohan;18
5;F;2011;Aimée;5
119;F;2011;Anaïs;119
19;M;2011;Aurèle;19
20;F;2011;Maïa;20
7;F;2019;Neyla;7
50;M;2020;Lucien;50
36;M;2020;Jad;36
10;F;2020;Farah;10
13;F;2005;Gabriela;13
32;F;2005;Sixtine;32
11;M;2005;Tim;11
82;F;2021;Margaux;82
13;M;2021;Sam;13
6;F;2021;Tenzin;6
5;F;2021;Freya;5
7;F;2004;Kadidia;7
22;F;2024;Nelya;22
12;M;2024;Waël;12
7;F;2024;Lahna;7
19;F;2016;Maïssa;19
41;F;2016;Raphaëlle;41
31;M;2016;Thibault;31
6;M;2017;Ari;6
10;M;2017;Imrane;10
17;F;2017;Lilya;17
14;F;2017;Rosalie;14
7;F;2017;Tia;7
7;F;2018;Aby;7
83;F;2018;Diane;83
10;F;2018;Jane;10
7;F;2018;Paula;7
17;M;2019;Camil;17
11;M;2019;Élio;11
8;M;2019;Gary;8
30;M;2006;Kevin;30
7;M;2006;Mike;7
5;F;2006;Salima;5
27;M;2006;Youssef;27
24;F;2007;Angèle;24
15;F;2007;Aude;15
5;M;2007;Gatien;5
11;F;2007;Lily-Rose;11
9;M;2007;Lino;9
40;M;2007;Vincent;40
7;F;2008;Elly;7
5;F;2008;Mélinda;5
6;F;2008;Salimata;6
8;M;2009;Albert;8
6;M;2009;Johann;6
32;M;2009;Rayane;32
6;F;2010;Adeline;6
12;M;2010;Calixte;12
10;M;2010;Elliott;10
12;M;2010;Ivan;12
6;F;2010;Tiana;6
14;M;2010;Yoann;14
6;M;2011;Ahmad;6
79;F;2011;Alix;89
22;M;2021;Zakaria;22
9;M;2021;Romeo;9
8;F;2019;Maeva;8
6;M;2019;Arnaud;6
6;M;2019;Sofiane;6
5;M;2019;Hillel;5
5;M;2019;Lilian;5
7;F;2020;Eya;7
7;F;2020;Matilda;7
22;M;2012;Naïm;22
23;M;2012;Yann;23
5;M;2013;Steven;5
5;M;2014;Dario;5
116;M;2014;Noah;116
5;F;2014;Rayhana;5
45;M;2015;Milo;45
9;F;2016;Wendy;9
8;M;2017;Mouhamadou;8
7;M;2017;John;7
10;F;2018;Aïda;10
10;M;2018;Daouda;10
14;M;2018;Mahé;14
10;F;2018;Shana;10
16;F;2006;Aude;16
259;M;2006;Thomas;259
10;F;2007;Cindy;10
141;M;2007;Clément;141
29;M;2007;Virgile;29
5;M;2008;Elone;5
6;F;2008;Solveig;6
5;M;2009;Kyle;5
7;F;2009;Lauren;7
14;M;2009;Wassim;14
118;F;2010;Charlotte;118
5;F;2010;Magdalena;5
8;M;2011;Arnaud;8
6;F;2004;Djénéba;6
5;M;2005;Diogo;5
6;M;2005;Francis;6
7;F;2021;Sandra;7
27;F;2024;Maïa;27
20;F;2024;Georgia;20
7;F;2024;Arielle;7
6;M;2024;John;6
41;F;2004;Céline;41
210;M;2004;Hugo;210
6;F;2004;Wendy;6
20;F;2005;Hortense;20
5;M;2005;Sékou;5
10;F;2005;Sira;10
142;F;2012;Lina;142
14;M;2012;Nahel;14
5;F;2012;Niouma;5
69;M;2012;Noé;69
66;M;2012;Robin;66
9;F;2013;Lilas;9
27;F;2013;Salma;27
103;F;2014;Clara;103
6;M;2014;Joris;6
5;M;2014;Souleyman;5
62;F;2015;Ambre;62
28;M;2015;Ayden;28
6;M;2015;Eythan;6
37;M;2015;Imran;37
8;M;2015;Levi;8
5;M;2015;Lukas;5
7;F;2015;Meryem;7
8;M;2015;Yoan;8
17;F;2016;Elia;17
6;M;2016;Laurent;6
9;M;2016;Matias;9
29;F;2016;Soline;29
7;F;2017;Emily;7
18;M;2022;Amadou;18
6;F;2022;Clarisse;6
6;F;2022;Ness;6
20;F;2004;Clotilde;20
44;M;2004;Corentin;44
12;F;2005;Assa;12
19;F;2005;Isabelle;19
11;M;2004;Kilian;11
80;F;2004;Océane;80
8;F;2012;Abigaël;8
7;F;2012;Elly;7
15;M;2012;Philippe;15
62;M;2012;William;62
17;F;2013;Hana;17
8;M;2013;Jérémie;8
55;F;2013;Romy;55
211;F;2014;Alice;211
25;F;2014;Ana;25
7;M;2014;Badis;7
6;F;2014;Djeneba;6
12;F;2014;Halima;12
11;M;2014;Nahel;11
28;M;2014;Wassim;28
27;F;2015;Anaëlle;27
15;M;2015;Aymen;15
6;M;2015;Kahil;6
14;F;2015;Océane;14
5;M;2015;Skander;5
26;M;2016;Elliot;26
11;F;2016;Farah;11
9;F;2016;Jane;9
22;F;2016;Rosalie;22
16;M;2016;Sofiane;16
5;F;2016;Yakine;5
6;F;2017;Gala;6
5;M;2017;Grégory;5
5;F;2017;Hanaa;5
19;M;2017;Ilyas;19
14;M;2017;Lamine;14
11;M;2017;Maximilien;11
11;M;2017;Ryan;11
5;M;2017;Tao;5
51;F;2018;Ambre;51
10;F;2018;Camila;10
5;F;2018;Cassandra;5
15;M;2018;Harry;15
97;F;2018;Joséphine;97
15;M;2018;Moustapha;15
43;M;2019;Adrien;43
25;F;2019;Jennah;25
97;F;2006;Gabrielle;97
9;F;2006;Gloria;9
36;F;2006;Madeleine;36
79;F;2007;Agathe;79
5;M;2007;Denis;5
18;F;2007;Melissa;18
12;M;2008;Anas;12
5;F;2008;Angelica;5
7;F;2008;Anne-Sophie;7
26;F;2008;Chaïma;26
22;F;2008;Farah;22
5;F;2008;Inés;5
26;M;2008;Rafael;26
16;M;2008;Raphael;16
11;F;2008;Tania;11
5;F;2009;Aissatou;5
39;F;2009;Aminata;39
8;F;2009;Mai;8
29;F;2009;Roxane;29
5;M;2009;Ylan;5
16;F;2010;Candice;16
8;F;2011;Janna;8
22;M;2011;Marcus;22
15;F;2011;Shirel;15
24;F;2021;Maïa;24
9;F;2021;Tesnim;9
8;F;2021;Cassandre;8
5;M;2021;Aylane;5
5;M;2021;Firas;5
12;M;2018;Bastien;12
76;M;2018;Thomas;76
88;F;2019;Alix;88
71;F;2019;Diane;71
33;F;2019;Elisa;33
5;M;2006;Jean-David;5
6;F;2007;Isis;6
8;F;2007;Laurine;8
13;F;2007;Lilya;13
304;M;2007;Raphaël;304
14;F;2008;Grace;14
35;F;2008;Kenza;35
7;F;2009;Andrea;33
6;M;2009;Giovanni;6
9;F;2009;Haby;9
6;F;2010;Elyssa;6
11;M;2010;Lazare;11
47;M;2010;Solal;47
7;F;2011;Hind;7
6;F;2011;Joana;6
5;M;2020;Natan;5
7;M;2019;Melvil;7
7;F;2019;Nelia;7
26;F;2020;Philippine;26
7;M;2020;Doron;7
7;M;2023;François;7
7;F;2023;Miral;7
5;F;2018;Téa;5
5;M;2006;Aron;5
39;F;2006;Céline;39
11;F;2010;Castille;11
26;F;2010;Fatima;26
96;F;2021;Alix;96
9;F;2021;Ysé;9
32;F;2022;Lola;32
16;F;2022;Axelle;16
13;F;2022;Théodora;13
7;M;2022;Ange;7
7;F;2022;Aline;7
35;F;2005;Ninon;35
64;F;2020;Léna;64
36;F;2020;Daphné;36
7;F;2004;Norah;7
8;F;2006;Coralie;8
19;F;2006;Isaure;19
6;F;2006;Nadia;6
5;M;2006;Nathaniel;5
5;M;2007;Kassim;5
10;M;2007;Salim;10
28;M;2008;Gustave;28
5;F;2008;Mélody;5
7;F;2008;Shanice;7
28;M;2008;Wassim;28
109;F;2009;Gabrielle;109
30;F;2009;Hanna;30
50;F;2009;Mélissa;50
23;M;2009;Nael;23
10;M;2010;Boubacar;10
5;F;2010;Ondine;5
18;F;2020;Mina;18
11;F;2020;Anaé;11
11;F;2021;Charline;11
7;M;2021;Florent;7
8;F;2012;Angela;8
7;F;2012;Assetou;7
20;F;2012;Fanta;20
78;F;2012;Margot;78
5;M;2012;Sadio;5
29;M;2013;Max;29
42;F;2013;Roxane;42
11;M;2014;Dan;11
136;M;2014;Martin;136
11;F;2014;Ysé;11
19;M;2016;Idriss;19
29;F;2016;Paloma;29
19;M;2017;Adel;19
5;F;2017;Mira;5
18;M;2018;Ange;18
6;F;2018;Angelina;6
6;F;2018;Nola;6
6;M;2018;Teodor;6
9;F;2019;Ève;9
5;M;2006;Aubin;5
10;M;2006;Hillel;10
168;M;2006;Lucas;168
26;M;2006;Ousmane;26
7;F;2007;Amélia;7
19;F;2007;Bérénice;19
6;F;2007;Jane;6
5;F;2007;Kelya;5
38;M;2007;Mathys;38
6;M;2007;Nadir;6
6;F;2008;Élisa;6
9;F;2022;Malaïka;9
8;F;2022;Alyah;8
15;M;2005;Ambroise;15
37;F;2005;Blanche;37
8;M;2005;Célestin;8
5;F;2005;Emmanuella;5
66;F;2005;Julia;66
12;F;2005;Lou-Anne;12
6;F;2006;Aimée;6
9;M;2004;Naïm;9
12;M;2011;Zachary;12
10;M;2012;Cheick;10
9;F;2012;Mélanie;9
9;M;2012;Moïse;9
67;M;2013;David;67
17;M;2013;Yann;17
10;F;2014;Camila;10
5;M;2014;Élias;5
8;M;2014;Eugène;8
7;F;2014;Lilas;7
5;M;2014;Lirone;5
5;F;2014;Safia;5
5;F;2015;Assa;5
9;F;2015;Dana;9
6;F;2015;Hidaya;6
40;M;2015;Moussa;40
6;F;2015;Oona;6
100;M;2015;Simon;100
12;M;2015;Tao;12
12;M;2016;Albert;12
5;M;2016;Amara;5
146;M;2016;Augustin;146
6;F;2016;Christine;6
6;M;2016;Édouard;6
5;M;2016;Seydou;5
21;F;2017;Justine;21
107;F;2017;Manon;107
15;M;2017;Sam;15
5;M;2017;Taha;5
7;F;2018;Antonia;7
12;M;2018;Fares;12
60;M;2018;Noam;60
83;M;2019;Ismaël;83
10;F;2019;Ethel;10
27;F;2006;Caroline;27
5;F;2006;Noura;5
20;M;2007;Amir;20
135;F;2007;Anaïs;135
36;M;2007;Anis;36
9;M;2007;Célestin;9
76;M;2007;Eliott;76
17;F;2007;Fleur;17
5;F;2007;Laureen;5
9;F;2007;Sanaa;9
10;M;2008;Carl;10
23;M;2008;Maximilien;23
86;M;2008;Tristan;86
6;M;2009;Anselme;6
8;F;2009;Helena;8
15;M;2009;Jonas;15
5;M;2009;Yacouba;5
6;F;2010;Coumba;6
9;F;2010;Irina;9
11;F;2010;Janna;11
9;M;2010;Mahé;9
32;F;2011;Charlie;53
14;M;2011;Ferdinand;14
12;M;2011;Kévin;12
9;M;2011;Mario;9
131;M;2021;Augustin;131
41;M;2021;Naïm;41
28;M;2021;Aksel;28
21;F;2021;Ayla;21
17;M;2021;Tiago;17
6;M;2019;Luis;6
114;F;2020;Eva;114
20;M;2020;Lenny;20
8;M;2020;Karl;8
7;F;2020;Binta;7
63;F;2022;Inès;63
37;F;2022;Maryam;37
24;F;2022;Andrea;24
9;M;2022;Vasco;9
7;M;2022;Marlon;7
30;M;2015;Milan;30
5;M;2015;Paulin;5
5;F;2016;Greta;5
26;M;2016;Noa;26
12;M;2018;Aris;12
47;F;2018;Garance;47
10;M;2018;Jérémy;10
9;F;2018;Lucia;9
14;F;2018;Rosa;14
12;M;2019;Issam;12
5;F;2004;Goundo;5
73;M;2005;David;73
123;F;2024;Gabrielle;123
19;M;2024;Diego;19
8;M;2024;Aboubakar;8
5;F;2022;Macha;5
7;F;2013;Eléna;7
34;M;2013;Kaïs;34
24;F;2014;Jana;24
144;F;2014;Juliette;144
81;F;2015;Ava;81
5;F;2015;Cassiopée;5
7;F;2016;Albertine;7
74;F;2017;Julia;74
10;M;2017;Luis;10
8;M;2017;Matis;8
7;M;2017;Mattéo;7
37;F;2019;Hawa;37
25;F;2019;Khadija;25
16;F;2019;Adélaïde;16
11;F;2011;Mellina;11
56;M;2011;Ruben;56
6;F;2021;Candice;6
5;M;2021;Harouna;5
5;M;2021;Shams;5
18;F;2024;Oumou;18
7;F;2024;Safia;7
5;F;2023;Shira;5
28;F;2024;Yara;28
6;F;2024;Eliora;6
114;M;2024;Ibrahim;114
6;F;2024;Naëlle;6
6;M;2024;Mory;6
5;M;2024;Titouan;5
11;M;2012;Adil;11
72;F;2012;Elsa;72
126;F;2012;Jade;126
6;F;2012;Perrine;6
9;M;2012;Sebastian;9
42;F;2013;Eden;76
7;M;2013;Kenny;7
5;F;2013;Layanah;5
15;F;2013;Solène;15
11;M;2014;Fares;11
22;F;2014;Hawa;22
12;F;2014;Lahna;12
8;F;2014;Lucia;8
12;M;2015;Mateo;12
7;F;2015;Vera;7
12;M;2015;Zadig;12
5;M;2016;Adriel;5
8;M;2016;Damien;8
22;M;2016;Grégoire;22
11;M;2016;Ilian;11
42;F;2016;Lana;42
18;M;2016;Malik;18
69;M;2016;Mathis;69
43;M;2016;Pierre;43
8;F;2016;Sira;8
46;M;2017;Ernest;46
10;F;2017;Ethel;10
22;M;2017;Julien;22
5;M;2018;Abdoul-Aziz;5
23;F;2018;Selma;23
10;F;2019;Layana;10
5;M;2006;Junior;5
140;M;2006;Rayan;140
7;M;2007;Paulin;7
22;F;2008;Audrey;22
16;F;2008;Sabrina;16
5;M;2009;Abdoul;5
59;F;2009;Capucine;59
7;F;2009;Cyrine;7
6;F;2009;Isée;6
6;F;2009;Maxence;95
30;M;2009;Milan;30
27;M;2009;Stanislas;27
24;M;2009;Younes;24
52;M;2004;Eliott;52
6;M;2004;Younès;6
8;F;2005;Emmy;8
10;F;2005;Isis;10
6;M;2005;Joan;6
6;F;2005;Mahé;13
21;M;2005;Roméo;21
226;M;2005;Thomas;226
5;M;2006;Alvin;5
5;F;2004;Livia;5
5;F;2004;Maryline;5
12;F;2010;Angèle;12
7;F;2010;Lahna;7
19;F;2011;Bianca;19
46;M;2011;Gustave;46
7;M;2011;Khalil;7
5;F;2011;Liana;5
25;F;2011;Maïssa;25
36;F;2011;Myriam;36
10;F;2011;Neïla;10
54;M;2020;Elias;54
94;M;2021;Antoine;94
25;F;2021;Sixtine;25
22;M;2021;Malik;22
15;M;2021;Elon;15
15;M;2021;Sami;15
8;M;2021;Amara;8
7;F;2021;Deva;7
5;F;2021;Sidonie;5
42;F;2004;Lise;42
12;F;2004;Lucille;12
143;F;2004;Mathilde;143
19;M;2006;Bilal;19
8;F;2006;Natacha;8
43;F;2006;Nour;43
9;F;2007;Charlie;27
21;M;2007;Constantin;21
6;M;2007;Ilies;6
7;F;2007;Lahna;7
5;M;2008;Hugues;5
45;F;2009;Chiara;45
10;M;2009;Hubert;10
25;M;2009;Luc;25
20;M;2009;Roméo;20
11;F;2009;Safia;11
24;F;2010;Aliénor;24
42;M;2010;Edgar;42
10;F;2010;Liza;10
18;F;2011;Ariane;18
20;M;2011;François;20
7;F;2011;Laëtitia;7
7;F;2011;Noura;7
9;M;2004;Célian;9
60;F;2021;Manon;60
44;M;2021;Marcel;44
24;F;2021;Judith;24
7;F;2019;Zeinab;7
6;F;2019;Suzie;6
19;M;2008;Yohan;19
150;M;2009;Clément;150
6;F;2009;Divine;6
20;M;2009;Matthias;20
5;F;2010;Alessandra;5
9;M;2011;Élie;9
11;M;2004;Gauthier;11
42;F;2005;Apolline;42
8;M;2005;Ben;8
14;F;2005;Cindy;14
5;F;2005;Florence;5
24;F;2006;Aliénor;24
136;M;2004;Léo;136
21;F;2023;Sienna;21
5;M;2023;Habib;5
5;F;2023;Latifa;5
7;F;2024;Rahma;7
29;M;2012;Lino;29
27;M;2012;Nino;27
332;M;2013;Adam;332
64;F;2013;Nour;70
12;F;2013;Paola;12
9;M;2013;Warren;9
6;M;2013;Yasin;6
27;M;2014;Alban;27
8;M;2014;Cheikh;8
30;M;2014;Elie;30
86;M;2014;Yanis;86
98;F;2015;Anaïs;98
6;M;2015;Cheikh;6
17;F;2016;Céline;17
45;M;2016;Issa;45
49;M;2016;Léonard;49
7;M;2016;Muhammad;7
72;M;2017;Adrien;72
16;F;2017;Charline;16
30;M;2017;Hadrien;30
6;M;2017;Jérémie;6
5;F;2017;Nana;5
28;M;2017;Nassim;28
5;F;2017;Nicole;5
48;F;2018;Constance;48
16;F;2018;Marianne;16
7;M;2018;Matei;7
12;M;2018;Matthias;12
28;F;2019;Louisa;28
12;F;2019;Leila;12
8;M;2019;Bilel;8
13;F;2006;Ilana;13
10;F;2006;Mariama;10
20;F;2006;Tiphaine;20
5;M;2007;Deniz;5
19;F;2007;Lana;19
6;F;2007;Ranya;6
5;F;2007;Safia;5
5;F;2008;Aaliyah;5
6;M;2008;Aubin;6
10;F;2008;Emmanuelle;10
27;F;2008;Rachel;27
6;M;2009;Ahmad;6
88;F;2009;Elise;88
11;M;2009;Kévin;11
7;F;2009;Mayane;7
7;M;2004;Chaï;7
6;M;2004;Harold;6
45;M;2005;Titouan;45
13;F;2004;Nawel;13
6;M;2004;Paco;6
18;F;2010;Asma;18
6;F;2010;Ely;6
5;M;2010;Jacob;5
39;M;2010;Marc;39
11;M;2010;Warren;11
28;M;2011;Erwan;28
7;F;2011;Nelly;7
23;F;2011;Oumou;23
26;F;2021;Pénélope;26
15;M;2021;Swann;15
6;F;2021;Mayline;6
22;F;2020;Emilie;22
7;F;2020;Razane;7
23;M;2012;Florian;23
9;F;2012;Maelys;9
31;M;2013;Elie;31
21;F;2013;Justine;21
5;F;2013;Kadiatou;5
72;F;2013;Lola;72
29;M;2013;Milan;29
13;M;2013;Nahel;13
7;F;2013;Selena;7
8;M;2013;Zakariya;8
5;M;2014;Adriel;5
17;F;2014;Cléo;17
6;M;2014;Kimi;6
7;M;2014;Oskar;7
9;F;2015;Anita;9
113;M;2011;Yanis;113
5;F;2012;Imene;5
8;M;2012;Marvin;8
5;F;2013;Anne;5
9;M;2013;Henry;9
13;M;2013;Nahil;13
55;M;2014;Basile;55
5;F;2014;Dune;5
9;F;2014;Eline;9
11;F;2015;Safiya;11
9;F;2016;Marilou;9
103;M;2017;Rayan;103
5;M;2017;Salif;5
10;F;2018;Alyah;10
5;M;2018;Elian;5
20;F;2018;Maïssa;20
40;F;2019;Sophie;40
16;M;2019;Gaël;16
5;M;2020;Merlin;5
5;F;2020;Enora;5
30;M;2020;Ariel;30
7;F;2007;Aurélia;7
24;F;2008;Ariane;24
17;M;2015;Kamil;17
5;M;2015;Moïse;5
39;F;2015;Raphaëlle;39
5;M;2015;Said;5
6;M;2015;Taym;6
8;F;2016;Adeline;8
6;F;2016;Angélina;6
17;F;2016;Hanaé;17
8;F;2016;Lehna;8
291;F;2016;Louise;291
22;F;2016;Lucile;22
25;M;2016;Marcel;25
113;F;2017;Héloïse;113
28;M;2017;Ismael;28
22;M;2017;Ismaïl;22
68;M;2017;Maël;68
10;F;2024;Eliana;10
70;F;2018;Alix;77
8;M;2018;Damian;8
5;M;2018;Filip;5
10;M;2018;Gary;10
8;F;2018;Isabelle;8
74;M;2018;Jean;74
5;F;2018;Laïa;5
13;F;2018;Marguerite;13
9;M;2018;Mickaël;9
29;M;2019;Milan;29
11;M;2019;Erwan;11
10;F;2019;Flore;10
51;F;2004;Diane;51
49;M;2004;Erwan;49
65;F;2005;Alix;76
6;M;2005;Alpha;6
14;F;2005;Claudia;14
18;F;2005;Flora;18
9;F;2005;Laëtitia;9
197;M;2005;Lucas;197
9;F;2005;Soraya;9
8;F;2006;Aliya;8
35;F;2004;Kenza;35
7;M;2004;Mohamed-Amine;7
5;M;2004;Pacôme;5
6;M;2006;Chahine;6
8;M;2006;Giovanni;8
26;F;2006;Hanna;26
9;F;2006;Kady;9
5;F;2006;Minh;5
5;F;2007;France;5
72;F;2007;Yasmine;72
10;F;2008;Léonore;10
116;M;2009;Augustin;116
16;M;2009;Jérémie;16
9;M;2009;Jude;9
5;F;2009;Samira;5
10;F;2010;Anaé;10
7;M;2010;Nabil;7
11;M;2011;Eyal;11
23;M;2011;Luc;23
10;M;2011;Marwan;10
5;M;2019;Cameron;5
5;F;2019;Zelda;5
45;M;2020;Robin;45
15;F;2020;Joyce;15
10;M;2020;Alex;10
10;F;2020;Athéna;10
20;M;2021;Ousmane;20
14;M;2021;Lior;14
12;M;2021;Hedi;12
12;M;2021;Moustapha;12
7;F;2021;Zeyneb;7
5;M;2021;Gauthier;5
12;F;2024;Soumaya;12
7;M;2024;Olivier;7
30;M;2008;Moussa;30
82;M;2008;Valentin;82
6;F;2009;Adja;6
124;F;2009;Anaïs;124
27;M;2010;Nino;27
5;F;2011;Nala;5
12;F;2004;Tara;12
5;F;2005;Aïssé;5
39;F;2005;Céline;39
5;M;2005;Ilyan;5
11;F;2005;Mélina;11
126;M;2024;Liam;126
30;M;2024;Arsène;30
27;F;2024;Andréa;27
17;M;2024;Aurélien;17
11;F;2024;Helena;11
8;M;2024;Ezekiel;8
5;F;2024;Abigaël;5
5;F;2024;Mya;5
16;F;2012;Estelle;16
5;F;2012;Khadidiatou;5
35;M;2013;Yassine;35
7;M;2014;Ilyès;7
93;F;2014;Mathilde;93
20;F;2015;Irène;20
53;M;2016;Tom;53
26;M;2017;Edouard;26
109;M;2017;Maxime;109
16;M;2017;Saul;16
55;M;2018;Issa;55
6;F;2018;Olympia;6
37;M;2019;Anas;37
25;F;2019;Kenza;25
16;F;2006;Naomie;16
20;M;2006;Nassim;20
13;M;2008;Adrian;13
19;F;2008;Irène;19
18;M;2008;Jacques;18
37;M;2009;Edouard;37
38;M;2009;Emile;38
9;F;2009;Maé;14
6;M;2009;Muhammad;6
17;F;2009;Paola;17
40;M;2010;Amaury;40
25;F;2010;Melissa;25
9;F;2011;Aïda;9
5;F;2020;Béatrice;5
17;M;2021;André;17
13;F;2021;Flore;13
8;F;2019;Éva;8
31;M;2017;Tristan;31
17;M;2018;Imrane;17
50;F;2018;Inaya;50
5;F;2018;Vittoria;5
35;M;2019;Marcel;35
13;F;2019;Arya;13
11;F;2019;Mira;11
6;M;2010;Aubin;6
31;M;2010;Milan;31
14;F;2011;Augustine;14
7;F;2011;Binta;7
18;F;2011;Cassandre;18
14;F;2011;Coumba;14
18;F;2011;Judith;18
40;F;2011;Lena;40
70;F;2020;Fatoumata;70
60;M;2020;Tom;60
17;M;2020;Corentin;17
16;F;2020;Lya;16
10;M;2020;Élie;10
8;M;2020;Morgan;8
46;F;2021;Aya;46
20;F;2021;Aliya;20
17;M;2021;Jonah;17
11;F;2021;Nayla;11
19;M;2004;Karim;19
14;F;2004;Oumou;14
10;M;2006;Lino;10
94;M;2006;Valentin;94
5;M;2007;Camil;5
5;M;2008;Alessio;5
5;F;2008;Florence;5
6;F;2009;Arwen;6
5;M;2009;Naïl;5
17;M;2009;Tiago;17
29;F;2004;Astrid;29
13;F;2005;Ethel;13
28;F;2005;Lili;28
8;F;2005;Mariama;8
21;F;2004;Bérénice;21
7;M;2013;Aden;7
7;M;2013;Dany;7
7;M;2013;Eyal;7
30;M;2013;Henri;30
7;F;2013;Rosa;7
21;M;2013;Ryan;21
20;F;2014;Ariane;20
6;M;2014;Cyrus;6
5;M;2014;Islem;5
5;M;2014;Kader;5
7;F;2014;Ranya;7
5;F;2015;Isabella;5
8;F;2015;Lylia;8
9;M;2015;Matisse;9
5;F;2016;Geneviève;5
14;F;2016;Judith;14
31;F;2016;Maryam;31
26;F;2016;Mélissa;26
5;M;2016;Zéphyr;5
5;M;2017;Adonis;5
64;F;2017;Madeleine;64
30;F;2018;Lola;30
5;M;2018;Robinson;5
9;M;2018;Vladimir;9
52;M;2019;Robin;52
36;F;2019;Albane;36
11;F;2019;Halima;11
10;F;2012;Candice;10
7;M;2006;Calixte;7
10;M;2012;Eugène;10
8;M;2006;Idrissa;8
12;F;2013;Amélia;12
5;M;2006;Réphaël;5
17;M;2013;Ibrahima;17
11;F;2007;Brune;11
164;F;2013;Manon;164
12;M;2008;Ivan;12
5;F;2013;Roxanne;5
14;M;2008;Michel;14
154;F;2014;Adèle;154
76;M;2009;Aaron;76
9;F;2014;Binta;9
34;F;2009;Blanche;34
19;F;2014;Lison;19
9;F;2009;Keren;9
18;M;2014;Théophile;18
5;M;2004;Ary;5
6;F;2015;Amanda;6
10;M;2004;Bilel;10
36;M;2015;César;36
5;F;2004;Calista;5
20;F;2015;Manel;20
51;F;2004;Clémentine;51
28;F;2015;Violette;28
288;M;2004;Thomas;288
13;M;2015;Youcef;13
38;M;2005;Ismaël;38
11;M;2016;Abdoul;11
14;M;2005;Kilian;14
34;F;2016;Aliénor;34
5;M;2005;Manuel;5
75;M;2016;Rayan;75
126;M;2005;Mathis;126
11;F;2016;Sienna;11
5;M;2004;Marcel;5
6;F;2017;Amelia;6
16;M;2010;Georges;16
55;M;2012;Félix;55
13;F;2012;Naomie;13
13;F;2013;Cassandra;13
11;F;2013;Linda;11
10;F;2014;Emilia;10
5;F;2014;Léontine;5
28;F;2014;Sirine;28
11;F;2014;Ysée;11
149;F;2015;Camille;234
6;M;2015;Célian;6
69;F;2015;Iris;69
8;F;2015;Maïssane;8
6;M;2017;Imad;6
6;F;2017;Laëtitia;6
6;M;2017;Robinson;6
119;F;2019;Sofia;119
17;M;2019;Darius;17
24;F;2006;Maïmouna;24
10;M;2006;Nelson;10
12;F;2006;Sabrina;12
5;F;2007;Lynn;5
7;M;2007;Morgan;7
60;F;2007;Olivia;60
8;F;2008;Éléa;8
12;M;2008;Ludovic;12
17;F;2010;Andréa;29
42;F;2010;Blanche;42
13;M;2010;Nahel;13
14;F;2011;Domitille;14
5;F;2020;Éléna;5
7;M;2021;Marwan;7
138;F;2021;Jeanne;138
14;F;2021;Elisabeth;14
7;M;2021;Aden;7
6;F;2021;Sakina;6
6;M;2021;Kenan;6
7;F;2019;Hajar;7
6;M;2019;Elhadj;6
208;F;2020;Louise;208
13;M;2020;Zakariya;13
15;M;2024;Edmond;15
8;M;2024;Demba;8
7;M;2024;Rahim;7
6;M;2024;Abdoul;6
5;F;2024;Hatouma;5
13;F;2022;Mina;13
7;M;2022;Barthélemy;7
5;M;2022;Giovanni;5
5;F;2022;Mouna;5
5;F;2022;Safa;5
7;M;2005;Macéo;7
15;M;2005;Merlin;15
143;F;2020;Emma;143
37;F;2024;Eline;37
7;M;2024;Arié;7
24;F;2004;Anastasia;24
7;F;2004;Anya;7
8;M;2004;Elliott;8
31;M;2004;Henri;31
5;F;2012;Marie-Lou;5
137;M;2012;Nathan;137
5;M;2014;Alain;5
5;F;2014;Naila;5
6;F;2015;Naelle;6
5;F;2015;Noélia;5
12;M;2015;Sandro;12
12;F;2017;Hanaé;12
5;M;2018;Aden;5
7;M;2018;Alpha;7
14;F;2018;Eléa;14
5;F;2018;Éléanore;5
60;F;2019;Garance;60
29;F;2019;Fanta;29
14;F;2019;Ayline;14
11;M;2006;Franck;11
47;M;2007;Amine;47
30;M;2007;Mamadou;30
13;F;2007;Théa;13
78;F;2008;Adèle;78
19;F;2009;Sirine;19
5;F;2010;Béryl;5
22;F;2010;Rebecca;22
6;M;2010;Sohan;6
16;M;2011;Michel;16
7;F;2011;Natalia;7
42;M;2011;Rafael;42
9;F;2005;Eglantine;9
5;F;2020;Francesca;5
6;M;2021;Lewis;6
10;M;2024;Julien;10
31;F;2024;Jannah;31
12;M;2024;Souleyman;12
8;M;2024;Thibault;8
7;F;2024;Amani;7
6;F;2024;Charline;6
5;F;2024;Olympia;5
5;F;2024;Siloé;5
5;M;2024;Anes;5
5;F;2014;Anaelle;5
8;F;2014;Tiphaine;8
33;M;2015;Ahmed;33
9;F;2015;Daria;9
8;F;2015;Grace;8
6;F;2015;Hadja;6
14;M;2015;Iyad;14
23;M;2015;Roméo;23
104;M;2015;Samuel;104
5;F;2016;Linda;5
8;F;2016;Maïlys;8
7;M;2016;Matisse;7
6;M;2016;Nahyl;6
11;F;2016;Neïla;11
7;M;2017;Haron;7
36;F;2019;Blanche;36
8;M;2019;Emilio;8
5;M;2006;Demba;5
18;F;2007;Louison;18
5;M;2009;Yaïr;5
63;F;2004;Apolline;63
64;F;2005;Justine;64
7;M;2005;Tobias;7
32;M;2004;Roman;32
5;M;2010;Joris;5
26;F;2010;Raphaëlle;26
8;M;2011;Anselme;8
42;M;2011;Elie;42
12;F;2011;Félicie;12
40;M;2011;Hadrien;40
88;F;2011;Héloïse;88
5;F;2011;Tanya;5
52;M;2022;Tom;52
25;F;2022;Lisa;25
15;M;2017;Ivan;15
5;M;2017;Sidy;5
37;F;2019;Alicia;37
20;M;2019;Dylan;20
6;M;2007;Mayeul;6
25;M;2007;Roméo;25
26;M;2008;Loïc;26
14;M;2008;Maxim;14
13;F;2008;Olympe;13
25;F;2021;Zélie;25
18;M;2021;Kamil;18
16;M;2021;Khalil;16
7;M;2021;Kenzo;7
6;F;2019;Sélène;6
5;F;2019;Maïssane;5
6;M;2020;Mayeul;6
26;F;2023;Elsa;26
8;F;2012;Ethel;8
8;F;2012;Zahra;8
5;M;2014;Daouda;5
90;F;2014;Lucie;90
29;M;2015;Émile;29
88;M;2015;Enzo;88
11;M;2015;Naïl;11
20;F;2016;Aline;20
12;F;2016;Fanny;12
11;F;2016;Georgia;11
5;M;2017;Abdel;5
5;M;2017;Shay;5
11;M;2018;Henry;11
11;F;2018;Maïwenn;11
39;F;2019;Thelma;39
21;M;2019;Ambroise;21
7;F;2010;Eloane;7
6;F;2010;Gwendoline;6
10;F;2010;Shelly;10
113;F;2010;Zoé;113
23;F;2011;Claire;23
29;M;2011;Mamadou;29
6;F;2021;Aïna;6
69;F;2004;Justine;69
12;M;2006;Idriss;12
79;F;2006;Salomé;79
13;M;2008;Adem;13
6;M;2008;Mamoudou;6
90;F;2009;Margaux;90
9;M;2009;Sabri;9
5;F;2005;Ingrid;5
7;M;2012;Ange;7
20;F;2013;Clarisse;20
9;F;2013;Clélia;9
6;F;2014;Hania;6
7;M;2014;Jacob;7
9;F;2014;Layana;9
6;F;2014;Nadia;6
17;F;2014;Neyla;17
23;F;2015;Clémentine;23
30;F;2015;Élisa;30
208;F;2016;Alice;208
42;M;2016;Amine;42
23;M;2016;Jacques;23
48;M;2017;Joshua;48
90;F;2018;Ella;90
17;M;2018;Kamil;17
17;F;2019;Assya;17
15;M;2019;Saul;15
6;M;2010;Hamidou;6
45;M;2010;Marius;45
19;M;2011;Abdoulaye;19
17;F;2011;Maïmouna;17
8;M;2023;Silas;8
5;F;2011;Niamé;5
7;M;2023;Hillel;7
6;F;2020;Meryl;6
19;F;2004;Sidonie;19
7;M;2005;Jonah;7
7;F;2005;Lévana;7
7;F;2005;Shanna;7
10;M;2005;Thibaud;10
10;F;2004;Maé;10
15;F;2004;Mina;15
9;M;2004;Robinson;9
17;M;2006;Christopher;17
5;F;2006;Rokhaya;5
11;M;2006;Wesley;11
18;F;2007;Isaure;18
13;M;2008;Naïm;13
11;M;2009;Adem;11
6;F;2009;Eliana;6
11;F;2009;Sandra;11
5;M;2009;Warren;5
5;F;2012;Astou;5
25;M;2012;Eden;25
7;M;2012;Haron;7
6;M;2012;Nawfel;6
50;M;2012;Quentin;50
26;M;2012;Sami;26
6;F;2012;Talia;6
6;F;2012;Vanessa;6
7;M;2013;Emilien;7
5;F;2013;Erin;5
37;M;2013;Hamza;37
7;M;2014;Ahmad;7
11;F;2015;Aaliyah;11
21;M;2015;Abdoulaye;21
5;M;2015;Maxens;5
12;F;2015;Nola;12
6;F;2015;Rahma;6
353;M;2016;Adam;353
20;F;2016;Célestine;20
140;M;2016;Noah;140
29;M;2017;Aurélien;29
19;F;2017;Cassandre;19
55;F;2017;Céleste;55
8;M;2017;Khalil;8
5;M;2017;Léandro;5
112;F;2017;Mila;112
34;M;2017;Zakaria;34
140;F;2018;Sarah;140
29;M;2018;Younes;29
86;M;2019;Charles;86
52;M;2019;Benjamin;52
215;F;2006;Chloé;215
10;F;2006;Cloé;10
6;M;2008;Samir;6
12;M;2008;Thierry;12
5;M;2008;Tidjane;5
25;F;2008;Zélie;25
7;F;2009;Adriana;7
13;F;2009;Déborah;13
10;F;2009;Grâce;10
26;F;2009;Pénélope;26
65;M;2010;Eliott;65
71;M;2010;Félix;71
192;F;2010;Jeanne;192
37;M;2010;Nils;37
8;M;2010;Tomas;8
6;M;2011;Abdallah;6
19;F;2011;Amandine;19
5;M;2011;Aylan;5
15;M;2011;Bilel;15
14;F;2011;Loane;14
74;F;2011;Noémie;74
6;F;2020;Samira;6
227;M;2021;Arthur;227
122;M;2021;Aaron;122
15;M;2021;Eugène;15
6;M;2021;Pietro;6
10;F;2004;Sherine;10
8;F;2005;Adriana;8
5;M;2005;Camil;5
8;M;2005;Charlie;8
36;F;2005;Daphné;36
7;F;2019;Marina;7
76;M;2020;Valentin;76
14;M;2020;Ilian;14
9;F;2020;Agnès;9
7;F;2020;Kady;7
16;M;2004;Ivan;16
29;M;2004;Evan;29
7;M;2020;Ahmad;7
10;F;2012;Célestine;10
51;M;2012;Maël;51
5;F;2012;Maïna;5
11;F;2012;Marina;11
78;M;2013;Charles;78
5;M;2014;Éliott;5
9;M;2014;Orso;9
19;F;2015;Coline;19
9;F;2015;Fatimata;9
7;M;2015;Leon;7
10;M;2015;Lou;10
6;M;2016;Edmond;6
11;M;2016;Logan;11
11;F;2016;Mira;11
30;M;2018;Adem;30
11;M;2018;Aimé;11
5;M;2018;Hamed;5
9;M;2018;Ishak;9
12;M;2006;Elio;12
5;F;2006;Fatma;5
30;F;2006;Flora;30
8;F;2006;Keren;8
23;F;2006;Mélina;23
15;F;2007;Fatou;15
31;F;2007;Flora;31
39;F;2007;Suzanne;39
7;M;2007;Yvan;7
145;F;2008;Charlotte;145
33;F;2008;Lilou;33
24;F;2008;Maïssa;24
5;M;2009;Andrew;5
80;M;2009;Axel;80
5;F;2009;Eline;5
24;M;2009;Eric;24
11;F;2009;Iman;11
18;F;2009;Lou-Ann;18
6;M;2009;Modibo;6
8;M;2009;Tao;8
46;M;2009;Youssef;46
6;M;2010;Archibald;6
16;M;2010;Ferdinand;16
76;F;2010;Laura;76
92;F;2010;Victoire;92
14;M;2011;Adel;14
11;F;2011;Fanny;11
10;F;2011;Gloria;10
10;M;2011;Imran;10
54;M;2011;Joshua;54
92;F;2011;Lisa;92
10;M;2011;Lou;10
28;F;2004;Sophia;28
17;F;2004;Vanessa;17
6;M;2004;Wilfried;6
8;M;2004;Yoni;8
5;F;2005;Adja;5
6;F;2005;Antonia;6
76;M;2005;Guillaume;76
32;F;2012;Chiara;32
7;M;2012;Eliel;7
6;M;2012;Ewenn;6
10;F;2012;Grace;10
38;F;2012;Maëlys;38
5;M;2012;Mouhamadou;5
21;F;2013;Claire;21
8;M;2013;Hassan;8
65;M;2013;Isaac;65
12;F;2014;Georgia;12
30;M;2014;Imran;30
5;F;2014;Sharon;5
27;F;2014;Tess;27
5;M;2015;Melvyn;5
55;M;2015;Noam;55
26;M;2015;Rayane;26
11;F;2016;Éline;11
5;M;2008;Wissem;5
6;M;2009;Joey;6
5;M;2009;John;5
220;M;2009;Lucas;220
14;F;2009;Shana;14
106;M;2009;Simon;106
8;F;2010;Arielle;8
34;M;2010;Esteban;34
29;F;2010;Lana;29
14;F;2010;Léonore;14
11;F;2010;Léopoldine;11
53;M;2010;Naël;53
10;M;2010;Nahil;10
11;M;2011;Ismael;11
5;F;2011;Jacqueline;5
10;F;2004;Alya;10
6;F;2004;Halima;6
14;F;2004;Syrine;14
6;F;2005;Anne-Laure;6
32;F;2005;Faustine;32
5;M;2005;Redouane;5
12;M;2005;Shaï;12
9;F;2004;Léopoldine;9
12;M;2004;Miguel;12
8;F;2019;Ariana;8
6;M;2019;Barthélemy;6
6;F;2020;Nahla;6
5;M;2021;Gianni;5
115;F;2006;Anna;115
18;M;2007;Charlie;18
14;M;2007;Florent;14
20;F;2007;Maryam;20
17;F;2007;Morgane;17
33;M;2007;Théophile;33
5;F;2007;Violaine;5
87;F;2008;Victoria;87
6;F;2009;Amicie;6
11;F;2012;Janna;11
28;M;2012;Milo;28
13;F;2013;Élisa;13
16;F;2013;Janna;16
9;F;2013;Nawel;9
6;M;2013;Yasser;6
9;F;2014;Colombe;9
8;M;2015;Andreas;8
33;M;2015;Joachim;33
44;F;2015;Lise;44
7;M;2015;Muhammad;7
27;F;2015;Paloma;27
92;F;2016;Maya;92
12;F;2016;Rania;12
168;M;2017;Alexandre;168
21;F;2017;Alia;21
6;F;2017;Arya;6
17;F;2017;Assya;17
20;M;2017;Élie;20
44;M;2017;Kaïs;44
5;M;2017;Yoni;5
76;F;2018;Héloïse;76
9;M;2018;Lysandre;9
9;M;2018;Sandro;9
10;M;2018;Wael;10
67;F;2018;Yasmine;67
27;F;2019;Lara;27
22;M;2019;Amaury;22
17;F;2019;Astrid;17
13;F;2019;Fatou;13
8;M;2019;Demba;8
6;F;2019;Marion;6
52;F;2020;Aminata;52
15;F;2020;Mélissa;15
6;F;2020;Solène;6
33;F;2021;Léonore;33
27;F;2021;Rita;27
7;M;2021;Mickael;7
5;M;2021;Zacharia;5
55;M;2016;William;55
18;F;2017;Maïssa;18
19;F;2018;Emy;19
10;M;2018;Ilyès;10
13;M;2019;Karim;13
7;M;2004;Brahim;7
6;F;2004;Charlène;6
21;F;2005;Hannah;21
5;F;2005;Imène;5
5;F;2006;June;5
24;F;2006;Lana;24
21;F;2006;Manel;21
5;F;2007;Ambrine;5
5;M;2007;Aymane;5
7;F;2007;Mélodie;7
16;M;2007;Michel;16
5;F;2007;Mounia;5
8;M;2008;Charly;8
6;F;2008;Lilly;6
9;M;2008;Lubin;9
6;F;2008;Stéphanie;6
30;M;2009;Alex;30
286;M;2009;Alexandre;286
42;M;2009;Ali;42
37;F;2009;Céleste;37
18;F;2009;Inaya;18
8;M;2009;Joris;8
9;F;2009;Sira;9
9;F;2010;Annaëlle;9
29;M;2010;Florian;29
30;M;2010;Sofiane;30
9;F;2011;Ellie;9
47;F;2004;Garance;47
24;F;2004;Tiphaine;24
25;M;2004;Kévin;25
34;F;2004;Mélanie;34
11;M;2012;Cyril;11
18;M;2012;Imrane;18
27;M;2012;Issa;27
5;M;2012;Junior;5
21;M;2013;Elyas;21
8;M;2013;Raoul;8
66;M;2014;Nolan;66
5;F;2014;Taïna;5
8;F;2015;Félicie;8
6;M;2015;Idir;6
5;M;2015;Imad;5
69;F;2015;Léonie;69
9;M;2016;Christian;9
9;F;2016;Fatimata;9
10;F;2016;Talya;10
21;F;2017;Adélaïde;21
87;M;2017;Charles;87
19;M;2017;Jad;19
16;F;2017;Lya;16
8;M;2018;Niels;8
12;M;2019;Raphael;12
20;F;2020;Ysé;20
5;M;2020;Benoît;5
5;F;2020;Noya;5
83;F;2021;Léonie;83
9;F;2011;Yaël;9
6;M;2011;Zéphyr;6
13;M;2012;Abdallah;13
6;F;2012;Cassandra;6
13;F;2012;Elia;13
10;F;2012;Hajar;10
17;M;2012;Ismaïl;17
11;F;2012;Neïla;11
22;M;2012;Zacharie;22
90;M;2013;Adrien;90
22;F;2013;Alya;22
9;M;2013;Guilhem;9
20;M;2013;Jonas;20
139;F;2013;Juliette;139
8;M;2014;Ange;8
139;M;2014;Gaspard;139
50;F;2014;Lila;50
31;M;2014;Noham;31
13;F;2014;Philomène;13
7;F;2014;Shana;7
6;M;2015;Alpha;6
6;M;2015;Aly;6
12;M;2015;Célestin;12
11;M;2015;Christian;11
24;F;2012;Amélie;24
52;M;2012;Hadrien;52
10;F;2012;Marthe;10
5;F;2012;Tesnime;5
5;F;2013;Asmaa;5
14;M;2013;Mael;14
31;M;2013;Mathéo;31
108;M;2013;Rayan;108
8;F;2014;Alina;8
21;F;2014;Fatima;21
11;F;2014;Fatou;11
9;M;2015;Archibald;9
5;M;2015;Eneko;5
6;M;2015;Gautier;6
8;F;2015;Léopoldine;8
99;F;2015;Margaux;99
30;M;2015;Marin;30
14;M;2016;Lazare;14
15;M;2017;Mouhamed;15
44;M;2018;Ayden;44
47;M;2018;Daniel;47
128;M;2019;Antoine;128
9;M;2019;Bryan;9
15;F;2010;Astrid;15
10;F;2011;Bertille;10
6;M;2011;Jayden;6
7;M;2011;Killian;7
27;F;2011;Selma;27
139;F;2004;Anaïs;139
18;F;2021;Maxine;18
12;M;2021;Jason;12
11;M;2021;Hayden;11
6;F;2021;Calie;6
7;F;2005;Alyssia;7
36;M;2005;Lucien;36
5;F;2005;Mariana;5
92;F;2005;Romane;92
5;M;2005;Yasser;5
5;F;2012;Ayem;5
6;M;2012;Daouda;6
12;M;2012;Gauthier;12
25;M;2012;Jacques;25
8;F;2012;Mélodie;8
6;F;2013;Seynabou;6
144;F;2014;Anna;144
7;F;2014;Héléna;7
21;M;2014;Karim;21
9;F;2014;Lucy;9
5;M;2014;Mattia;5
6;M;2015;Anass;6
11;F;2015;Assil;11
152;M;2015;Maxime;152
28;M;2015;Yacine;28
5;M;2015;Yaya;5
45;F;2016;Esther;45
5;M;2016;Gaspar;5
9;M;2016;Hélie;9
5;F;2016;Hella;5
9;M;2016;Jacob;9
5;M;2016;Younouss;5
22;F;2017;Emmy;22
5;M;2017;Leny;5
12;F;2017;Linda;12
5;M;2017;Warren;5
7;F;2018;Ema;7
7;F;2018;Liya;7
50;M;2018;Marin;50
24;M;2019;Amine;24
16;F;2019;Asma;16
38;F;2021;Sophia;38
16;M;2021;Camil;16
9;F;2021;Amira;9
7;M;2021;Thiago;7
6;F;2021;Eliza;6
6;M;2021;Elian;6
5;F;2019;Ayleen;5
5;F;2019;Keren;5
20;F;2020;Maëlys;20
15;M;2020;Dario;15
9;F;2020;Lilou;9
7;F;2020;Amaya;7
7;F;2020;Maimouna;7
5;F;2006;Feriel;5
9;F;2006;Helena;9
5;F;2006;Manuela;5
8;M;2006;Marcel;8
7;F;2006;Prisca;7
20;M;2007;Christian;20
93;F;2007;Emilie;93
7;F;2007;Rahma;7
5;M;2015;Hélie;5
6;M;2015;Manil;6
8;F;2015;Sacha;124
23;F;2016;Julie;23
5;M;2016;Nathaniel;5
14;F;2016;Rachel;14
5;F;2016;Samantha;5
13;F;2016;Sibylle;13
6;F;2017;Haby;6
5;F;2017;Nahla;5
26;M;2017;Pablo;26
26;F;2017;Talia;26
5;M;2018;Antonio;5
6;M;2018;Eliakim;6
9;M;2018;Eric;9
9;F;2018;Fanny;9
30;M;2018;Marcus;30
123;F;2019;Juliette;123
104;M;2019;Côme;104
24;M;2019;Mehdi;24
8;M;2019;Hassan;8
13;F;2004;Bertille;13
5;F;2004;Eliette;5
42;M;2005;Ilan;42
19;F;2005;Judith;19
5;F;2005;Marjane;5
35;M;2006;Amaury;35
16;F;2004;Manel;16
25;M;2006;Anton;25
23;M;2006;Benoît;23
30;F;2006;Maëlle;30
5;F;2006;Monica;5
23;F;2006;Pénélope;23
12;F;2007;Colombe;12
126;M;2008;Ethan;126
30;M;2008;Florian;30
9;M;2009;Arié;9
10;F;2009;Barbara;10
17;M;2009;Bilal;17
21;M;2009;Djibril;21
50;F;2009;Eloïse;50
8;F;2009;Ilyana;8
17;F;2009;Marwa;17
5;M;2009;Mohammad;5
86;M;2009;Pierre;86
78;F;2009;Salomé;78
67;F;2010;Alicia;67
5;F;2010;Niouma;5
6;M;2010;Tancrède;6
7;F;2011;Angélina;7
31;M;2011;Arsène;31
20;M;2011;Gaël;20
8;F;2019;Estelle;8
16;M;2020;Kassim;16
5;F;2020;Armance;5
191;M;2021;Noah;191
46;M;2021;Youssef;46
13;M;2021;Stanislas;13
11;M;2021;Fares;11
5;F;2021;Janelle;5
5;M;2008;Marvyn;5
34;F;2008;Sirine;34
45;F;2009;Fatoumata;45
28;F;2009;Isaure;28
9;F;2009;Milla;9
10;F;2010;Amel;10
8;F;2010;Lilas;8
11;F;2011;Anouck;11
67;F;2004;Adèle;67
25;F;2004;Cassandra;25
5;F;2004;Thalie;5
268;F;2004;Inès;268
5;F;2004;Iona;5
88;M;2012;Mathis;88
8;M;2012;Matthias;8
8;M;2013;Anselme;8
8;F;2013;Noor;8
18;F;2013;Yaël;18
9;F;2014;Gabriella;9
8;M;2015;Walid;8
48;F;2016;Sophia;48
10;F;2018;Anissa;10
100;M;2019;Martin;100
18;F;2019;Sibylle;18
24;F;2006;Solène;24
18;F;2007;Giulia;18
8;F;2009;Amélia;8
11;F;2009;Hana;11
63;F;2009;Maya;63
6;F;2009;Thérèse;6
6;F;2010;Coralie;6
29;F;2011;Amélie;29
5;F;2011;Shaïna;5
39;M;2021;Anas;39
15;M;2021;Célestin;15
14;F;2021;Emilia;14
8;F;2021;Calypso;8
5;M;2019;Jassim;5
5;F;2019;Layla;5
43;F;2020;Nora;43
10;F;2020;Léane;10
7;F;2020;Eléna;7
29;F;2004;Coline;29
5;M;2005;Aylan;5
61;F;2005;Elisa;61
11;M;2005;Kelyan;11
10;M;2005;Timéo;10
111;F;2004;Lisa;111
13;F;2012;Éloïse;13
5;F;2012;Maï;5
30;M;2012;Roman;30
5;F;2013;Armance;5
56;F;2013;Maya;56
40;F;2014;Sasha;64
11;M;2015;Adama;11
5;F;2015;Ange;11
6;M;2015;Ilhan;6
6;F;2015;Marilou;6
81;F;2016;Alix;87
9;F;2016;Dahlia;9
6;F;2016;Rahma;6
15;F;2017;Izia;15
12;M;2017;Yossef;12
22;F;2018;Bintou;22
52;M;2018;Moussa;52
40;M;2018;Ruben;40
17;F;2018;Sienna;17
5;M;2007;Aubin;5
9;F;2008;Zineb;9
5;M;2009;Nathane;5
8;M;2010;Milhan;8
6;M;2010;Viktor;6
22;F;2011;Coline;22
57;F;2021;Élise;57
14;F;2021;Anaé;14
7;M;2005;Aboubakar;7
19;F;2020;Flora;19
6;F;2004;Niouma;6
20;F;2024;Sienna;20
16;M;2024;Aliocha;16
10;M;2024;Timothé;10
6;F;2024;Liora;6
5;F;2024;Aliza;5
5;M;2012;Idir;5
11;F;2013;Aïssatou;11
7;F;2013;Izia;7
24;F;2016;Anaëlle;24
5;F;2020;Malaïka;5
124;F;2021;Ava;124
93;F;2021;Jade;93
40;M;2021;Elie;40
19;M;2021;Lenny;19
7;F;2021;Eléna;7
7;M;2021;Selim;7
46;M;2020;Youssef;46
25;M;2020;Nael;25
9;M;2020;Marlon;9
7;M;2020;Mylann;7
5;M;2020;Moshé;5
9;M;2021;Jassim;9
6;F;2019;Cosima;6
38;M;2020;Haroun;38
14;F;2020;Nélya;14
9;F;2020;Candice;9
7;M;2020;Sofiane;7
6;M;2012;Hassan;6
34;M;2012;Marceau;34
7;M;2012;Moustapha;7
6;M;2013;Nolann;6
19;M;2013;Sandro;19
5;M;2013;Tilio;5
12;F;2014;Marianne;12
8;M;2012;Eduardo;8
156;F;2015;Adèle;156
11;F;2012;Eléna;11
24;F;2015;Livia;24
5;M;2012;Hatem;5
11;F;2016;Amandine;11
9;M;2012;Lohan;9
12;F;2016;Israa;12
7;M;2012;Riyad;7
8;F;2017;Adélie;8
5;M;2014;Arthus;5
18;M;2017;Grégoire;18
5;F;2014;Noah;121
41;M;2017;Moussa;41
12;M;2015;Angelo;12
5;F;2017;Solène;5
23;M;2016;Diego;23
23;F;2017;Soline;23
157;M;2016;Lucas;157
6;M;2017;Tim;6
44;M;2017;Andrea;44
130;M;2018;Antoine;130
5;F;2017;Aurélie;5
9;M;2018;Elijah;9
66;M;2018;Marceau;66
6;F;2018;Telma;6
12;M;2018;Orso;12
11;F;2019;Lyne;11
16;M;2019;Bastien;16
30;M;2005;Bastien;30
7;M;2005;Melvyn;7
6;M;2005;Robert;6
8;F;2019;Dahlia;8
28;F;2024;Jasmine;28
8;F;2024;Gioia;8
8;M;2024;Moustapha;8
6;M;2024;Harouna;6
22;F;2009;Audrey;22
5;M;2009;Edward;5
13;M;2009;Farès;13
19;M;2009;Sandro;19
53;M;2011;Nicolas;53
63;F;2004;Elsa;63
252;F;2006;Camille;287
11;F;2006;Elya;11
6;F;2006;Noha;6
9;M;2006;Sabri;9
6;M;2006;Souleyman;6
9;M;2007;Albert;9
7;M;2007;Baudouin;7
24;M;2007;Cyprien;24
11;M;2007;Idriss;11
5;F;2007;Leslie;5
213;F;2007;Sarah;213
10;F;2008;Maïlys;10
20;M;2008;Timothé;20
8;M;2009;Akram;8
82;F;2009;Héloïse;82
10;F;2009;Jana;10
7;F;2009;Lylou;7
12;F;2009;Maeva;12
14;M;2010;Jean-Baptiste;14
13;M;2011;Christian;13
30;M;2011;Corentin;30
5;M;2011;Nizar;5
23;F;2004;Ana;23
6;M;2004;Yohann;6
245;M;2005;Antoine;245
6;M;2005;Johnny;6
19;F;2005;Laure;19
28;F;2005;Mélissa;28
5;M;2005;Nabil;5
5;F;2013;Angel;5
28;F;2013;Maryam;28
5;F;2014;Caroline;5
14;M;2014;Clovis;14
7;M;2014;Kenzy;7
7;F;2014;Leia;7
108;M;2014;Liam;108
10;M;2014;Marlon;10
8;M;2014;Mohamed-Amine;8
13;M;2014;Mouhamed;13
35;F;2014;Zélie;35
32;F;2015;Eden;73
9;F;2015;Khadidja;9
13;M;2015;Samba;13
82;M;2016;Basile;82
15;F;2016;Emilia;15
9;M;2016;Guillaume;9
8;F;2016;Laurine;8
29;M;2016;Zakaria;29
14;M;2017;Sekou;14
17;M;2017;Waël;17
25;M;2018;Anas;25
5;M;2018;Doron;5
7;M;2018;Jayson;7
9;M;2018;Maxim;9
123;F;2019;Gabrielle;123
64;F;2019;Mathilde;64
37;F;2019;Castille;37
22;F;2019;Aurore;22
14;F;2019;Amelia;14
12;F;2019;Agnès;12
11;F;2019;Ania;11
6;M;2019;Giulian;6
6;M;2019;Yan;6
5;M;2019;Hélios;5
162;F;2020;Alice;162
16;F;2020;Aimée;16
12;M;2020;Ferdinand;12
8;F;2020;Leyna;8
5;M;2020;Jordan;5
61;F;2021;Aminata;61
15;M;2021;Naor;15
13;M;2021;Hassan;13
5;M;2021;Eneko;5
13;F;2024;Julie;13
13;M;2024;Cheick;13
99;F;2023;Victoire;99
9;F;2023;Ivy;9
5;F;2023;Shadé;5
25;M;2023;Ilyes;25
8;M;2023;Hélio;8
7;F;2023;Firdaws;7
6;M;2019;Tyler;6
97;F;2020;Iris;97
13;M;2020;Mahdi;13
11;F;2020;Assil;11
6;F;2020;Élina;6
5;F;2020;Asmaa;5
5;F;2020;Orlane;5
59;M;2021;Thomas;59
21;M;2021;Ilyas;21
20;F;2021;Adélaïde;20
8;M;2005;Arthus;8
6;M;2005;Demba;6
5;M;2005;Ismael;5
13;M;2005;Yoan;13
21;M;2005;Youssef;21
100;F;2005;Zoé;100
10;F;2006;Colette;10
5;F;2006;Kassandra;5
6;M;2006;Louison;6
41;M;2006;Moussa;41
65;F;2006;Sofia;65
21;F;2007;Farah;21
5;M;2007;Honoré;5
6;M;2007;Josué;6
5;M;2007;Loïs;5
5;M;2007;Nawfel;5
6;F;2007;Pia;6
12;M;2007;Thierry;12
9;F;2008;Domitille;9
37;F;2008;Mariam;37
25;F;2009;Albane;25
5;M;2009;Marlon;5
10;F;2009;Naëlle;10
6;F;2012;Angélina;6
5;M;2012;Éliot;5
30;M;2012;Guillaume;30
271;M;2013;Arthur;271
14;F;2013;Augustine;14
22;F;2013;Aurore;22
5;M;2014;Aharon;5
53;M;2014;Gustave;53
25;F;2014;Imane;25
15;F;2014;Mellina;15
11;F;2014;Milla;11
11;M;2015;Dan;11
8;F;2015;Elyne;8
54;F;2011;Violette;54
13;M;2012;Lyam;13
8;M;2012;Xavier;8
6;F;2013;Chahinez;6
11;M;2013;Jacob;11
189;M;2013;Maxime;189
15;M;2013;Neil;15
6;M;2013;Sekou;6
17;F;2014;Mayssa;17
25;F;2015;Brune;25
58;F;2024;Romane;58
28;M;2024;Mohammed;28
5;M;2024;Eyal;5
6;M;2015;Karl;6
5;M;2015;Miguel;5
10;M;2015;Yossef;10
29;F;2016;Lily;29
23;F;2017;Bianca;23
14;M;2017;Orso;14
8;M;2018;Tenzin;8
64;M;2019;Elias;64
10;F;2010;Fiona;10
9;F;2010;Gabriella;9
39;F;2011;Noa;69
7;F;2011;Tiphaine;7
14;F;2012;Audrey;14
5;M;2012;Basil;5
28;M;2012;Moussa;28
16;M;2013;Adama;16
6;F;2013;Alaa;6
60;M;2013;Félix;60
25;M;2013;Ismael;25
5;M;2014;Aïden;5
8;F;2014;Hanaé;8
74;F;2014;Léonie;74
24;M;2014;Sasha;24
8;M;2015;Chris;8
12;M;2015;Nahil;12
21;M;2016;Nahil;21
5;F;2017;Abby;5
8;F;2017;Adriana;8
9;M;2017;Arié;9
10;F;2017;Astrid;10
11;M;2017;Idris;11
16;F;2017;Maïmouna;16
5;M;2018;Clovis;5
120;F;2018;Juliette;120
5;F;2018;Mayane;5
12;M;2021;Aviel;12
7;F;2019;Éline;7
7;M;2020;Carl;7
8;M;2006;Mohamed-Amine;8
12;F;2007;Amel;12
59;M;2015;Félix;59
81;F;2015;Marie;81
45;F;2016;Hanna;45
48;M;2016;Solal;48
12;F;2017;Anya;12
50;F;2019;Brune;50
9;F;2019;Léopoldine;9
16;M;2004;Colin;16
51;F;2004;Gabrielle;51
5;F;2005;Éloïse;5
40;F;2005;Lucile;40
10;M;2004;Ronan;10
41;M;2006;Antonin;41
26;F;2006;Sophia;26
26;M;2007;Aymeric;26
24;F;2007;Elena;24
9;M;2007;Fares;9
9;F;2008;Naïla;9
8;M;2009;Abdou;8
8;F;2009;Agnès;8
9;F;2009;Camilia;9
24;M;2009;Karim;24
12;F;2009;Nesrine;12
53;M;2010;Aurélien;53
7;F;2010;Emeline;7
9;M;2010;Kyllian;9
19;F;2010;Marwa;19
20;M;2010;Rafaël;20
125;M;2010;Simon;125
5;M;2010;Ylan;5
15;F;2011;Ashley;15
30;F;2011;Jasmine;30
16;F;2011;Léonore;16
6;M;2019;Cyrus;6
5;F;2019;Assetou;5
27;M;2021;Elliot;27
26;M;2021;Vadim;26
15;M;2021;Lou;15
9;M;2021;Yahya;9
5;F;2021;Lalla;5
5;M;2021;Ayaz;5
84;M;2023;Jules;84
76;M;2023;Simon;76
36;F;2023;Anaïs;36
28;M;2023;Kaïs;28
13;F;2023;Bérénice;13
5;M;2023;Abraham;5
16;F;2011;Eléa;16
89;M;2011;Valentin;89
5;M;2004;Felix;5
20;F;2005;Eugénie;20
7;M;2005;Hélios;7
10;F;2005;Sibylle;10
38;M;2024;Roméo;38
23;M;2024;Amaury;23
9;F;2024;Solveig;9
7;M;2024;Hélio;7
6;M;2024;Islem;6
7;M;2024;Leon;7
8;M;2024;Giorgio;8
6;M;2024;Louka;6
8;M;2004;Alix;8
6;F;2004;Elya;6
13;M;2005;Marco;13
59;M;2006;Amine;59
12;M;2004;Marco;12
17;F;2013;Émilie;17
24;F;2013;Louna;24
210;M;2013;Mohamed;210
15;M;2013;Virgile;15
7;F;2013;Viviane;7
13;F;2014;Agnès;13
5;F;2015;Chaima;5
13;F;2015;Izia;13
22;M;2016;Aymen;22
8;M;2017;Gauthier;8
58;M;2017;Imran;58
19;F;2019;Violette;19
15;F;2019;Lahna;15
14;M;2019;Yann;14
11;M;2019;Swan;11
18;M;2006;Arnaud;18
21;M;2006;Sami;21
7;F;2007;Floriane;7
6;F;2007;Perla;6
5;M;2009;Ayman;5
7;F;2010;Divine;7
6;M;2010;Samir;6
6;F;2011;Eliana;6
9;F;2011;Khadidja;9
6;M;2011;Philémon;6
13;M;2004;André;13
37;M;2020;Nino;37
10;F;2005;Andrea;27
6;M;2006;Abdoul;6
10;M;2021;Dan;10
6;F;2004;Khadija;6
9;F;2013;Clothilde;9
9;M;2013;Élie;9
5;M;2014;Abdel;5
60;F;2004;Alexandra;60
12;M;2014;Elijah;12
12;M;2004;Eyal;12
13;M;2014;Rémi;13
13;M;2005;Eytan;13
5;F;2015;Danaé;5
13;F;2005;Giulia;13
7;M;2015;Daoud;7
6;M;2005;Hédi;6
173;F;2015;Jeanne;173
7;F;2005;Liv;7
17;M;2018;Ewen;17
29;F;2006;Amélie;29
7;M;2018;Lassana;7
6;F;2004;Odélia;6
5;M;2018;Nelson;5
8;M;2012;Calixte;8
20;M;2006;Djibril;20
9;F;2012;Meriem;9
5;F;2006;Eléanor;5
9;F;2012;Rahma;9
5;F;2018;Talya;5
11;M;2006;Kamil;11
14;M;2013;Charly;14
9;M;2019;Habib;9
5;M;2007;Akram;5
6;F;2013;Eleanor;6
8;M;2019;Doron;8
6;M;2008;Eliahou;6
8;M;2013;Jassim;8
16;M;2006;Jason;16
78;F;2008;Laura;78
5;F;2013;Jill;5
31;M;2006;Pablo;31
7;M;2011;Oliver;7
5;M;2013;Luke;5
33;F;2006;Paloma;33
8;F;2020;Isabella;8
26;M;2013;Noa;26
5;F;2007;Kawtar;5
5;F;2013;Ranya;5
11;F;2007;Lison;11
8;F;2014;Hermance;8
16;F;2007;Oriane;16
6;F;2014;Martha;6
12;M;2008;Matisse;12
6;M;2014;Melvil;6
6;M;2008;Nil;6
7;F;2014;Natalia;7
5;M;2009;Alain;5
7;F;2014;Tania;7
12;F;2009;Nawel;12
6;M;2014;Ugo;6
69;F;2009;Sofia;69
45;F;2015;Aïcha;45
11;F;2010;Annabelle;11
12;M;2015;Ariel;12
107;F;2010;Gabrielle;107
10;F;2015;Dania;10
12;M;2011;Bilal;12
26;M;2015;Ernest;26
8;F;2021;Bonnie;8
6;F;2015;Perla;6
5;M;2021;Nathanael;5
6;F;2015;Sohane;6
6;F;2019;Melissa;6
50;M;2016;Gabin;50
33;F;2020;Zélie;33
8;F;2016;Jessica;8
7;F;2016;Mame;7
6;F;2016;Rokia;6
7;F;2016;Viktoria;7
26;M;2017;Djibril;26
32;F;2017;Hanna;32
5;F;2017;Kiara;5
69;F;2017;Maya;69
5;F;2017;Soujoud;5
10;F;2019;Ada;10
9;F;2019;Dalia;9
11;M;2006;Mahamadou;11
34;M;2006;Maximilien;34
7;M;2007;Adame;7
26;F;2007;Aliénor;26
36;F;2007;Blanche;36
13;F;2007;Méline;13
28;M;2009;Florian;28
6;M;2009;Hedi;6
114;M;2009;Oscar;114
13;M;2010;Abdallah;13
7;F;2010;Avital;7
11;M;2010;Bakary;11
6;M;2010;Kilian;6
136;F;2010;Mathilde;136
22;M;2010;Mathys;22
5;M;2011;Abd;5
36;M;2011;Ahmed;36
15;M;2011;Constantin;15
5;M;2011;Ilyess;5
189;M;2011;Mohamed;189
6;F;2011;Thalia;6
5;M;2020;Andreas;5
121;F;2021;Victoria;121
5;M;2019;Idrissa;5
5;F;2019;Hidaya;5
19;M;2020;Amaury;19
18;F;2020;Sibylle;18
11;F;2020;Dahlia;11
6;M;2020;Dany;6
118;M;2022;Alexandre;118
14;F;2022;Anne;14
43;M;2024;Maxence;43
29;M;2024;Elie;29
5;M;2024;Loïc;5
6;M;2022;Albin;6
5;M;2012;Ethann;5
9;M;2012;Nelson;9
5;M;2012;Prince;5
9;M;2012;Zachary;9
9;F;2013;Elizabeth;9
15;F;2013;Mina;15
33;F;2013;Océane;33
5;F;2013;Zelda;5
83;F;2014;Clémence;83
9;F;2014;Fatimata;9
5;F;2014;Leïna;5
5;M;2014;Nadir;5
5;F;2014;Nicole;5
19;M;2014;Nils;19
16;M;2015;Aboubacar;16
10;F;2015;Adélaïde;10
15;M;2015;Viktor;15
5;M;2016;Allan;5
11;F;2016;Amy;11
45;M;2016;Anatole;45
9;M;2016;George;9
9;F;2016;Mariame;9
9;M;2016;Sébastien;9
8;F;2016;Solange;8
41;M;2016;Younes;41
6;M;2017;Cheick;6
5;F;2017;Eléna;5
7;F;2017;Jane;7
8;F;2017;Zaynab;8
8;M;2018;Arié;8
5;F;2018;Emily;5
8;M;2018;Leandro;8
9;F;2018;Linda;9
8;F;2018;Line;8
40;M;2019;Ernest;40
117;F;2022;Sofia;117
55;M;2022;Maxence;55
44;M;2022;Milo;44
33;M;2022;Lenny;33
29;M;2022;Aurèle;29
14;M;2022;André;14
8;F;2022;Noya;8
6;F;2022;Leonor;6
27;M;2022;Ernest;27
23;F;2022;Lilia;23
16;M;2022;Célestin;16
8;M;2022;Ferdinand;8
8;M;2022;Priam;8
87;M;2023;Maël;87
20;F;2023;Leyna;20
6;F;2023;Alexia;6
5;F;2023;Althéa;5
92;M;2022;Samuel;92
5;F;2022;Bamby;5
79;M;2022;Aaron;79
32;M;2022;Émile;32
10;F;2022;Hanaé;10
5;M;2022;Hakim;5
5;M;2022;Lenzo;5
51;F;2023;Sophia;51
43;M;2023;Robin;43
15;M;2023;Joachim;15
13;F;2023;Abby;13
20;F;2022;Hafsa;20
9;F;2022;Ashley;9
7;F;2022;Johanna;7
55;M;2024;Simon;55
35;M;2024;Jacob;35
40;F;2022;Thaïs;40
28;M;2022;Pierre;28
92;F;2022;Charlotte;92
45;M;2022;Roméo;45
7;F;2022;Ayana;7
29;M;2023;Aboubacar;29
8;F;2023;Jane;8
81;M;2022;Basile;81
21;F;2022;Janna;21
8;F;2022;Élisabeth;8
6;F;2022;Max;6
5;F;2022;Alissa;5
13;F;2012;Alyssa;13
6;M;2014;Mickaël;6
6;M;2015;Charly;6
15;M;2015;Kenzo;15
30;M;2016;Marcus;30
5;M;2016;Sahel;5
91;M;2017;Noé;91
25;M;2017;Yassine;25
6;F;2010;Yael;6
13;M;2010;Yannick;13
5;M;2011;Noâm;5
6;F;2004;Dana;6
5;F;2020;Calie;5
6;M;2005;Angel;6
24;F;2005;Eloïse;24
5;F;2005;Lia;5
7;M;2016;Soulayman;7
5;M;2016;Théotime;5
69;F;2017;Mathilde;69
16;F;2017;Mayssa;16
25;F;2017;Noa;48
12;M;2017;Souleyman;12
12;F;2017;Tasnim;12
8;F;2017;Tess;8
8;M;2017;Yazid;8
22;M;2018;Ibrahima;22
10;M;2018;Kenzi;10
6;F;2018;Leila;6
10;M;2018;Menahem;10
8;F;2018;Noura;8
21;F;2019;Emilie;21
11;M;2019;Menahem;11
5;F;2004;Gabriela;5
7;M;2005;Clarence;7
11;F;2005;Emilia;11
6;M;2005;Eythan;6
12;M;2005;Franck;12
10;M;2004;Marvin;10
11;M;2022;Hassan;11
23;M;2012;Marc;23
43;F;2012;Stella;43
20;F;2013;Flora;20
8;M;2015;Alix;8
9;M;2015;Aloïs;9
8;F;2016;Adélie;8
58;M;2016;Daniel;58
25;M;2023;Sasha;25
19;M;2023;Ibrahima;19
14;M;2023;Levi;14
21;M;2023;Salim;21
8;F;2023;Rokia;8
7;M;2023;Taha;7
7;M;2023;Zain;7
52;M;2022;Camille;52
19;F;2022;Castille;19
15;F;2022;Lucile;15
9;M;2022;Ghali;9
5;F;2022;Arielle;5
5;F;2022;Martha;5
72;F;2024;Diane;72
11;F;2024;Salimata;11
5;F;2024;Solange;5
23;F;2024;Arya;23
11;M;2024;Timéo;11
10;M;2024;Marco;10
10;F;2024;Eloïse;10
8;M;2024;Harry;8
6;F;2024;Izia;6
5;F;2024;Élya;5
14;F;2012;Adélaïde;14
14;F;2012;Athénaïs;14
13;F;2012;Castille;13
5;F;2012;Daphnée;5
5;F;2012;Meryam;5
7;M;2013;George;7
6;M;2013;Jude;6
43;M;2013;Théodore;43
45;M;2014;Abel;45
14;F;2014;Hafsa;14
24;M;2014;Julian;24
8;M;2014;Malick;8
15;M;2014;Sam;15
114;F;2015;Jade;114
6;F;2015;May;6
6;M;2016;Karim;6
41;M;2016;Tristan;41
22;F;2017;Amira;22
26;F;2017;Awa;26
55;F;2017;Mariam;55
20;M;2017;Mathias;20
7;F;2017;Nelia;7
7;M;2018;Benoît;7
6;M;2018;Meyron;6
30;M;2018;Roméo;30
36;F;2019;Daphné;36
17;M;2019;Swann;17
5;M;2006;Marlon;5
7;M;2007;Aristide;7
22;M;2007;Auguste;22
14;M;2007;Ilhan;14
19;F;2008;Amira;19
29;M;2008;Elliot;29
6;F;2008;Grâce;6
40;M;2008;Ilyes;40
15;F;2008;Sidonie;15
11;M;2008;Wael;11
10;F;2008;Wendy;10
6;M;2009;Mickael;6
39;F;2009;Nora;39
11;M;2009;Selyan;11
253;M;2004;Gabriel;253
7;M;2004;Wilson;7
25;F;2005;Ana;25
11;F;2005;Hana;11
20;M;2005;Kylian;20
6;F;2005;Noor;6
7;M;2005;Yaya;7
167;F;2004;Juliette;167
5;M;2004;Leonardo;5
161;F;2010;Anna;161
5;F;2010;Celeste;5
85;F;2010;Julia;85
5;F;2010;Lauren;5
6;M;2010;Maksim;6
14;F;2010;Nell;14
71;F;2010;Salomé;71
10;F;2011;Amelia;10
37;M;2011;Basile;37
7;M;2011;Ben;7
9;F;2011;Celia;9
12;M;2011;Charly;12
27;F;2011;Maryam;27
45;F;2011;Sasha;64
5;F;2020;Camilla;5
134;M;2021;Alexandre;134
90;M;2021;Martin;90
21;F;2021;Astrid;21
14;M;2021;Julien;14
10;M;2021;Waël;10
7;M;2021;Alfred;7
5;F;2021;Milena;5
7;F;2019;Béatrice;7
5;F;2019;Elyna;5
299;M;2012;Arthur;299
8;F;2012;Ilana;8
16;F;2013;Soline;16
16;F;2015;Hana;16
33;M;2015;Quentin;33
12;M;2015;Thiago;12
5;F;2016;Dalya;5
7;M;2017;Demba;7
124;F;2017;Juliette;124
18;F;2018;Elya;18
6;M;2018;Jason;6
94;F;2018;Mia;94
5;M;2020;Aliou;5
15;M;2021;Daouda;15
8;F;2021;Joanne;8
21;M;2020;Aboubacar;21
12;M;2020;Yahya;12
47;F;2023;Camille;47
12;M;2023;Leonardo;12
5;M;2023;Moshé;5
158;M;2022;Léo;158
24;F;2022;Myriam;24
18;M;2022;Aymen;18
15;F;2022;Blanche;15
8;F;2022;Baya;8
7;F;2022;Bertille;7
5;M;2022;Barthélémy;5
5;M;2022;Islem;5
5;F;2022;Frida;5
5;F;2021;Ilef;5
5;F;2004;Zahra;5
15;F;2005;Cloé;15
8;F;2005;Daria;8
12;M;2005;Frédéric;12
10;M;2005;Ilias;10
14;F;2005;Oriane;14
22;F;2005;Prune;22
102;M;2005;Tom;102
8;M;2006;Alix;8
30;M;2020;Sasha;30
11;F;2020;Nelia;11
7;F;2020;Melina;7
22;F;2004;Mona;22
37;M;2004;Noam;37
7;M;2004;Aymen;7
5;F;2004;Clélia;5
10;F;2022;Izia;10
9;M;2022;Karim;9
7;M;2011;Yohann;7
95;M;2012;Alexis;95
43;M;2012;Aurélien;43
65;M;2012;Elias;65
9;F;2012;Shaïly;9
10;M;2013;Alessandro;10
10;M;2013;Leonardo;10
16;F;2013;Louisa;16
48;M;2013;Maël;48
9;F;2014;Énora;9
34;F;2014;Isaure;34
12;M;2014;Jawad;12
26;F;2014;Justine;26
17;F;2014;Marguerite;17
27;F;2015;Jana;27
16;F;2015;Kenza;16
10;F;2015;Marthe;10
6;M;2015;Maxim;6
5;M;2015;Zyad;5
9;M;2016;Henry;9
42;F;2016;Lola;42
17;M;2017;Amadou;17
5;M;2017;Éthan;5
21;F;2017;Julie;21
69;M;2023;Nathan;69
10;F;2017;Kayla;10
18;F;2023;Helena;18
7;M;2017;Zakariya;7
11;F;2023;Malak;11
10;M;2018;Ayman;10
10;F;2023;Assiya;10
6;M;2018;Lyes;6
10;F;2023;Emy;10
45;M;2019;Solal;45
9;M;2023;Dan;9
33;F;2019;Jana;33
5;F;2023;Fatimata;5
13;M;2019;Orso;13
12;M;2019;Lamine;12
9;F;2019;Sacha;9
48;F;2006;Chiara;48
35;F;2006;Selma;35
42;F;2007;Claire;42
56;M;2007;Matthieu;56
57;F;2008;Esther;57
6;F;2008;Flavie;6
91;F;2008;Héloïse;91
87;M;2008;Maxence;87
7;F;2008;Priscille;7
7;M;2009;Christopher;7
62;M;2009;Maël;62
8;F;2009;Zahra;8
10;F;2010;Colette;10
15;F;2010;Ilyana;15
13;M;2010;Lassana;13
7;F;2010;Mélia;7
45;F;2010;Sophie;45
5;M;2011;Aloys;5
41;M;2011;Emmanuel;41
8;M;2011;Kilian;8
7;F;2011;Maé;12
19;M;2011;Sasha;19
121;F;2021;Léa;121
28;F;2021;Mahault;28
14;F;2021;Fatou;14
9;M;2021;Nabil;9
12;F;2012;Amy;12
27;M;2012;Dylan;27
7;M;2013;Alan;7
15;F;2013;Anaé;15
15;M;2013;Aymen;15
101;F;2013;Gabrielle;101
51;M;2013;Ruben;51
8;F;2014;Joy;8
13;F;2014;Lea;13
15;F;2014;Maylis;15
23;F;2014;Raphaëlle;23
62;M;2014;Robin;62
5;M;2014;Salem;5
9;F;2015;Aimée;9
8;M;2015;Jessim;8
14;M;2015;Sofiane;14
6;F;2015;Zoë;6
9;F;2016;Amalia;9
5;F;2016;Athénaïs;5
36;M;2017;Anatole;36
14;F;2017;Estelle;14
63;F;2017;Léna;63
5;F;2017;Luisa;5
51;M;2018;Gabin;51
9;M;2018;Hedi;9
23;M;2018;Luka;23
14;F;2018;Mélina;14
6;M;2018;Selim;6
46;M;2018;Tom;46
72;F;2019;Margaux;72
36;F;2019;Eléonore;36
20;M;2019;Loup;20
13;F;2019;Simone;13
11;M;2019;Daouda;11
9;M;2019;Clarence;9
9;F;2019;Eléna;9
18;M;2004;Steven;18
15;F;2004;Tatiana;15
10;F;2005;Aline;10
6;M;2005;Brayan;6
14;F;2005;Marwa;14
6;M;2019;Saliou;6
5;M;2019;Laurent;5
5;M;2019;Yossef;5
76;M;2020;Marceau;76
23;F;2006;Andréa;31
65;M;2006;Jean;65
10;F;2007;Emy;10
27;M;2008;Bastien;27
5;F;2008;Laurène;5
16;F;2009;Coumba;16
7;F;2009;Eglantine;7
24;F;2009;Fanny;24
5;F;2009;Lorena;5
89;M;2009;Maxence;89
25;M;2009;Souleymane;25
6;F;2009;Tiffany;6
6;F;2010;Bouchra;6
6;M;2010;Dali;6
15;M;2010;Kenzo;15
25;M;2010;Raphael;25
60;M;2010;Titouan;60
77;F;2010;Valentine;77
29;M;2011;Florian;29
8;M;2011;Guilhem;8
9;M;2011;Ilias;9
5;F;2011;Mira;5
10;F;2011;Naïla;10
245;M;2011;Paul;245
13;M;2004;Georges;13
7;F;2005;Divine;7
60;F;2005;Elise;60
16;F;2005;Irène;16
5;M;2005;Lyam;5
7;M;2005;Mahé;7
6;M;2005;Paco;6
140;F;2004;Jade;140
16;F;2004;Lou-Anne;16
24;M;2004;Lukas;24
12;M;2004;Marceau;12
9;M;2004;Nabil;9
7;F;2004;Nine;7
11;M;2012;Amadou;11
175;M;2012;Lucas;175
8;M;2012;Sekou;8
9;M;2012;Warren;9
5;M;2013;Andréa;5
16;F;2013;Ariane;16
27;M;2013;Djibril;27
6;M;2013;Édouard;6
36;F;2013;Noa;62
39;M;2013;Tom;39
51;M;2014;Léonard;51
33;M;2014;Mathias;33
103;F;2014;Mila;103
11;F;2014;Tal;11
208;M;2014;Victor;208
355;M;2015;Gabriel;355
36;M;2015;Mamadou;36
9;M;2015;Warren;9
53;F;2016;Anouk;53
247;M;2016;Arthur;247
27;M;2016;Balthazar;27
6;F;2016;Dounia;6
18;M;2016;Youssouf;18
14;M;2017;Aboubakar;14
33;M;2017;Anas;33
9;F;2017;Bella;9
10;M;2017;Bilel;10
6;M;2017;Célestin;6
15;M;2018;Abdallah;15
21;F;2018;Alexandra;21
58;F;2018;Elena;58
13;M;2018;Isaïah;13
52;F;2024;Sophia;52
8;F;2024;Safiatou;8
5;F;2024;Aïna;5
5;F;2024;Octavie;5
5;M;2024;Aïden;5
5;M;2024;Kenzi;5
20;M;2023;Adama;20
19;F;2023;Gisèle;19
14;F;2023;Jennah;14
5;F;2023;Félicité;5
28;M;2024;Ismael;28
24;M;2024;Ernest;24
21;M;2024;Joachim;21
10;F;2018;Liel;10
26;M;2018;Matteo;26
83;F;2019;Lucie;83
6;M;2019;Vincent;6
5;M;2019;Aylane;5
5;F;2019;Madoussou;5
13;F;2020;Mariama;13
12;M;2020;Mathys;12
36;M;2021;Baptiste;36
34;M;2021;James;34
12;F;2021;Carla;12
12;F;2021;Layane;12
8;M;2021;Paolo;8
7;M;2021;Eloi;7
6;F;2021;Laya;6
10;M;2012;Alexander;10
43;F;2012;Eloïse;43
8;M;2012;Ewan;8
12;M;2012;Khalil;12
61;F;2012;Noémie;61
35;M;2012;Wassim;35
24;M;2013;Bilal;24
15;F;2013;Céline;15
37;M;2013;Charlie;37
15;F;2013;Farah;15
50;F;2013;Lily;50
9;M;2013;Malek;9
12;F;2014;Dounia;12
161;F;2014;Emma;161
6;F;2014;Marthe;6
6;F;2014;Mélie;6
5;F;2014;Swann;13
12;F;2015;Lucy;12
38;F;2015;Luna;38
12;F;2015;Tali;12
92;M;2015;Timothée;92
15;M;2016;Aurèle;15
7;F;2016;Lucille;7
14;M;2016;Maximilien;14
10;F;2016;Paola;10
5;M;2016;Valérian;5
53;F;2017;Ambre;53
6;F;2017;Avital;6
52;F;2017;Elena;52
21;F;2017;Nélia;21
17;F;2017;Noor;17
14;M;2017;Olivier;14
35;M;2018;Kylian;35
25;M;2018;Leo;25
7;F;2018;Ombeline;7
21;F;2019;Paloma;21
16;F;2019;Amélie;16
14;M;2019;Aydan;14
13;M;2019;Muhammad;13
9;M;2019;Malone;9
9;F;2010;Isra;9
8;M;2010;Matisse;8
45;M;2010;Thibault;45
7;M;2011;Mattia;7
70;F;2011;Pauline;70
5;F;2011;Shayna;5
51;F;2004;Chiara;51
5;F;2020;Quitterie;5
13;F;2021;Alyssa;13
7;M;2021;Yossef;7
6;F;2021;Mélodie;6
23;M;2005;Aymeric;23
9;M;2005;Gaspar;9
16;F;2005;Lena;16
11;F;2005;Marthe;11
5;M;2005;Mohammad;5
7;M;2005;Stan;7
23;M;2006;Adem;23
6;F;2006;Alba;6
8;F;2019;Martha;8
6;F;2019;Malak;6
86;M;2020;Ismaël;86
43;F;2020;Liv;43
11;F;2020;Léopoldine;11
9;F;2020;Astrid;9
7;F;2020;Rachel;7
8;F;2006;Asma;8
29;F;2006;Ella;29
39;M;2006;Emmanuel;39
15;M;2006;Nathanaël;15
23;M;2006;Sasha;23
33;M;2006;Yann;33
8;M;2007;Bilel;8
11;F;2007;Grace;11
5;M;2007;Hakim;5
16;F;2007;Mia;16
30;F;2007;Sixtine;30
6;F;2008;Lea;6
7;M;2008;Mahé;7
14;M;2008;Ousmane;14
103;M;2008;Simon;103
5;M;2008;Tomas;5
5;M;2008;Ugo;5
5;F;2008;Virginie;5
66;F;2009;Apolline;66
13;M;2009;Elyas;13
20;F;2009;Marguerite;20
17;M;2018;Marc;17
43;F;2006;Clémentine;43
23;F;2006;Flore;23
10;M;2006;Marceau;10
7;F;2007;Adriana;7
27;F;2007;Albane;27
10;M;2007;Christopher;10
29;M;2007;Gustave;29
13;M;2007;Téo;13
13;M;2007;Yannis;13
14;F;2008;Fanta;14
11;F;2009;Catherine;11
7;M;2009;Emir;7
5;M;2009;Réda;5
7;M;2009;Richard;7
37;M;2010;César;37
258;F;2010;Chloé;258
5;M;2020;Tony;5
142;F;2021;Olivia;142
119;M;2021;Liam;119
19;M;2021;Adem;19
15;F;2021;Émilie;15
41;F;2012;Lily;41
6;M;2012;Mody;6
8;F;2013;Ange;25
163;M;2014;Joseph;163
102;F;2014;Nina;102
30;M;2014;Stanislas;30
7;M;2014;Yvan;7
226;M;2015;Alexandre;226
5;M;2011;Yoel;5
6;M;2013;Aimé;6
21;M;2013;Guillaume;21
20;M;2013;Karim;20
7;M;2013;Mendel;7
43;M;2013;Noham;43
104;F;2013;Zoé;104
5;M;2014;Cristiano;5
99;M;2014;Enzo;99
6;M;2014;Joey;6
6;F;2014;Nelia;6
28;M;2014;Roman;28
12;F;2015;Aïda;12
5;F;2015;Chaden;5
6;M;2016;Khaled;6
25;F;2017;Hortense;25
7;M;2018;Éloi;7
6;M;2018;Étienne;6
43;F;2018;Mariam;43
10;M;2019;Sébastien;10
5;F;2020;Alessia;5
59;F;2021;Anaïs;59
17;M;2021;Édouard;17
7;F;2021;Shira;7
5;F;2021;Morgane;5
30;M;2020;Ousmane;30
7;M;2020;Gary;7
8;M;2006;Sandro;8
21;M;2007;Souleymane;21
5;F;2015;Kristina;5
6;F;2015;Leïna;6
9;M;2015;Luc;9
20;M;2016;Ewen;20
94;M;2016;Simon;94
7;M;2017;Damian;7
20;F;2017;Judith;20
7;F;2017;Mélanie;7
17;F;2018;Célestine;17
42;M;2018;James;42
32;F;2019;Pauline;32
31;F;2019;Hortense;31
6;M;2004;Germain;6
6;M;2004;Warren;6
5;F;2005;Chelsea;5
14;M;2005;Justin;14
5;F;2005;Mariame;5
5;M;2004;Morgan;5
10;F;2004;Noor;10
5;F;2006;Béatrice;5
22;F;2006;Hannah;22
6;M;2006;Joe;6
16;F;2007;Mariama;16
33;F;2008;Lili;33
88;F;2008;Romane;88
5;M;2008;Tancrède;5
65;F;2008;Victoire;65
5;F;2009;Élodie;5
9;F;2009;Lilya;9
8;F;2010;Haya;8
15;F;2010;Oumou;15
90;M;2020;Axel;90
52;M;2020;Anas;52
12;F;2020;Elia;12
12;F;2020;Miya;12
7;F;2020;Zeinab;7
13;M;2021;Leonardo;13
11;M;2021;Salif;11
43;F;2022;Sophia;43
23;F;2022;Gabriella;23
7;F;2022;Darine;7
11;F;2012;Lara;11
5;F;2013;Fatouma;5
44;F;2014;Ines;44
11;M;2015;Olivier;11
15;F;2016;Coline;15
10;F;2016;Line;10
6;F;2018;Éline;6
111;F;2019;Mila;111
19;F;2006;Bintou;19
5;F;2006;Maélys;5
16;M;2008;Dorian;16
17;M;2008;Swann;17
72;F;2009;Emilie;72
5;F;2010;Anne-Laure;5
16;M;2010;Ismael;16
16;M;2011;Aksel;16
5;M;2011;Harouna;5
11;M;2011;Marley;11
7;F;2011;Scarlett;7
10;M;2021;Albert;10
7;M;2019;Edmond;7
43;F;2020;Anouk;43
18;F;2024;Aurore;18
7;F;2020;Suzie;7
43;M;2005;Amine;43
5;M;2004;Jimmy;5
9;M;2015;Andrew;9
10;M;2015;Gaétan;10
8;M;2015;Loan;8
11;M;2015;Neil;11
6;F;2015;Racha;6
17;M;2023;Tidiane;17
12;F;2023;Rahma;12
10;M;2023;Romeo;10
5;M;2023;Gauthier;5
22;F;2022;Ninon;22
19;F;2022;Naya;19
25;M;2022;Soan;25
23;F;2022;Mona;23
18;F;2022;Hélène;18
10;M;2022;Jason;10
10;M;2022;Youcef;10
10;F;2022;Talya;10
6;M;2022;Benoît;6
6;M;2022;Boubacar;6
5;F;2016;Liliana;5
13;M;2016;Loup;13
14;M;2016;Titouan;14
5;F;2017;Calypso;5
12;F;2017;Marwa;12
15;F;2017;Rita;15
8;F;2017;Yara;8
8;M;2017;Younès;8
7;M;2018;Lewis;7
21;F;2018;Maëlle;21
30;M;2019;Nathanaël;30
13;M;2019;Clovis;13
8;F;2006;Félicité;8
26;M;2006;Henri;26
8;M;2006;Kaïs;8
187;F;2006;Léa;187
11;F;2006;Maëva;11
9;M;2006;Michel;9
7;F;2007;Amani;7
23;M;2007;Armand;23
70;F;2007;Elisa;70
38;M;2007;Léon;38
5;F;2008;Jordane;5
39;F;2008;Lilia;39
37;M;2009;Joshua;37
5;M;2009;Tidjane;5
10;M;2010;Gauthier;10
6;F;2010;Léanne;6
54;M;2010;Lucien;54
18;F;2011;Aliénor;18
12;F;2011;Cléophée;12
6;F;2011;Clothilde;6
6;F;2011;Kadidiatou;6
41;M;2011;Milo;41
40;M;2011;Théodore;40
5;M;2020;Liron;5
57;F;2021;Clara;57
17;M;2021;Mathys;17
16;F;2021;Imany;16
12;M;2021;Nahel;12
8;M;2021;Abraham;8
6;F;2021;Miral;6
5;M;2019;Alpha;5
5;F;2019;Neïla;5
43;F;2020;Pia;43
28;M;2020;Max;28
6;F;2023;Syana;6
24;M;2022;Emile;24
24;F;2022;Lise;24
14;F;2022;Camélia;14
6;F;2018;Liana;6
11;F;2019;Tina;11
36;M;2011;Esteban;36
8;F;2011;Nélia;8
9;F;2022;Sybille;9
5;M;2023;Souleyman;5
72;F;2022;Romane;72
49;M;2022;Imran;49
30;F;2022;Chiara;30
21;M;2022;Tristan;21
14;F;2022;Claire;14
11;F;2022;Maimouna;11
6;M;2022;Kenzy;6
15;F;2006;Cléo;15
24;F;2006;Eve;24
27;M;2006;Olivier;27
6;M;2007;Barthélémy;6
47;M;2007;Malo;47
15;F;2008;Aïssata;15
13;M;2008;Camil;13
16;F;2008;Maé;16
6;M;2008;Nabil;6
7;M;2008;Naïl;7
211;M;2008;Thomas;211
11;F;2009;Dalia;11
34;F;2009;Hannah;34
51;M;2009;Luca;51
24;F;2010;Farah;24
9;F;2010;Joana;9
16;M;2010;Nael;16
11;F;2011;Ilyana;11
47;M;2011;Samy;47
21;M;2004;Bilal;21
5;M;2004;Eliès;5
24;F;2004;Sasha;44
7;F;2004;Swann;17
13;F;2005;Charline;13
14;F;2005;Coralie;14
6;M;2005;Florentin;6
206;F;2004;Louise;206
8;M;2004;Louison;8
11;F;2004;Marwa;11
5;M;2012;Hassane;5
10;F;2012;Léopoldine;10
10;F;2012;Safia;10
10;F;2013;Prune;10
12;F;2014;Axelle;12
10;F;2014;Haya;10
5;F;2014;Louann;5
11;F;2014;Mathilda;11
8;M;2015;Alphonse;8
10;M;2015;Boubacar;10
24;M;2015;Ousmane;24
8;F;2015;Solveig;8
87;F;2016;Ava;87
45;M;2016;Imran;45
7;F;2016;Sakina;7
38;F;2016;Stella;38
16;F;2017;Imane;16
5;F;2017;Meïssa;5
11;F;2018;Amandine;11
19;F;2018;Dina;19
9;M;2018;Dorian;9
16;M;2018;Élie;16
33;M;2018;Emmanuel;33
100;M;2018;Ethan;100
14;F;2018;Izia;14
21;M;2018;Ousmane;21
54;M;2019;Moussa;54
36;M;2019;Edgar;36
20;M;2019;Luka;20
13;M;2019;Rafaël;13
5;F;2019;Ernestine;5
43;F;2020;Noa;43
28;M;2020;Jacob;28
12;M;2020;Melchior;12
5;M;2020;Ayaan;5
23;M;2021;Adrian;23
22;M;2021;Lyam;22
10;M;2021;Vladimir;10
8;M;2021;Pacôme;8
22;F;2024;Rita;22
11;M;2024;Joud;11
7;F;2024;Rebecca;7
5;M;2024;Yacoub;5
59;F;2021;Lucie;59
9;F;2021;Adama;9
8;F;2020;Khady;8
7;M;2020;Waël;7
36;F;2022;Livia;36
29;M;2022;Adama;29
11;F;2022;Mira;11
9;F;2022;Anaya;9
5;F;2022;Taline;5
8;F;2023;Maé;8
6;M;2023;Assil;6
103;F;2022;Fatoumata;103
38;F;2022;Mila;38
5;M;2022;Eytan;5
5;F;2022;Gina;5
8;M;2017;Lilian;8
14;F;2018;Amira;14
40;M;2018;Léopold;40
18;M;2018;Salim;18
65;M;2019;Jean;65
16;M;2019;Mathys;16
10;F;2019;Naëlle;10
9;F;2006;Kiara;9
5;M;2006;Sidi;5
219;F;2007;Chloé;219
6;M;2007;Sylvain;6
26;F;2008;Alexia;26
41;M;2008;Emmanuel;41
14;M;2009;Gaël;14
8;F;2009;Hajar;8
23;M;2010;Jonathan;23
41;F;2010;Mélina;41
6;M;2010;Yoav;6
5;M;2011;Aurel;5
10;F;2011;Élise;10
5;M;2011;Franck;5
8;M;2011;Idrissa;8
8;M;2011;Matias;8
5;F;2011;Vera;5
8;F;2004;Adriana;8
10;F;2004;Assa;10
38;F;2005;Estelle;38
58;M;2005;Jean;58
6;M;2005;Joris;6
12;F;2005;Ornella;12
5;F;2005;Wiktoria;5
7;F;2019;Leonor;7
6;M;2019;Youri;6
6;F;2019;Naïma;6
26;F;2020;Théa;26
10;M;2020;Lou;10
34;F;2023;Eléonore;34
14;F;2023;Aria;14
9;M;2023;Bakary;9
8;F;2023;Siena;8
5;M;2023;Carl;5
195;F;2024;Alma;195
25;M;2024;Lazare;25
24;M;2024;Omar;24
13;F;2024;Ines;13
6;F;2024;Claire;6
6;M;2024;Ayaan;6
6;F;2012;Matilda;6
5;F;2012;Orlane;5
31;F;2013;Faustine;31
29;M;2013;Mamadou;29
133;F;2014;Jade;133
6;M;2014;Nolhan;6
7;M;2014;Steven;7
5;M;2017;Aron;5
7;M;2017;Miguel;7
114;F;2018;Victoria;114
12;M;2018;Waël;12
43;M;2019;Issa;43
29;M;2006;Léopold;29
6;M;2007;Mamoudou;6
24;M;2008;Alban;24
5;M;2008;Lévi;5
5;F;2011;Annabelle;5
24;F;2011;Elisabeth;24
89;M;2021;Nathan;89
7;M;2012;Lévi;7
5;F;2012;Safiya;5
5;F;2012;Yara;5
5;M;2012;Zayd;5
54;M;2013;Daniel;54
5;M;2013;Taha;5
5;M;2014;Kassim;5
11;F;2014;Morgane;11
5;M;2014;Vasco;5
5;M;2014;Wissam;5
58;M;2015;Gabin;58
15;M;2015;Jonathan;15
16;F;2015;Lilya;16
6;M;2015;Michaël;6
9;F;2016;Charlize;9
12;M;2016;Jason;12
18;M;2016;Kevin;18
9;F;2017;Anouck;9
66;M;2022;Léonard;66
7;M;2022;Jaden;7
7;M;2022;Thaddée;7
6;M;2022;Mamoudou;6
5;F;2022;Naminata;5
26;M;2012;Imran;26
5;M;2012;Stéphane;5
5;F;2013;Eléanore;5
18;F;2013;Marion;18
20;M;2013;Oumar;20
58;F;2014;Aya;58
24;M;2014;Ernest;24
85;F;2014;Pauline;85
18;F;2015;Aliyah;18
41;F;2015;Myriam;41
19;F;2015;Soline;19
7;F;2016;Leila;7
10;F;2016;Mayssa;10
6;M;2017;Charly;6
9;F;2018;Miya;9
13;M;2019;Aubin;13
5;F;2005;Dalva;5
5;M;2019;Yohann;5
51;M;2020;César;51
10;F;2004;Laëtitia;10
8;F;2006;Ema;8
6;F;2006;Marie-Lou;6
6;M;2006;Pol;6
10;M;2007;Robinson;10
48;M;2008;Félix;48
34;M;2009;Ahmed;34
6;M;2009;Artus;6
15;F;2009;Khadija;15
6;F;2009;Nicole;6
16;F;2010;Angelina;16
34;M;2010;Auguste;34
5;M;2010;Harold;5
20;M;2010;Virgile;20
7;M;2004;Boris;7
16;M;2004;Gustave;16
8;F;2019;Lya;8
5;M;2019;Levi;5
5;F;2019;Akshaya;5
35;M;2021;Edgar;35
11;M;2021;Aloïs;11
9;M;2021;Philippe;9
8;F;2021;Naïla;8
5;M;2012;Artus;5
37;F;2013;Bérénice;37
26;M;2013;Corentin;26
17;F;2013;Louison;23
91;F;2013;Lucie;91
14;M;2014;Eric;14
27;M;2015;Théophile;27
14;M;2016;Amadou;14
35;F;2016;Charlie;50
9;M;2016;Dario;9
14;F;2017;Leyna;14
5;M;2017;Qassim;5
104;M;2018;Axel;104
70;F;2018;Céleste;70
65;M;2019;Hector;65
23;F;2019;Augustine;23
30;F;2006;Hélène;30
91;F;2006;Julia;91
14;F;2006;Maïlys;14
17;M;2007;Jonas;17
18;M;2008;Kévin;18
7;M;2008;Khalil;7
22;M;2022;Yacine;22
21;M;2018;Djibril;21
5;M;2018;Emir;5
50;M;2018;Enzo;50
13;F;2018;June;13
25;F;2019;Livia;25
25;F;2006;Hortense;25
21;M;2006;Tony;21
7;F;2007;Binta;7
7;F;2007;Lou-Ann;7
12;F;2007;Marina;12
10;M;2008;Bruno;10
35;M;2008;Etienne;35
8;M;2008;Jérôme;8
57;F;2009;Garance;57
45;M;2009;Marius;45
8;F;2010;Kadiatou;8
9;F;2010;Manelle;9
8;F;2011;Amy;8
57;M;2011;Félix;57
202;F;2011;Inès;202
5;M;2011;Swan;5
22;F;2021;Line;22
8;F;2021;Meriem;8
8;M;2020;Matisse;8
11;M;2022;Eliel;11
6;M;2022;Walid;6
5;M;2022;Bilel;5
6;M;2010;Sidy;6
6;M;2011;Fabio;6
6;M;2019;Zion;6
24;M;2021;Gaël;24
11;M;2006;Ben;11
12;F;2006;Hermine;12
16;M;2006;James;16
6;M;2007;Jaden;6
13;M;2008;Elyas;13
6;M;2009;Lancelot;6
9;M;2009;Sékou;9
10;M;2012;Aristide;10
6;F;2012;Zayneb;6
15;M;2013;Andy;15
6;F;2013;Béryl;6
5;F;2013;Johana;5
6;M;2013;Vianney;6
48;M;2014;Ilyes;48
12;F;2014;Nell;12
7;M;2015;Alessio;7
7;F;2015;Éléa;7
6;F;2016;Melody;6
89;F;2022;Julia;89
6;F;2022;Safia;6
5;F;2022;Maram;5
20;F;2017;Mélissa;20
7;F;2005;Iman;7
6;F;2005;Myrtille;6
7;F;2005;Séléna;7
14;F;2004;Ornella;14
8;M;2022;Hélie;8
6;M;2022;Alexander;6
6;F;2022;Fatma;6
5;M;2022;Josh;5
5;M;2022;Nathaniel;5
5;F;2022;Léopoldine;5
30;F;2023;Capucine;30
19;M;2023;Muhammad;19
9;F;2023;Salma;9
8;F;2023;Baya;8
5;M;2023;Jasmin;5
14;F;2010;Alya;14
14;F;2010;Cindy;14
11;M;2010;Clarence;11
30;F;2010;Elena;30
21;M;2011;Kevin;21
5;M;2019;Jed;5
5;M;2019;Joan;5
5;F;2019;Elikya;5
94;F;2020;Charlie;94
54;F;2020;Sophia;54
24;M;2020;Luca;24
20;F;2020;Lara;20
16;M;2020;Swann;16
14;F;2020;Gabriela;14
11;F;2020;Mariame;11
9;F;2020;Marianne;9
21;F;2021;June;21
20;F;2021;Célia;20
18;F;2021;Bintou;18
19;F;2006;Assia;19
9;F;2006;Carine;9
24;M;2006;Joshua;24
49;F;2006;Lila;49
7;M;2008;Jan;7
8;M;2009;Bilel;8
9;M;2009;Macéo;9
10;M;2009;Viktor;10
8;F;2011;Ysé;8
5;F;2012;Lilwenn;5
6;F;2012;Ramata;6
7;M;2013;Damian;7
17;F;2015;Amira;17
26;F;2015;Justine;26
7;F;2015;Léonor;7
21;M;2015;Luka;21
34;M;2015;Mathéo;34
9;F;2015;Michelle;9
5;F;2015;Safa;5
24;M;2016;Esteban;24
16;M;2016;Jonathan;16
14;F;2016;Mona;14
18;M;2023;Amara;18
9;M;2023;Ange;9
9;M;2023;Otto;9
5;F;2023;Véra;5
7;M;2023;Thibault;7
87;F;2023;Ava;87
9;M;2023;Bryan;9
9;M;2023;Esteban;9
6;F;2023;April;6
6;F;2023;Axelle;6
8;F;2022;Marina;8
5;M;2023;Hamady;5
9;M;2019;Jason;9
17;F;2006;Rita;17
10;F;2006;Zélie;10
24;F;2007;Ludivine;24
25;M;2007;Stanislas;25
47;M;2009;Aurélien;47
6;M;2009;Flavio;6
27;F;2009;Lena;27
6;F;2010;Élisa;6
9;F;2011;Nourane;9
8;F;2011;Paola;8
6;M;2019;Marwan;6
6;M;2019;Shady;6
8;M;2020;Farès;8
8;F;2020;Alexia;8
7;M;2020;Mylan;7
12;F;2021;Estelle;12
7;F;2021;Anne;7
151;M;2004;Mohamed;151
12;M;2022;Siméon;12
7;F;2022;Élia;7
7;F;2022;Priscille;7
5;M;2022;Or;5
5;F;2022;Anita;5
5;F;2022;Eve;5
54;M;2022;Thomas;54
25;M;2023;Marcus;25
8;F;2023;Hadja;8
5;M;2023;Melvil;5
10;M;2022;Alix;10
7;F;2022;Manel;7
34;F;2024;Valentine;34
12;F;2024;Alyssa;12
11;F;2024;Assil;11
9;M;2024;Salif;9
18;F;2023;Eliana;18
12;F;2023;Lya;12
23;F;2023;Lise;23
5;M;2023;Matias;5
5;F;2023;Izia;5
136;F;2022;Rose;136
5;F;2022;Agnès;5
5;F;2022;Bluma;5
5;F;2010;Mahault;5
6;F;2010;Zahra;6
5;M;2011;Ayman;5
115;M;2011;Ethan;115
9;F;2011;Noor;9
17;M;2011;Sandro;17
8;F;2019;Zahra;8
7;F;2019;May;7
16;M;2020;Saul;16
8;M;2020;Iyed;8
5;F;2020;Ruby;5
35;F;2021;Esmée;35
27;F;2021;Janna;27
25;M;2021;Pio;25
11;M;2021;Mayeul;11
7;F;2021;Frida;7
5;F;2021;India;5
5;M;2021;Aliou;5
7;M;2006;Bakary;7
8;F;2006;Linda;8
10;F;2006;Meriem;10
5;M;2007;Aidan;5
5;F;2007;Haby;5
16;M;2008;Alessandro;16
16;F;2008;Elisabeth;16
102;M;2008;Julien;102
8;M;2009;Mendel;8
14;F;2009;Sabrina;14
56;F;2012;Suzanne;56
5;M;2012;Térence;5
8;F;2013;Laetitia;8
71;F;2014;Charlie;106
20;M;2014;Omar;20
5;M;2014;Yaron;5
12;F;2015;Alia;12
7;M;2015;Clovis;7
8;F;2015;Leila;8
8;M;2015;Selyan;8
5;M;2016;Haï;5
10;M;2013;Ayden;10
26;M;2013;Emmanuel;26
40;F;2013;Esther;40
8;F;2013;Grace;8
5;M;2013;Lohan;5
7;F;2014;Anaé;7
7;F;2014;Eulalie;7
6;F;2014;Lilly;6
6;M;2014;Lukas;6
7;M;2014;Maher;7
8;M;2014;Siméon;8
6;M;2015;Alistair;6
30;M;2016;Anas;30
68;M;2016;Auguste;68
10;F;2016;Cléa;10
7;F;2016;Irina;7
14;M;2016;Malone;14
28;M;2016;Mamadou;28
6;F;2016;Quitterie;6
15;M;2016;Virgile;15
19;M;2017;Ariel;19
35;M;2017;Arsène;35
6;M;2017;Hussein;6
6;M;2017;Joris;6
12;F;2018;Layana;12
8;F;2018;Mayar;8
6;M;2018;Mendel;6
24;M;2018;Yacine;24
5;F;2016;Tasnim;5
12;M;2017;Etienne;12
6;M;2017;Eyal;6
10;M;2017;Jason;10
11;M;2017;Joud;11
26;F;2017;Maïa;26
60;F;2017;Margot;60
26;F;2017;Mina;26
45;F;2017;Roxane;45
11;F;2018;Agnès;11
7;F;2018;Barbara;7
10;M;2018;Elon;10
13;F;2018;Hanaé;13
69;M;2018;Ilyan;69
5;F;2018;Violette;5
5;M;2018;Yani;5
81;F;2019;Agathe;81
28;M;2019;Tristan;28
8;M;2019;Mael;8
27;F;2004;Axelle;27
7;F;2004;Eloane;7
5;M;2005;Abdoul;5
30;M;2005;Alex;30
6;F;2005;Floriane;6
127;M;2005;Léo;127
6;F;2005;Natasha;6
20;M;2006;Abdoulaye;20
8;M;2004;Jérôme;8
41;F;2004;Maya;41
12;F;2022;Ysé;12
6;M;2022;Sully;6
104;F;2022;Ava;104
20;F;2022;Théa;20
8;F;2022;Halima;8
8;F;2022;Kadiatou;8
7;F;2022;Dune;7
21;F;2022;Stella;21
11;F;2022;Gaia;11
9;F;2022;Sirine;9
6;F;2022;Hadja;6
26;F;2019;Ariane;26
50;M;2006;Félix;50
7;M;2006;Henry;7
27;F;2006;Rosalie;27
12;M;2007;Ambroise;12
19;M;2007;Anas;19
8;M;2007;Fabien;8
51;M;2007;Grégoire;51
192;F;2007;Jeanne;192
13;F;2007;Lucia;13
39;F;2007;Madeleine;39
18;M;2007;Yohan;18
49;F;2008;Sophie;49
10;M;2008;Yvan;10
16;M;2008;Zacharie;16
18;M;2009;Balthazar;18
7;F;2009;Elyssa;7
8;F;2010;Élise;8
12;F;2010;Yousra;12
28;M;2011;Adem;28
51;F;2011;Constance;51
18;M;2011;Etienne;18
46;F;2011;Faustine;46
16;F;2011;Louison;22
6;M;2011;Maceo;6
13;M;2011;Melvil;13
6;M;2011;Nelson;6
9;F;2004;Anne;9
9;F;2004;Émilie;9
5;M;2004;Francesco;5
6;F;2019;Cassandra;6
6;F;2019;Teresa;6
103;F;2020;Juliette;103
10;F;2020;Lucile;10
9;M;2020;Eli;9
127;M;2004;Théo;127
11;M;2005;Alix;11
6;M;2005;Giulio;6
8;M;2005;Jack;8
10;M;2005;Joël;10
7;F;2005;Nawal;7
23;M;2021;Ibrahima;23
19;M;2021;Matthieu;19
12;F;2021;Naëlle;12
7;F;2021;Perla;7
5;F;2021;Tali;5
14;M;2004;Melvin;14
5;F;2006;Maia;5
7;M;2006;Zachary;7
16;F;2007;Naomie;16
44;F;2009;Océane;44
7;M;2010;Eyal;7
7;M;2010;Shaï;7
5;F;2005;Solveig;5
6;M;2011;Wissem;6
11;F;2012;Clélia;11
6;M;2013;Alistair;6
5;F;2016;Laya;5
29;F;2022;Naomi;29
13;F;2022;Noor;13
10;M;2022;Oliver;10
10;M;2022;Selim;10
8;F;2022;Djeneba;8
7;M;2022;Raoul;7
6;M;2022;Téo;6
44;M;2012;Antonin;44
8;M;2012;Eyal;8
5;F;2012;Haya;5
36;M;2012;Kaïs;36
84;M;2012;Noah;84
5;M;2013;Eduard;5
5;M;2013;Kilian;5
8;F;2013;Lilly;8
6;F;2013;Safiya;6
5;M;2013;Shay;5
5;F;2014;Cyrine;5
6;F;2014;Élisabeth;6
43;M;2014;Nael;43
10;M;2014;Wesley;10
8;F;2015;Ayah;8
13;M;2015;Étienne;13
5;M;2015;Liham;5
5;M;2015;Selim;5
22;M;2015;Zacharie;22
5;F;2016;Catherine;5
6;F;2016;Clothilde;6
7;M;2016;Emilio;7
35;M;2016;Nael;35
127;M;2016;Oscar;127
11;F;2017;Grace;11
8;F;2017;Matilda;8
8;M;2017;Menahem;8
6;F;2017;Milla;6
13;M;2018;Elliott;13
102;M;2018;Maxime;102
18;M;2018;Pio;18
20;F;2018;Soline;20
11;F;2018;Théodora;11
15;F;2019;Emy;15
29;F;2006;Léane;29
25;F;2006;Sirine;25
25;M;2007;Dimitri;25
9;M;2007;Guilhem;9
6;F;2007;Manelle;6
21;M;2008;Anton;21
16;M;2008;Ernest;16
14;F;2008;Hana;14
34;M;2008;Jonathan;34
164;F;2008;Juliette;164
27;F;2008;Léonie;27
27;F;2008;Mélina;27
23;M;2008;Nathanaël;23
27;M;2009;Issa;27
6;F;2010;Anaelle;6
38;M;2010;Joshua;38
16;M;2011;Elyes;16
8;M;2011;Gautier;8
9;M;2011;Lamine;9
8;F;2021;Sirine;8
5;F;2019;Noélie;5
11;F;2022;Thalia;11
10;M;2022;Mathieu;10
10;F;2020;Aaliyah;10
7;F;2020;Olympia;7
23;F;2004;Elena;23
6;M;2004;Viktor;6
31;F;2005;Anouk;31
8;M;2005;Kaïs;8
9;F;2004;Mahaut;9
128;F;2022;Jade;128
17;M;2022;Lamine;17
10;F;2022;Lucia;10
8;F;2022;Éléna;8
13;F;2022;Camila;13
6;M;2022;Lubin;6
5;M;2022;Francesco;5
5;M;2022;John;5
30;F;2024;Hanna;30
19;F;2024;Bérénice;19
19;F;2024;Chiara;19
9;F;2024;Amaya;9
7;F;2024;Hiba;7
6;F;2024;Élisa;6
5;F;2024;Ruby;5
5;M;2020;Hamidou;5
14;M;2021;Sekou;14
7;F;2019;Marta;7
36;M;2020;Elio;36
13;M;2022;Mahamadou;13
9;M;2022;Alfred;9
6;M;2012;Angel;6
6;M;2012;Karamoko;6
41;F;2013;Célia;41
25;M;2013;César;25
10;M;2013;Dan;10
13;M;2013;Fares;13
45;F;2014;Céleste;45
58;F;2014;Fatoumata;58
7;F;2014;Line;7
7;M;2015;Jimmy;7
7;M;2016;Aloïs;7
7;F;2017;Nada;7
71;M;2017;Robin;71
9;F;2017;Solveig;9
34;M;2017;Vadim;34
10;M;2018;Édouard;10
20;F;2024;Louison;20
12;M;2024;Zakarya;12
8;F;2024;Athena;8
5;F;2024;Anissa;5
34;M;2022;Charlie;34
34;M;2022;Gaston;34
6;F;2022;Lyanna;6
7;F;2011;Viviane;7
42;F;2012;Violette;42
22;F;2013;Aliya;22
7;F;2013;Bonnie;7
111;F;2013;Nina;111
10;M;2014;Akram;10
6;F;2014;Daniella;6
21;F;2014;Emmy;21
11;M;2014;Jérémy;11
11;F;2014;Luce;11
6;M;2014;Mohammad;6
17;M;2014;Rafaël;17
18;F;2015;Anaé;18
5;M;2023;Ziad;5
5;M;2016;Antoni;5
5;F;2016;Caroline;5
7;F;2016;Dalia;7
5;F;2016;Elinor;5
6;F;2016;Joanne;6
37;F;2016;Lise;37
12;M;2016;Youcef;12
5;M;2017;Anaël;5
24;M;2017;Ilyan;24
6;M;2017;Louay;6
9;F;2017;Ombeline;9
16;M;2017;Owen;16
15;F;2017;Philippine;15
25;F;2018;Augustine;25
62;M;2018;Eden;62
54;F;2018;Luna;54
56;F;2018;Roxane;56
56;M;2019;Théodore;56
70;F;2012;Diane;70
16;M;2012;Ismael;16
12;M;2012;Jack;12
6;M;2013;Allan;6
46;F;2013;Lila;46
91;F;2013;Margaux;91
9;M;2013;Mouhamadou;9
20;M;2014;Ilian;20
269;M;2014;Paul;269
28;M;2015;Anas;28
91;F;2016;Julia;91
23;M;2016;Léandre;23
7;F;2016;Tal;7
17;F;2017;Anaëlle;17
28;M;2017;Jayden;28
105;F;2017;Margaux;105
12;F;2017;Salimata;12
15;F;2018;Dania;15
21;F;2018;Fatou;21
7;M;2018;Nabil;7
66;F;2006;Capucine;66
64;M;2006;Guillaume;64
9;F;2006;Joyce;9
7;F;2006;Lauriane;7
10;F;2007;Assa;10
6;M;2007;Aylan;6
9;M;2007;Clarence;9
259;M;2008;Alexandre;259
5;M;2008;Damian;5
21;M;2008;Julian;21
6;M;2008;Kilyan;6
52;F;2009;Eléonore;52
10;M;2009;Louka;10
6;M;2009;Mateja;6
9;M;2009;Ugo;9
19;F;2004;Fleur;19
6;M;2004;Iban;6
6;F;2004;Sharon;6
13;M;2005;Ayman;13
33;M;2005;Emmanuel;33
6;F;2005;Karen;6
5;F;2004;Isis;5
5;M;2004;Kenan;5
58;M;2004;Kevin;58
25;M;2004;Kylian;25
17;F;2010;Dounia;17
6;M;2010;Luan;6
106;F;2010;Lucie;106
7;F;2010;Lylia;7
29;F;2010;Lyna;29
8;M;2010;Nizar;8
5;F;2010;Séléna;5
5;F;2012;Perla;5
6;F;2013;Kawtar;6
15;F;2013;Lara;15
7;M;2013;Mylan;7
19;M;2014;Marco;19
21;M;2014;Titouan;21
13;F;2015;Dalia;13
8;F;2006;Bettina;8
7;F;2006;Dora;7
5;M;2006;Yoni;5
48;M;2008;Ibrahim;48
48;M;2008;Luca;48
5;M;2005;Tancrède;5
21;F;2004;Rebecca;21
6;M;2011;Adame;6
5;F;2011;Gaëlle;5
54;F;2011;Lily;54
13;F;2011;Mona;13
117;M;2020;Basile;117
7;M;2020;Arthus;7
5;F;2022;Bonnie;5
45;M;2023;Jean;45
28;F;2023;Ayla;28
21;M;2023;Baptiste;21
13;M;2023;Eugène;13
32;M;2019;Antonin;32
12;F;2019;Kadiatou;12
6;F;2006;Chayma;6
5;M;2006;Ferdinand;5
5;M;2006;Karol;5
5;F;2006;Maxine;5
5;F;2007;Adja;5
5;F;2007;Agnès;5
5;F;2007;Angie;5
16;F;2007;Dounia;16
6;F;2007;Marie-Lou;6
10;M;2007;Sébastien;10
10;M;2008;Darius;10
316;M;2008;Gabriel;316
7;M;2008;Thibaud;7
11;F;2008;Valentina;11
5;M;2009;Aris;5
16;F;2009;Carla;16
14;M;2009;Ilyas;14
30;F;2009;Maëlle;30
6;M;2010;Anselme;6
5;F;2010;Billie;5
29;F;2010;Ella;29
5;F;2010;Heidi;5
7;M;2010;Jarod;7
6;M;2010;Kassim;6
5;F;2010;Khadidja;5
14;M;2010;Morgan;14
6;M;2010;Taha;6
5;M;2010;Ugo;5
203;F;2011;Alice;203
17;M;2011;Aymeric;17
7;M;2011;Chahine;7
19;F;2004;Eléa;19
180;M;2004;Enzo;180
7;F;2019;Rania;7
37;M;2020;Roméo;37
11;M;2020;Nahel;11
10;F;2020;Leya;10
7;M;2020;Sébastien;7
9;M;2004;Tancrède;9
93;F;2005;Agathe;93
6;F;2005;Doriane;6
51;M;2005;Maël;51
25;F;2005;Maud;25
6;M;2006;Amar;6
27;M;2021;Youssouf;27
26;F;2021;Mina;26
7;M;2021;Antonio;7
6;M;2021;Orphée;6
5;F;2021;Élisa;5
7;F;2004;Lucia;7
42;M;2023;Naïm;42
5;F;2023;Djenna;5
5;F;2023;Serena;5
87;F;2022;Sarah;87
42;F;2022;Amina;42
26;F;2022;Assia;26
10;F;2022;India;10
6;M;2022;Keziah;6
5;F;2022;Lynn;5
5;F;2022;Penda;5
26;F;2022;Mahaut;26
9;F;2022;Seyana;9
6;F;2022;Naïma;6
82;F;2022;Suzanne;82
53;M;2022;Théodore;53
23;F;2022;Violette;23
14;M;2022;Sekou;14
5;M;2022;Justin;5
62;M;2022;Ulysse;62
15;M;2022;Cheikh;15
106;M;2024;Noé;106
14;M;2024;Loan;14
11;F;2024;Anne;11
11;F;2024;Ysé;11
6;F;2024;Amalya;6
6;F;2024;Isra;6
27;F;2022;Elisa;27
13;F;2022;Amalia;13
7;M;2022;Melchior;7
47;M;2023;Gabin;47
114;F;2022;Juliette;114
28;F;2022;Hana;28
5;M;2022;Damian;5
5;F;2022;Naava;5
15;F;2022;Layane;15
5;F;2022;Leila;5
33;F;2022;Bintou;33
9;M;2022;Joud;9
8;F;2022;Athena;8
7;M;2022;Bastien;7
6;F;2022;Béatrice;6
6;F;2022;Lylia;6
88;M;2024;Andrea;88
27;F;2024;Bianca;27
24;F;2024;Sibylle;24
12;F;2024;Naya;12
11;M;2024;Aubin;11
11;M;2024;Mahamadou;11
6;F;2024;Celine;6
8;M;2012;Malone;8
11;F;2012;Marine;11
43;F;2013;Maëlys;43
6;F;2013;Manelle;6
14;F;2013;Naomie;14
8;M;2013;Othmane;8
12;M;2014;Eloi;12
5;M;2014;Harold;5
24;F;2014;Jenna;24
12;M;2014;Xavier;12
6;M;2015;Alon;6
20;M;2015;Edouard;20
5;M;2015;Edward;5
24;M;2012;Adel;24
16;M;2012;Ayman;16
17;F;2012;Cassandre;17
65;F;2013;Garance;65
7;M;2013;Isidore;7
11;M;2013;Jordan;11
6;F;2013;Miya;6
72;F;2013;Sara;72
6;M;2014;Abdullah;6
5;M;2014;Aiden;5
9;F;2014;Alycia;9
30;M;2014;Amaury;30
6;M;2014;Aydan;6
6;F;2014;Emmanuella;6
201;F;2014;Jeanne;201
5;F;2014;Sherine;5
48;M;2015;Ali;48
27;F;2015;Léonore;27
8;M;2016;Ari;8
46;M;2016;Edgar;46
5;F;2016;Elodie;5
17;F;2016;Léonore;17
28;F;2016;Maïa;28
34;M;2016;Naïm;34
12;M;2017;Adrian;12
21;F;2017;Clémentine;21
7;M;2017;Laszlo;7
5;F;2017;Perle;5
32;F;2017;Stella;32
9;M;2018;Calixte;9
5;M;2018;Fodé;5
54;M;2019;Lucien;54
45;F;2019;Éléonore;45
5;F;2020;Élisabeth;5
89;M;2021;Timothée;89
43;F;2021;Capucine;43
13;F;2021;Kamila;13
12;M;2021;Elyas;12
9;F;2021;Hiba;9
6;M;2021;Riyad;6
5;F;2021;Djelika;5
5;F;2021;Léah;5
5;M;2019;Adonis;5
5;F;2019;Aylin;5
5;F;2019;Ilina;5
102;M;2020;Samuel;102
6;M;2020;Michel;6
24;M;2006;Bastien;24
6;M;2006;Gautier;6
255;F;2006;Inès;255
5;M;2007;Aloïs;5
5;M;2007;Aviel;5
12;M;2007;Léandre;12
34;M;2007;Robin;34
5;M;2015;Ezio;5
5;F;2015;Léona;5
12;F;2015;Marianne;12
11;F;2015;Morgane;11
7;M;2015;Thierno;7
6;F;2016;Maeva;6
29;M;2016;Matthieu;29
10;F;2016;Mayssane;10
25;M;2016;Yassine;25
35;M;2017;Elie;35
9;M;2017;Kassim;9
15;M;2017;Leonardo;15
6;F;2017;Mélia;6
10;M;2017;Walid;10
66;M;2017;Yanis;66
6;F;2018;Emmanuelle;6
15;F;2018;Lahna;15
23;F;2018;Livia;23
12;F;2018;Nélya;12
35;F;2018;Noémie;35
24;F;2018;Sibylle;24
5;M;2004;Gwendal;5
5;F;2005;Fatimata;5
8;F;2005;Klara;8
5;F;2005;Melina;5
9;M;2005;Wissem;9
29;F;2004;Ines;29
9;M;2004;Salim;9
16;M;2006;Clovis;16
8;M;2006;Willy;8
13;F;2007;Lylia;13
12;M;2008;Ben;12
8;F;2008;Melina;8
7;M;2009;El;7
14;F;2009;Élise;14
13;M;2009;Jordan;13
20;M;2009;Marceau;20
15;F;2010;Emmanuelle;15
17;M;2010;Ilan;17
10;F;2010;Lia;10
8;M;2010;Siméon;8
7;M;2011;Louay;7
6;M;2019;Maé;6
5;M;2019;Damian;5
5;F;2019;Assiyah;5
5;F;2019;Oriane;5
89;F;2020;Ambre;89
44;F;2020;Isaure;44
37;M;2020;Ernest;37
25;M;2020;Roman;25
5;F;2020;Lennie;5
16;M;2021;Eliot;16
63;M;2022;Elio;63
26;F;2022;Awa;26
18;F;2022;Kenza;18
6;M;2022;Yohan;6
15;F;2008;Emy;15
30;M;2008;Léonard;30
13;F;2008;Marwa;13
5;F;2008;Sandrine;5
85;F;2009;Adèle;85
21;M;2009;Georges;21
6;M;2009;Jayson;6
6;F;2009;Klara;6
44;M;2009;Léon;44
15;F;2009;Liora;15
8;M;2010;Allan;8
9;F;2010;June;9
6;F;2010;Ludmila;6
9;F;2010;Sadio;9
8;M;2011;Hayden;8
5;F;2011;Paula;5
21;M;2005;Amir;21
12;M;2005;Elio;12
5;F;2005;Joanna;5
6;M;2005;Malik;6
6;F;2005;Norah;6
43;M;2005;Robin;43
89;F;2005;Victoria;89
23;F;2006;Albane;23
6;F;2004;Nesrine;6
115;F;2022;Olivia;115
11;F;2022;Emilie;11
6;F;2022;Layan;6
5;F;2022;Celine;5
152;M;2023;Gaspard;152
61;F;2023;Ambre;61
32;M;2023;Hamza;32
9;M;2023;Mathys;9
15;F;2022;Pénélope;15
34;F;2020;Stella;34
37;M;2004;Eliot;37
22;F;2004;Laetitia;22
8;F;2004;Line;8
11;F;2004;Milla;11
19;F;2024;Alia;19
13;M;2024;Sam;13
11;F;2024;Axelle;11
12;M;2004;Ange;12
9;F;2004;Djeneba;9
18;M;2004;Thibaut;18
28;M;2005;Henri;28
28;M;2005;Léonard;28
14;M;2005;Younes;14
18;F;2004;Linda;18
7;M;2004;Malick;7
6;M;2012;Alistair;6
5;F;2013;Cloé;5
70;M;2013;Ismaël;70
6;M;2013;Jed;6
5;F;2013;Maëlis;5
41;F;2013;Mélissa;41
8;M;2014;Jonathan;8
133;F;2014;Léa;133
13;M;2014;Oren;13
33;M;2015;Emmanuel;33
25;M;2015;Nils;25
8;M;2022;Julien;8
8;F;2022;Zoe;8
19;F;2023;Aliya;19
7;F;2023;Binta;7
7;F;2023;Éline;7
7;M;2022;Isayah;7
5;F;2022;Massandje;5
95;M;2022;Liam;95
41;M;2022;Naïm;41
23;M;2022;Kamil;23
13;M;2022;Ben;13
7;F;2022;Melina;7
7;F;2019;Zara;7
6;M;2019;Lazar;6
5;F;2019;Nelly;5
5;M;2020;Mohamed-Lamine;5
49;M;2021;Solal;49
40;F;2021;Lisa;40
8;F;2021;Miya;8
7;F;2021;Loïs;7
5;M;2004;Alessio;5
11;M;2004;Ambroise;11
5;F;2004;Celia;5
8;F;2004;Dora;8
9;M;2005;Alone;9
35;F;2005;Elodie;35
8;F;2005;Hanaé;8
25;M;2005;Ilian;25
68;M;2005;Rayane;68
5;F;2004;Marylou;5
14;M;2006;Julian;14
5;M;2006;Renaud;5
8;F;2007;Angélique;8
16;M;2007;Killian;16
36;M;2007;Léonard;36
10;F;2007;Neïla;10
8;F;2007;Toscane;8
5;M;2007;Yassin;5
9;F;2008;Annaëlle;9
6;F;2008;Sharon;6
7;M;2009;Jan;7
6;M;2009;Keziah;6
36;F;2009;Manel;36
10;M;2012;Ari;10
8;M;2012;Joël;8
251;M;2012;Raphaël;251
5;M;2013;Abdelkader;5
10;F;2013;Naïla;10
28;M;2013;Nils;28
22;F;2014;Clarisse;22
5;M;2014;Cyprien;5
5;F;2014;Tanya;5
8;F;2015;Annabelle;8
7;F;2015;Flore;7
8;F;2022;Lital;8
7;M;2022;Bogdan;7
6;F;2022;Luce;6
34;M;2022;Ayoub;34
13;M;2022;Ishaq;13
7;M;2022;Angelo;7
6;M;2022;Aurel;6
5;M;2022;Mahdi;5
5;F;2022;Catherine;5
23;M;2022;Kayden;23
12;M;2022;Fares;12
12;F;2022;Coumba;12
87;F;2024;Nina;87
47;M;2024;Solal;47
31;M;2024;Sohan;31
5;M;2024;Sébastien;5
5;M;2024;Zion;5
18;F;2023;Fanta;18
14;F;2023;Mariama;14
19;M;2022;Roman;19
12;M;2022;Maximilien;12
12;F;2022;Bérénice;12
11;M;2022;Lorenzo;11
5;M;2022;Eliam;5
74;M;2022;Eden;74
27;M;2022;Pio;27
22;M;2022;Darius;22
12;M;2022;Sam;12
12;F;2022;Binta;12
6;F;2022;Angela;6
131;F;2022;Chloé;131
47;F;2022;Aïcha;47
21;F;2022;Lily;21
16;M;2022;Ayan;16
9;F;2022;Fleur;9
5;F;2022;Louane;5
5;F;2022;Tess;5
7;M;2010;Arié;7
32;F;2010;Manel;32
8;F;2011;Emily;8
197;F;2011;Jeanne;197
54;F;2011;Romy;54
43;M;2020;James;43
37;M;2020;Edgar;37
12;F;2020;Maylis;12
42;F;2021;Colette;42
32;F;2021;Noémie;32
7;M;2021;Dali;7
6;F;2021;Éléna;6
5;M;2021;Walid;5
7;F;2006;Emy;7
5;M;2006;Éric;5
79;M;2006;Matthieu;79
44;F;2007;Alicia;44
9;M;2007;Steven;9
19;M;2007;Timéo;19
5;M;2007;Zinedine;5
6;F;2008;Christelle;6
42;M;2008;Hippolyte;42
9;F;2009;Lindsay;9
31;M;2009;Rafael;31
7;M;2010;Aboubakar;7
5;F;2012;Abigaïl;5
6;F;2012;Cléa;6
13;M;2012;Émile;13
5;F;2012;Jinane;5
11;F;2012;Sacha;167
11;F;2013;Adélaïde;11
16;F;2013;Alexia;16
32;M;2022;Matteo;32
26;M;2013;Anton;26
13;M;2022;Livio;13
5;F;2013;Arwen;5
11;F;2022;Aria;11
10;F;2013;Gaïa;10
5;F;2013;Joey;11
30;M;2013;Roman;30
5;M;2014;Eytan;5
12;F;2014;Fanny;12
10;M;2015;Alexander;10
8;F;2015;Audrey;8
5;M;2015;Florent;5
15;M;2015;Gaël;15
5;M;2015;Michael;5
137;F;2015;Sofia;137
33;F;2015;Stella;33
19;M;2016;Iyad;19
10;M;2016;Mahamadou;10
25;M;2012;Marcel;25
39;F;2012;Marion;39
72;F;2012;Sara;72
5;M;2013;Alexander;5
7;F;2013;Alina;7
40;M;2013;Lenny;40
20;F;2013;Lilya;20
7;M;2014;Andreas;7
7;M;2014;Luc;7
39;M;2014;Marcel;39
7;F;2014;Rahma;7
8;F;2014;Soraya;8
89;M;2015;Axel;89
6;M;2015;Léo-Paul;6
6;M;2015;Mohamed-Lamine;6
6;F;2015;Sandra;6
115;F;2016;Adèle;115
7;M;2016;Eli;7
8;F;2016;Grace;8
5;M;2016;Makan;5
24;M;2016;Souleymane;24
7;F;2017;Abigaëlle;7
6;M;2017;Eliakim;6
20;F;2018;Alia;20
31;M;2018;Amine;31
17;F;2018;Diana;17
16;F;2018;Elisabeth;16
33;F;2018;Hawa;33
54;M;2018;Yanis;54
63;M;2019;Milo;63
17;M;2019;Stanislas;17
16;M;2019;Milhan;16
9;M;2019;Idris;9
11;F;2010;Aliya;11
20;M;2010;Aurèle;20
10;M;2010;Jaden;10
5;M;2010;Joan;5
6;M;2010;Marvin;6
5;M;2010;Trystan;5
11;F;2010;Ysée;11
8;F;2011;Christine;8
5;F;2011;Hania;5
6;M;2011;Juan;6
17;M;2011;Julian;17
18;M;2011;Ryan;18
5;M;2019;Safwan;5
87;M;2020;Eliott;87
9;F;2020;Hanaé;9
7;M;2020;Alexander;7
5;M;2020;Aden;5
5;M;2020;Younès;5
20;F;2021;Liya;20
15;F;2021;Gloria;15
8;M;2021;Robinson;8
5;F;2006;Athénaïs;5
6;F;2006;Marjane;6
180;M;2006;Nathan;180
7;F;2006;Patricia;7
6;M;2008;Aloys;6
23;F;2008;Amélie;23
5;F;2008;Aurélia;5
32;M;2008;Grégoire;32
10;M;2008;Mateo;10
5;M;2008;Ricardo;5
9;M;2009;Ilhan;9
22;F;2009;Lana;22
59;M;2009;Mathieu;59
33;M;2004;Anis;33
18;M;2004;Tanguy;18
21;F;2005;Flore;21
7;F;2005;Ilana;7
5;M;2005;Pierre-Louis;5
5;F;2005;Safiatou;5
74;F;2005;Salomé;74
30;M;2005;Virgile;30
55;F;2023;Héloïse;55
51;M;2023;Thomas;51
16;F;2023;Oumou;16
18;F;2022;Anastasia;18
17;M;2022;Elliot;17
8;F;2022;Adama;8
6;F;2022;Matilde;6
31;M;2011;Zakaria;31
15;M;2012;Constantin;15
40;F;2012;Inaya;40
11;M;2012;Jalil;11
6;F;2012;Rivka;6
11;M;2012;Walid;11
42;F;2013;Blanche;42
25;F;2013;Hannah;25
8;F;2013;Johanna;8
53;F;2014;Alma;53
6;M;2014;Ayaan;6
31;M;2014;Corentin;31
9;M;2016;Daouda;9
27;M;2017;Sami;27
43;M;2017;Samy;43
21;M;2018;Alex;21
6;M;2018;Bruno;6
10;F;2018;Kamila;10
7;M;2018;Leonard;7
8;F;2018;Leyna;8
12;M;2018;Mathys;12
133;F;2019;Joséphine;133
24;F;2019;Amina;24
17;F;2019;Elyne;17
7;F;2010;Lou-Anne;7
8;M;2010;Waël;8
126;M;2011;Joseph;126
7;F;2011;Kayna;7
5;F;2011;Naïa;5
5;F;2011;Sihem;5
27;F;2011;Thaïs;27
6;F;2019;Eya;6
6;F;2019;Grace;6
5;F;2019;Marwa;5
44;F;2020;Sasha;44
6;M;2020;Clarence;6
5;F;2021;Gina;5
5;M;2021;Mikaïl;5
31;F;2004;Imane;31
5;M;2004;Nael;5
77;M;2006;Charles;77
12;M;2006;Ludovic;12
5;M;2006;Yan;5
5;F;2006;Yuna;5
9;M;2007;Mahé;9
6;F;2007;Rosa;6
35;M;2008;Elie;35
5;F;2008;Hania;5
29;M;2008;Léopold;29
7;F;2008;Meriem;7
91;F;2008;Rose;91
5;F;2009;Ayana;5
43;M;2009;Camille;43
9;M;2009;Melvin;9
8;F;2004;Soline;8
11;M;2005;Andréas;11
36;F;2005;Mila;36
5;F;2005;Sabine;5
8;F;2005;Tamara;8
20;F;2022;Eléonore;20
11;F;2022;Imany;11
10;F;2022;Simone;10
21;M;2022;Edgar;21
18;M;2022;Adrian;18
15;M;2022;Anton;15
14;F;2022;Norah;14
7;F;2022;Dana;7
17;M;2022;Wassim;17
14;M;2022;Oren;14
13;M;2022;Théophile;13
10;F;2022;Louna;10
45;F;2022;Constance;45
37;F;2022;Albane;37
9;M;2024;Ange;9
68;F;2023;Inaya;68
55;F;2023;Constance;55
11;F;2023;Pauline;11
5;F;2023;Lucile;5
5;F;2022;Dalia;5
9;M;2022;Ayman;9
39;M;2024;David;39
37;M;2024;James;37
30;M;2024;Nino;30
17;M;2024;Swann;17
11;M;2024;Yassine;11
9;F;2024;Marta;9
6;F;2024;Djeneba;6
5;F;2024;Myra;5
17;F;2022;Lilya;17
7;F;2022;Rivka;7
34;F;2023;Livia;34
19;M;2023;Moustapha;19
10;F;2023;Marwa;10
6;M;2023;Lassina;6
5;M;2023;Téo;5
10;F;2022;Abby;10
9;F;2022;Zeynab;9
19;F;2024;Kenza;19
120;F;2024;Sofia;120
64;F;2024;Luna;64
111;F;2023;Iris;111
7;M;2023;John;7
5;M;2023;Hayden;5
5;M;2023;Philippe;5
6;F;2017;Marina;6
7;M;2017;Nelson;7
7;M;2018;Christian;7
25;M;2018;Dylan;25
56;M;2018;Maxence;56
5;F;2018;Rosie;5
6;M;2006;Jérôme;6
23;F;2006;Shana;23
9;M;2006;Tim;9
12;M;2007;Adem;12
126;F;2007;Lina;126
24;F;2007;Mina;24
15;M;2008;Clovis;15
18;F;2008;Dina;18
8;M;2009;Andreas;8
8;F;2009;Elya;8
36;M;2010;Corentin;36
10;M;2010;Imrane;10
8;F;2010;Shanna;8
5;F;2010;Valentina;5
15;M;2011;Sam;15
20;M;2024;Elliot;20
23;M;2004;Youssef;23
14;F;2024;Bella;14
23;F;2005;Andréa;34
5;M;2024;Saphir;5
8;M;2005;Jawad;8
6;M;2005;Marcus;6
5;M;2019;Mohammad;5
5;F;2020;Anissa;5
14;F;2021;Angèle;14
12;F;2021;Halima;12
9;M;2021;Armel;9
26;F;2004;Lana;26
174;F;2004;Manon;174
129;M;2024;Gaspard;129
11;F;2024;Isis;11
5;F;2024;Inna;5
17;F;2024;Anaëlle;17
8;M;2024;Elyas;8
7;F;2024;Keren;7
5;M;2024;Giovanni;5
31;F;2023;Lana;31
24;F;2023;Nelya;24
7;M;2023;Zion;7
21;M;2024;Mahé;21
40;M;2024;Elias;40
12;M;2024;Anis;12
10;M;2006;Lior;10
93;M;2006;Maxence;93
47;M;2006;Samy;47
52;F;2006;Violette;52
21;F;2007;Audrey;21
149;F;2007;Charlotte;149
19;F;2007;Tessa;19
58;M;2008;Aurélien;58
7;M;2008;Nizar;7
37;M;2008;Pablo;37
41;F;2008;Sasha;68
5;F;2008;Shaïnez;5
15;F;2008;Tessa;15
43;M;2009;Ilyes;43
15;F;2009;Laetitia;15
16;F;2009;Rania;16
6;F;2010;Cynthia;6
87;M;2010;Jean;87
5;F;2010;Serine;5
5;F;2011;Asmaa;5
11;F;2011;Aurélie;11
6;M;2011;John;6
7;M;2011;Laurent;7
7;F;2011;Matilde;7
9;M;2011;Nolann;9
5;F;2005;Armelle;5
5;M;2005;Lazare;5
6;F;2005;Loan;13
135;M;2005;Pierre;135
5;F;2005;Rym;5
12;M;2006;Alessandro;12
13;F;2004;Lison;13
15;M;2011;Youssouf;15
6;M;2012;Angelo;6
7;M;2012;Éloi;7
34;M;2012;Mamadou;34
19;M;2012;Timothé;19
10;F;2013;Aliyah;10
10;F;2013;Marianne;10
6;F;2013;Odélia;6
6;F;2013;Orlane;6
9;M;2014;Éloi;9
38;F;2014;Lily;38
87;F;2014;Lou;100
22;F;2014;Maïa;22
39;F;2014;Maryam;39
8;F;2015;Ada;8
9;F;2015;Cléophée;9
258;M;2015;Louis;258
17;F;2015;Mahaut;17
7;M;2015;Maher;7
16;M;2015;Raphael;16
13;M;2015;Rémi;13
8;M;2015;Sebastian;8
5;M;2015;Sébastien;5
71;F;2016;Alma;71
24;F;2016;Emy;24
156;F;2016;Léa;156
14;F;2024;Adélaïde;14
5;M;2024;Léandro;5
8;M;2016;Niels;8
110;F;2016;Sofia;110
7;M;2017;Maximilian;7
120;M;2017;Nathan;120
9;M;2017;Youri;9
6;M;2018;Bradley;6
5;F;2018;Linoy;5
103;M;2019;Aaron;103
136;F;2020;Rose;136
31;F;2020;Élise;31
22;M;2020;Adama;22
18;F;2020;Maxine;18
6;F;2020;Dayana;6
12;F;2021;Mayssa;12
6;F;2021;Camilia;6
13;M;2022;Julian;13
13;F;2022;Leïla;13
6;F;2022;Hania;6
5;F;2022;Noah;5
5;F;2022;Serena;5
46;F;2023;Maryam;46
34;F;2023;Judith;34
12;F;2023;Mira;12
7;M;2023;Lohan;7
7;F;2023;Estelle;7
112;F;2023;Adèle;112
24;F;2023;Dina;24
6;M;2023;Inza;6
10;M;2022;Bakary;10
5;F;2022;Amal;5
39;M;2023;Pablo;39
19;F;2023;Assya;19
10;F;2023;Irène;10
5;F;2023;Kadidja;5
7;M;2023;Oliver;7
6;F;2023;Vittoria;6
5;M;2023;Losseni;5
152;F;2022;Emma;152
39;M;2023;Théodore;39
5;M;2023;Yacouba;5
6;M;2023;Leith;6
154;M;2022;Joseph;154
8;M;2022;Chahine;8
7;M;2022;Michael;7
15;M;2022;Mahé;15
11;F;2022;Miral;11
6;M;2022;Marwan;6
5;M;2022;Maé;5
57;F;2023;Céleste;57
24;F;2023;Naomi;24
8;F;2023;Thalia;8
5;F;2023;Ilyne;5
21;F;2023;Maïmouna;21
16;M;2023;Ruben;16
13;F;2023;Kadiatou;13
11;F;2023;Tali;11
6;F;2023;Abigail;6
5;M;2023;Islem;5
29;F;2022;Jana;29
10;M;2022;Dario;10
18;M;2023;Arsène;18
6;M;2023;Johan;6
5;M;2023;Jayson;5
13;M;2023;Hassan;13
67;M;2024;Mathis;67
61;F;2024;Constance;61
6;M;2024;Hélios;6
5;F;2024;Aleyna;5
10;F;2018;Ashley;10
15;M;2018;Bilal;15
14;M;2018;Dimitri;14
70;F;2018;Fatoumata;70
6;F;2018;Lylia;6
10;F;2018;Marina;10
8;F;2018;Milena;8
69;F;2019;Margot;69
40;M;2019;Mathias;40
18;F;2019;Lison;18
16;F;2010;Jana;16
18;F;2010;Lara;18
6;F;2010;Natalia;6
25;M;2011;Alban;25
9;M;2011;Filip;9
19;F;2020;Aicha;19
5;M;2021;Izaac;5
43;M;2004;Lucien;43
7;F;2004;Maëlie;7
6;M;2006;Charlie;6
5;M;2006;Idris;5
13;F;2006;Irène;13
6;M;2006;Josué;6
6;F;2006;Madina;6
34;M;2006;Marc;34
7;M;2006;Merwan;7
6;M;2006;Younès;6
7;F;2007;Gaïa;7
6;F;2007;Loane;6
30;F;2007;Louna;30
19;F;2007;Manel;19
7;M;2007;Mateo;7
16;F;2008;Brune;16
144;M;2008;Samuel;144
10;F;2008;Solenn;10
230;F;2009;Camille;273
12;M;2009;Killian;12
5;F;2009;Mellina;5
5;M;2009;Samir;5
7;F;2009;Solenn;7
5;M;2004;Carlos;5
274;F;2005;Emma;274
6;M;2005;Foucauld;6
29;F;2005;Roxane;29
11;F;2005;Samantha;11
20;M;2023;Noham;20
11;M;2023;Elon;11
6;F;2023;Rivka;6
8;F;2024;Nadine;8
8;M;2024;Marwan;8
90;F;2024;Lou;90
11;M;2024;Yaya;11
5;F;2018;Cali;5
10;F;2018;Kadiatou;10
37;M;2006;Erwan;37
31;M;2007;Luc;31
34;M;2007;Moussa;34
5;F;2008;Colombine;5
17;M;2008;Johan;17
15;F;2008;Maëva;15
70;F;2009;Elsa;70
15;F;2009;Emmy;15
24;F;2009;Hawa;24
5;F;2009;Imen;5
10;M;2009;Joaquim;10
80;F;2010;Alix;86
6;M;2010;Loïs;6
24;M;2011;Dylan;24
16;M;2004;Gaëtan;16
52;M;2004;Thibault;52
10;M;2005;Angelo;10
7;M;2005;Loan;7
45;M;2005;Pablo;45
21;F;2020;Blanche;21
8;F;2020;Eve;8
5;M;2004;Josselin;5
5;F;2004;Karla;5
16;F;2004;Pia;16
21;M;2022;Aboubacar;21
18;M;2022;Lior;18
8;F;2022;Sacha;8
14;M;2024;Max;14
13;F;2024;Tasnim;13
8;M;2024;Ahmad;8
140;M;2024;Joseph;140
34;F;2024;Garance;34
23;M;2023;Isaiah;23
61;M;2023;Félix;61
5;M;2024;Rayden;5
24;F;2024;Naomi;24
20;F;2022;Jennah;20
6;F;2022;Délia;6
34;M;2022;William;34
17;M;2022;Max;17
8;M;2022;Loann;8
35;M;2012;Amaury;35
67;M;2018;Lucien;67
15;F;2018;Neyla;15
19;M;2019;Ousmane;19
9;F;2019;Rim;9
28;F;2010;Célia;28
17;F;2010;Céline;17
14;F;2010;Hana;14
12;F;2010;Line;12
219;M;2010;Victor;219
15;F;2021;Lahna;15
7;M;2021;Laurent;7
5;M;2021;Eliam;5
8;M;2004;Scott;8
5;F;2004;Sira;5
77;F;2005;Emilie;77
5;F;2006;Alessandra;5
6;F;2023;Camelia;6
175;M;2022;Gaspard;175
56;F;2022;Apolline;56
17;F;2022;Lara;17
8;M;2022;Lou;8
5;M;2024;Fares;5
8;F;2023;Nola;8
64;M;2012;Amine;64
8;M;2012;Arié;8
177;F;2012;Emma;177
9;F;2012;Maïwenn;9
28;M;2012;Nael;28
21;M;2014;Haroun;21
11;F;2014;Isabelle;11
6;F;2015;Linoy;6
5;F;2015;Matilda;5
5;F;2016;Sherine;5
13;M;2017;Alphonse;13
9;F;2023;Arielle;9
18;M;2023;Jonah;18
8;F;2023;Emmy;8
5;M;2023;Tancrède;5
45;M;2022;James;45
8;M;2022;Mory;8
7;F;2022;Charline;7
28;M;2024;Adrien;28
6;M;2024;Ynone;6
5;F;2024;Aura;5
8;M;2024;Eli;8
8;M;2024;Namory;8
6;F;2024;Séréna;6
5;M;2024;Aymeric;5
26;M;2024;Lenny;26
20;M;2024;Bilal;20
16;F;2024;Sixtine;16
15;F;2024;Lyne;15
14;F;2024;Augustine;14
13;F;2024;Paula;13
8;M;2024;Felix;8
7;M;2024;Samba;7
5;F;2010;Alissa;5
10;F;2010;Emily;10
5;M;2010;Nathaël;5
94;F;2010;Noémie;94
8;F;2010;Rébecca;8
53;M;2010;Robin;53
28;F;2010;Selma;28
5;M;2011;Gary;5
7;F;2011;Manelle;7
12;F;2011;Valentina;12
7;F;2019;Aisha;7
6;M;2019;Hussein;6
6;F;2019;Joanne;6
21;M;2020;Gaël;21
12;F;2020;Izia;12
8;M;2020;Albert;8
6;F;2020;Morgane;6
245;M;2021;Louis;245
44;F;2021;Assia;44
25;F;2021;Augustine;25
13;M;2021;Éloi;13
7;M;2021;Hillel;7
6;F;2021;Cléophée;6
6;M;2006;Célian;6
6;F;2006;Imène;6
6;F;2006;Joëlle;6
7;F;2006;Karolina;7
113;M;2006;Pierre;113
246;F;2007;Emma;246
5;F;2007;Hadja;5
18;M;2007;Oumar;18
14;M;2008;Adel;14
8;M;2008;Kyllian;8
89;M;2009;Alexis;89
29;M;2009;Gustave;29
5;F;2009;Héléna;5
19;M;2009;Ilan;19
10;F;2009;Isabelle;10
5;M;2009;Jacob;5
21;F;2009;Prune;21
8;F;2009;Yara;8
14;F;2012;Aliyah;14
82;F;2012;Mila;82
10;F;2013;Athéna;10
75;F;2013;Charlie;112
6;M;2013;Élias;6
6;M;2013;Louison;6
5;M;2013;Oliver;5
11;M;2014;André;11
7;M;2014;Emilien;7
6;M;2014;Skander;6
11;M;2015;Ferdinand;11
5;M;2015;John;5
7;M;2015;Niels;7
6;M;2015;Philémon;6
32;M;2016;James;32
19;M;2016;Kenzo;19
6;M;2016;Lewis;6
13;F;2016;Marguerite;13
10;F;2016;Solveig;10
11;F;2017;Amy;11
74;M;2017;Camille;74
131;F;2017;Charlotte;131
10;F;2017;Joy;10
31;F;2017;Maria;31
12;F;2018;Assa;12
8;F;2018;Ethel;8
37;M;2018;Henri;37
5;M;2018;Jamil;5
24;M;2019;Adem;24
8;M;2019;Aloïs;8
23;M;2004;Edgar;23
43;M;2004;Etienne;43
5;F;2004;Haby;5
14;F;2004;Tania;14
23;M;2004;Théodore;23
13;M;2006;Adrian;13
6;F;2004;Perle;6
20;F;2024;Castille;20
83;M;2023;Antoine;83
44;M;2023;Idriss;44
17;F;2023;Louison;17
14;M;2023;Max;14
11;M;2023;Abdallah;11
10;F;2023;Aysha;10
8;F;2023;Kamila;8
8;F;2023;Sirine;8
7;F;2023;Farah;7
18;M;2024;Samy;18
10;M;2024;Romain;10
8;M;2024;Yazid;8
6;M;2024;Ladji;6
5;M;2024;Mahdi;5
5;F;2012;Habiba;5
120;M;2012;Joseph;120
7;M;2014;Yazid;7
5;F;2015;Émie;5
5;M;2015;Fahd;5
6;F;2015;Rim;6
5;M;2015;Tidiane;5
8;F;2016;Leonor;8
6;M;2016;Terence;6
5;F;2017;Jude;5
66;F;2018;Anaïs;66
24;F;2018;Ellie;24
21;F;2018;Mina;21
5;F;2018;Scarlett;5
16;M;2019;Timothé;16
10;M;2019;Yahya;10
32;M;2010;Ilian;32
6;M;2010;Ron;6
16;F;2010;Sana;16
25;M;2011;Kaïs;25
107;M;2011;Simon;107
31;F;2004;Audrey;31
18;F;2004;Emmanuelle;18
6;M;2004;Henry;6
82;M;2021;Andrea;82
28;M;2021;Soan;28
7;M;2019;Aden;7
7;F;2019;Selena;7
26;F;2020;Sophie;26
6;M;2020;Sixte;6
6;F;2020;Arielle;6
13;M;2006;Loris;13
15;F;2006;Oumou;15
5;M;2006;Ramy;5
9;F;2008;Amy;9
14;F;2009;Elina;14
6;M;2009;Hugues;6
22;M;2009;Léandre;22
10;F;2009;Mayssa;10
59;M;2022;Amir;59
21;M;2022;Jayden;21
16;M;2022;Harry;16
11;F;2022;Amira;11
8;F;2022;Malika;8
6;M;2022;Ilyane;6
6;F;2022;Héléna;6
34;M;2010;Amir;34
11;M;2010;Marwane;11
13;M;2010;Swann;13
7;M;2011;Jaden;7
17;F;2020;Janna;17
10;M;2020;Grégoire;10
7;M;2021;Mael;7
8;M;2006;Andréa;8
7;M;2006;Eli;7
5;F;2006;Ellie;5
5;M;2006;Hassan;5
22;M;2006;Loïc;22
8;F;2006;Solenn;8
10;M;2007;Habib;10
8;F;2007;Hanaé;8
8;F;2007;Loubna;8
6;F;2007;Maélys;6
15;F;2007;Philippine;15
7;F;2007;Shanice;7
9;F;2008;Asma;9
16;F;2008;Colombe;16
6;M;2008;Hubert;6
11;M;2008;Jonas;11
44;F;2008;Salma;44
5;M;2009;Fadi;5
11;M;2009;Lilian;11
29;F;2009;Mia;29
16;M;2009;Olivier;16
10;F;2012;Eya;10
8;F;2012;Marilou;8
14;M;2013;Darius;14
16;M;2013;Ferdinand;16
10;M;2014;Adama;10
12;F;2014;Iliana;12
28;M;2014;James;28
10;F;2014;Meryem;10
37;M;2014;Naïm;37
18;M;2014;Pablo;18
75;F;2014;Valentine;75
9;F;2015;Ashley;9
8;M;2015;Idris;8
49;F;2015;Mariam;49
8;M;2015;Nathanael;8
16;F;2015;Rania;16
19;F;2016;Ariane;19
23;F;2016;Hortense;23
33;F;2016;Nora;33
5;F;2016;Soukaïna;5
5;M;2016;Yusuf;5
5;F;2017;Chaïma;5
20;M;2017;Gaston;20
8;M;2017;Marwan;8
73;M;2017;Maxence;73
13;F;2017;Simone;13
7;M;2017;Tancrède;7
6;M;2018;Kevin;6
29;M;2018;Omar;29
17;F;2018;Salma;17
50;M;2018;Vadim;50
11;M;2018;Yann;11
20;F;2019;Diana;20
10;M;2019;Haron;10
5;M;2004;Chad;5
6;F;2004;Daria;6
11;F;2004;Diana;11
7;M;2004;Fabrice;7
11;F;2005;Béatrice;11
13;M;2005;Elliot;13
14;M;2005;Fabien;14
7;F;2005;Flavia;7
40;M;2005;Loïc;40
21;F;2005;Selma;21
8;F;2006;Adeline;8
196;F;2004;Léa;196
9;M;2004;Michaël;9
13;F;2004;Sabrine;13
29;M;2022;Ismael;29
11;F;2022;Naïla;11
29;F;2023;Sophie;29
6;M;2023;Lewis;6
17;M;2022;Malick;17
12;M;2022;Viggo;12
5;F;2022;Uma;5
133;F;2022;Gabrielle;133
115;F;2022;Iris;115
86;F;2022;Ella;86
58;M;2022;Malo;58
34;F;2022;Élise;34
7;M;2022;Elouan;7
6;F;2022;Lea;6
8;F;2022;Élisa;8
6;F;2022;Alima;6
10;F;2023;Evy;10
5;M;2023;Doron;5
21;F;2022;Jenna;21
13;F;2022;Line;13
8;M;2022;Matias;8
5;M;2022;Camilo;5
65;M;2023;Ethan;65
20;F;2023;Diana;20
13;M;2023;Louison;13
13;F;2023;Naïla;13
6;M;2023;Alphonse;6
199;M;2022;Arthur;199
341;M;2012;Adam;341
73;F;2012;Elisa;73
42;M;2012;Lenny;42
44;F;2012;Mariam;44
18;F;2012;Mina;18
17;F;2013;Rebecca;17
14;F;2013;Tal;14
27;F;2014;Livia;27
21;M;2015;Diego;21
19;F;2015;Dina;19
131;M;2015;Ethan;131
143;F;2015;Léa;143
28;M;2015;Marc;28
7;M;2015;Nikola;7
7;M;2016;Alpha;7
44;M;2016;Arsène;44
7;M;2016;Filip;7
6;M;2016;Mouhamadou;6
138;M;2017;Antoine;138
108;M;2017;Ethan;108
57;F;2017;Inaya;57
13;M;2017;Lorenzo;13
5;M;2017;Mael;5
5;M;2018;Lounes;5
17;M;2018;Swann;17
36;M;2019;Jacques;36
21;F;2019;Ellie;21
10;F;2019;Daria;10
6;M;2019;Yaël;6
102;F;2020;Sofia;102
66;F;2020;Camille;66
29;M;2020;Younes;29
49;M;2021;Léopold;49
13;F;2021;Célestine;13
9;M;2021;Alexander;9
10;F;2006;Mayssa;10
8;F;2006;Mélody;8
7;M;2007;Angel;7
12;M;2007;Ewen;12
10;M;2008;Louka;10
5;M;2009;Hayden;5
14;M;2009;Tony;14
6;M;2005;Brieuc;6
8;F;2005;Kiara;8
50;M;2022;Hector;50
27;M;2022;Gaël;27
9;F;2022;Mayssa;9
223;M;2022;Louis;223
13;F;2022;Izïa;13
12;M;2022;Yazid;12
9;M;2022;Anthony;9
18;F;2022;Maïa;18
7;F;2022;Elly;7
30;F;2024;Talia;30
20;M;2024;Jude;20
18;F;2024;Laya;18
5;F;2024;Dania;5
20;M;2013;Eloi;20
13;M;2013;Marwan;13
42;M;2014;Ahmed;42
5;M;2014;Giovanni;5
7;F;2014;Perla;7
8;M;2014;Warren;8
74;F;2015;Clara;74
8;F;2015;Ida;8
8;M;2015;Karim;8
9;F;2015;Naïma;9
9;F;2015;Tania;9
7;M;2016;Boris;7
6;M;2016;Carl;6
16;M;2016;Leonardo;16
50;M;2016;Marceau;50
7;M;2016;Thiago;7
11;M;2017;Jassim;11
9;F;2017;Malia;9
13;F;2017;Mariama;13
7;M;2017;Serigne;7
19;M;2018;Jacob;19
18;M;2018;Lino;18
5;F;2018;Séléna;5
142;F;2019;Anna;142
77;F;2019;Charlie;77
5;M;2006;Cyriaque;5
9;M;2006;Darius;9
23;F;2006;Léonie;23
69;F;2007;Apolline;69
26;M;2007;Ilan;26
5;F;2007;Iliana;5
5;F;2007;Irina;5
48;M;2007;Solal;48
7;M;2008;Alix;7
49;M;2008;Corentin;49
9;M;2008;Guilhem;9
5;M;2009;Brieuc;5
26;M;2009;Kevin;26
5;F;2009;Noha;5
5;M;2009;Oliver;5
5;F;2010;Armance;5
5;M;2010;Eytan;5
10;F;2010;Hajar;10
19;F;2010;Imane;19
22;F;2011;Fanta;22
6;M;2011;Hillel;6
6;M;2011;Patrick;6
19;F;2021;Emy;19
16;F;2021;Ania;16
7;F;2021;Romie;7
7;M;2021;Marlon;7
5;M;2021;Bosco;5
5;M;2019;Lancelot;5
10;M;2020;Lassana;10
15;F;2022;Yaël;15
10;F;2022;Tal;10
8;M;2022;George;8
7;M;2022;Leyth;7
7;F;2022;Lili;7
5;M;2022;Nil;5
32;F;2022;Maïmouna;32
18;M;2022;Adel;18
11;M;2022;Loan;11
7;F;2022;Ayna;7
6;M;2022;Arlo;6
9;F;2024;Ida;9
16;F;2022;Flore;16
42;F;2024;Raphaëlle;42
15;F;2024;Aïda;15
6;M;2024;Racim;6
59;M;2013;Antonin;59
7;M;2013;Armel;7
8;M;2013;Eugène;8
13;M;2013;Ilyan;13
23;F;2013;Lana;23
12;F;2013;Lya;12
10;F;2013;Melissa;10
7;M;2013;Menahem;7
48;M;2015;Kaïs;48
11;M;2016;Viktor;11
9;F;2017;Marion;9
32;F;2017;Thelma;32
10;F;2018;Aimée;10
5;M;2018;Anir;5
29;F;2019;Faustine;29
16;F;2019;Dania;16
12;M;2019;Sekou;12
42;F;2006;Eden;49
8;M;2007;Abdelkader;8
7;F;2007;Carmen;7
5;M;2007;Néo;5
23;F;2008;Astrid;23
37;M;2009;Matteo;37
8;M;2009;Wandrille;8
8;F;2004;Félicie;8
13;M;2005;Georges;13
6;F;2005;Lynn;6
5;F;2010;Maja;5
6;M;2011;Alexander;6
5;F;2011;Juliana;5
19;M;2021;Romain;19
7;F;2021;Selena;7
6;M;2021;Tyler;6
62;F;2020;Lucie;62
34;M;2020;Aurèle;34
11;F;2020;Isis;11
26;F;2024;Manon;26
6;M;2024;Isidore;6
5;F;2024;Alexia;5
30;F;2006;Imane;30
43;M;2006;Rafael;43
6;M;2008;Zack;6
5;F;2009;Athénaïs;5
15;M;2009;Ernest;15
6;M;2009;Oren;6
56;M;2010;Nicolas;56
7;M;2011;Fadi;7
10;F;2011;Gabriella;10
9;F;2011;Sabrina;9
6;F;2004;Doriane;6
25;F;2005;Salma;25
71;M;2004;Jean;71
18;F;2004;Maeva;18
242;M;2012;Paul;242
11;F;2013;Daria;11
6;F;2013;Gaia;6
10;F;2013;Lily-Rose;10
5;F;2013;Yaëlle;5
13;M;2014;Camil;13
44;F;2014;Lana;44
8;F;2015;Georgia;8
6;F;2015;Kelya;6
6;F;2016;Abigaïl;6
10;M;2016;Jérémy;10
20;M;2023;Iyad;20
7;M;2023;Ales;7
7;F;2023;Mara;7
103;F;2024;Charlotte;103
47;F;2024;Ariane;47
26;M;2024;Ilyes;26
5;M;2024;Barthélémy;5
50;F;2024;Apolline;50
13;M;2024;Zacharie;13
11;F;2024;Jana;11
210;F;2022;Louise;210
78;M;2022;Ethan;78
19;M;2022;Elijah;19
9;F;2022;Aleyna;9
7;F;2022;Haya;7
9;M;2018;Timothé;9
77;M;2019;Timothée;77
20;F;2019;June;20
13;F;2019;Amalia;13
7;M;2010;Éric;7
5;F;2011;Cerise;5
8;F;2011;Daria;8
6;F;2011;Darine;6
10;M;2011;Elyas;10
6;F;2011;Fatouma;6
18;M;2011;Justin;18
65;M;2020;Ilyan;65
27;F;2020;Maïa;27
5;F;2020;Camelia;5
41;F;2021;Thaïs;41
16;F;2021;Joy;16
14;F;2021;Ninon;14
8;F;2021;Amelia;8
8;F;2021;Bertille;8
7;F;2021;Mélanie;7
6;M;2021;Asher;6
20;M;2004;Philippe;20
5;F;2006;Antoinette;5
8;F;2006;Barbara;8
11;F;2006;Eléna;11
69;F;2006;Elsa;69
112;M;2006;Gaspard;112
8;F;2006;Mahault;8
7;F;2006;Odélia;7
9;M;2007;Filip;9
9;F;2007;Lya;9
12;F;2007;Maïlys;12
28;M;2022;Elie;28
15;M;2007;Rémy;15
20;M;2022;Lazare;20
137;F;2007;Zoé;137
9;F;2008;Cloé;9
9;M;2008;Evann;9
45;M;2009;Mehdi;45
74;M;2009;Tom;74
32;F;2004;Aya;32
9;F;2004;Bettina;9
8;M;2004;Boubacar;8
5;M;2005;Adame;5
154;F;2006;Anaïs;154
9;F;2022;Olympia;9
6;M;2021;Joaquim;6
5;M;2005;Archibald;5
12;M;2005;Eugène;12
16;F;2005;Nathalie;16
23;M;2020;Loup;23
14;F;2004;Iman;14
10;F;2004;Jennifer;10
10;F;2004;Nathalie;10
11;M;2004;Samba;11
8;F;2019;Théodora;8
9;M;2020;Archibald;9
8;M;2020;Arié;8
5;F;2020;Beatrice;5
28;F;2021;Ariane;28
8;F;2021;Israa;8
6;M;2012;Fabio;6
34;M;2012;Lorenzo;34
8;M;2012;Nadir;8
5;F;2012;Tina;5
15;M;2012;Virgile;15
9;F;2013;Éva;9
22;F;2013;Lison;22
6;M;2013;Wilson;6
8;M;2014;Giacomo;8
8;M;2015;Juan;8
10;F;2015;Ysée;10
118;M;2016;Martin;118
5;F;2017;Ritaj;5
52;F;2018;Aïcha;52
8;M;2018;Etienne;8
14;M;2018;Ivan;14
13;F;2018;Razane;13
135;M;2019;Sacha;135
24;M;2019;Youssouf;24
10;F;2019;Aïsha;10
12;M;2006;Michaël;12
13;F;2006;Quitterie;13
95;M;2007;Augustin;95
6;F;2008;Adama;16
15;M;2008;Issa;15
88;M;2008;Quentin;88
7;F;2008;Wiktoria;7
5;M;2009;Ayden;5
207;M;2009;Victor;207
7;M;2010;Abdou;7
10;F;2010;Bertille;10
13;F;2010;Domitille;13
13;F;2010;Lydia;13
7;F;2010;Nicole;7
6;F;2010;Yona;6
21;M;2011;Mathys;21
12;M;2005;Karim;12
6;M;2005;Matthew;6
18;M;2005;Thibaut;18
6;F;2005;Tiffany;6
23;M;2005;Wassim;23
11;M;2006;Aboubacar;11
7;F;2018;Klara;7
49;M;2018;Théodore;49
40;F;2019;Isaure;40
17;F;2019;Imany;17
9;F;2019;Alina;9
5;F;2019;Vanessa;5
5;M;2020;Éli;5
6;F;2021;Marina;6
28;F;2022;Ayla;28
5;F;2022;Amélie;5
5;F;2022;Caroline;5
15;M;2012;Alfred;15
13;F;2012;Gabriela;13
9;F;2012;Tasnim;9
31;F;2013;Éléonore;31
20;M;2013;Eliot;20
10;M;2013;Émile;10
15;F;2013;Mahaut;15
90;F;2013;Mila;90
8;F;2014;Aline;8
6;M;2014;Angelo;6
5;F;2014;Olive;5
59;M;2015;Gustave;59
5;M;2015;Jude;5
68;F;2015;Mia;68
40;M;2015;Nicolas;40
5;M;2015;Nikita;5
5;F;2015;Perle;5
12;F;2016;Aïda;12
12;F;2016;Eloïse;12
11;M;2016;Melchior;11
21;F;2016;Tessa;21
170;F;2017;Anna;170
38;F;2017;Assia;38
11;F;2012;Gaïa;11
6;M;2012;Killian;6
5;F;2012;Toscane;5
9;M;2013;Anthony;9
9;M;2013;Emir;9
8;F;2013;Mayar;8
16;F;2014;Amélia;16
6;F;2014;Eléna;6
35;F;2018;Eden;97
18;M;2018;Ryan;18
54;M;2018;Solal;54
41;F;2004;Lucile;41
11;F;2006;Emmanuelle;11
9;F;2008;Linoï;9
27;M;2008;Sasha;27
14;F;2009;Malia;14
6;F;2009;Sélène;6
8;M;2008;Émile;8
8;M;2008;Riyad;8
144;F;2009;Lina;144
29;F;2009;Raphaëlle;29
13;M;2010;Elyes;13
81;F;2010;Lisa;81
13;F;2010;Maylis;13
55;F;2010;Olivia;55
7;M;2010;Prince;7
86;F;2011;Ava;86
99;F;2011;Clara;99
5;F;2011;Kayla;5
7;F;2011;Lauren;7
7;F;2011;Léana;7
33;M;2011;Luca;33
56;M;2004;Grégoire;56
17;M;2005;Issa;17
25;M;2005;Matthias;25
22;M;2005;Sébastien;22
6;F;2004;Imène;6
39;M;2004;Léonard;39
21;F;2004;Oriane;21
124;M;2004;Sacha;124
7;F;2017;Dania;7
37;F;2017;Éléonore;37
154;M;2017;Gaspard;154
5;F;2017;Ramata;5
43;M;2018;Arsène;43
11;F;2018;Clotilde;11
12;F;2018;Eline;12
9;F;2018;Maylis;9
19;F;2019;Maïmouna;19
5;F;2007;Chaima;5
5;M;2007;Élias;5
8;F;2007;Luce;8
15;F;2007;Paola;15
9;M;2007;Youcef;9
40;M;2008;Hector;40
241;F;2008;Sarah;241
10;F;2008;Théa;10
20;M;2009;Henri;20
14;M;2009;Ismael;14
7;F;2009;Laëtitia;7
11;M;2009;Leo;11
5;M;2009;Lewis;5
8;F;2009;Lucille;8
22;M;2009;Marin;22
22;F;2009;Vanessa;22
9;F;2011;Alycia;9
6;F;2011;Amanda;6
39;F;2011;Aminata;39
5;F;2011;Lilie;5
6;F;2011;Lyana;6
14;F;2011;Melissa;14
23;M;2004;César;23
8;F;2004;Christina;8
45;M;2004;Côme;45
34;M;2004;Solal;34
8;M;2005;Gianni;8
5;M;2005;Hakim;5
13;M;2005;Ivan;13
15;F;2005;Kelly;15
15;F;2005;Mona;15
7;M;2005;Théophane;7
7;F;2019;Tania;7
16;F;2020;Gloria;16
13;F;2020;Justine;13
7;M;2020;Nelson;7
7;F;2020;Avital;7
102;F;2021;Victoire;102
14;F;2021;Djeneba;14
5;M;2021;Cherif;5
10;M;2004;Mathurin;10
14;M;2012;Albert;14
8;F;2012;Keren;8
100;F;2012;Nina;100
20;F;2012;Philippine;20
5;M;2012;Thiago;5
12;F;2013;Cécile;12
16;F;2013;Imane;16
24;F;2013;Maria;24
5;M;2014;Justin;5
6;F;2014;Maé;6
106;M;2014;Nathan;106
5;F;2014;Rym;5
19;F;2015;Ellie;19
36;F;2016;Bérénice;36
5;F;2016;Bertille;5
22;F;2016;Castille;22
8;M;2016;Clovis;8
6;F;2016;Eve;6
21;M;2016;Hippolyte;21
6;M;2016;Jessim;6
10;M;2016;Jude;10
8;F;2016;Razane;8
8;F;2016;Safa;8
6;M;2016;Silas;6
19;M;2017;Aboubacar;19
8;M;2017;Antonio;8
56;M;2017;David;56
16;M;2017;Ilan;16
5;M;2017;Kalilou;5
25;F;2017;Lena;25
122;M;2017;Liam;122
10;F;2017;Melody;10
24;F;2017;Océane;24
12;F;2017;Prune;12
6;F;2018;Béatrice;6
30;M;2018;Souleymane;30
21;F;2019;Léonore;21
17;F;2019;Sixtine;17
11;M;2019;Naïl;11
11;F;2006;Eline;11
31;M;2006;Hadrien;31
21;F;2006;Kelly;21
8;F;2007;Christine;8
6;F;2007;Eleanor;6
120;F;2007;Manon;120
117;M;2008;Adrien;117
5;M;2008;Hédi;5
10;F;2008;Lison;10
5;M;2008;Mahdi;5
17;M;2008;Tony;17
24;F;2009;Fanta;24
350;M;2009;Gabriel;350
86;M;2009;Théo;86
8;M;2010;Israël;8
12;M;2010;Soren;12
23;F;2011;Bintou;23
23;F;2011;Charline;23
8;F;2011;Laetitia;8
9;M;2011;Marvin;9
51;F;2021;Madeleine;51
21;M;2021;Diego;21
11;M;2021;Anton;11
11;M;2021;Ayan;11
7;M;2021;Michael;7
5;M;2019;Abraham;5
35;F;2020;Lise;35
51;F;2023;Éléonore;51
6;M;2023;Dorian;6
6;F;2023;Sakina;6
227;M;2004;Victor;227
15;M;2005;Mohammed;15
5;F;2005;Victorine;5
44;F;2004;Mariam;44
10;M;2004;Neil;10
23;M;2004;Hamza;23
5;M;2004;Tomas;5
70;F;2004;Victoire;70
15;F;2005;Angélique;15
58;M;2005;Grégoire;58
41;M;2005;Mamadou;41
8;F;2005;Ophélie;8
159;M;2006;Adrien;159
10;M;2004;Richard;10
5;F;2004;Samia;5
23;M;2012;Pablo;23
11;F;2013;Fanny;11
10;M;2013;Leandro;10
5;F;2013;Yosra;5
7;F;2013;Yousra;7
20;F;2014;Aurore;20
6;F;2014;Yuna;6
5;F;2015;Amani;5
11;F;2015;Léana;11
24;M;2016;Ambroise;24
14;M;2016;Eliot;14
10;M;2016;Farès;10
169;M;2006;Enzo;169
5;M;2006;Jean-Luc;5
6;F;2006;Tamara;6
9;F;2007;Celia;9
14;M;2007;Gauthier;14
6;F;2007;Lévana;6
10;M;2008;Adama;10
9;M;2008;Alon;9
6;F;2008;Kathleen;6
7;F;2009;Adélie;7
7;M;2009;Aristide;7
12;F;2009;Assa;12
11;M;2009;Felix;11
24;M;2009;Rémi;24
13;M;2010;Ilyès;13
7;M;2010;Joaquim;7
17;F;2010;Marianne;17
10;F;2010;Melina;10
5;M;2010;Michaël;5
6;F;2011;Blessing;6
43;F;2011;Ines;43
6;M;2011;Josh;6
10;M;2011;Nikita;10
19;M;2011;Raphael;19
7;M;2011;Tomas;7
7;F;2004;Eulalie;7
12;F;2005;Coumba;12
5;M;2005;El;5
5;F;2005;Elissa;5
12;F;2005;Ombeline;12
113;M;2021;Samuel;113
25;F;2021;Eden;25
7;M;2019;Ilyès;7
5;F;2019;Milla;5
52;M;2020;Moussa;52
14;F;2020;Irène;14
9;F;2020;Tal;9
8;F;2020;Ayana;8
7;M;2020;Thiago;7
28;F;2004;Lara;28
39;F;2004;Luna;39
34;F;2012;Daphné;34
43;M;2012;Elie;43
19;M;2012;Léandre;19
9;M;2012;Manuel;9
23;F;2012;Salma;23
8;M;2012;Tao;8
112;F;2012;Zoé;112
21;F;2013;Asma;21
6;F;2013;Dalia;6
6;F;2013;Maé;12
5;M;2013;Michel;5
7;F;2013;Thalia;7
5;F;2014;Erin;5
31;F;2014;Océane;31
6;M;2014;Paolo;6
102;F;2014;Victoria;102
9;F;2015;Yousra;9
7;M;2016;Aloys;7
17;M;2016;Etienne;17
21;M;2016;Ilan;21
7;M;2016;Isaïah;7
8;M;2016;Josh;8
30;M;2016;Pablo;30
14;F;2017;Castille;14
44;M;2017;Daniel;44
14;F;2017;Eve;14
17;M;2017;Ferdinand;17
5;M;2017;Josh;5
14;M;2017;Oumar;14
63;M;2017;Youssef;63
11;M;2018;Alan;11
20;F;2018;Anaëlle;20
5;F;2018;Ayleen;5
61;F;2018;Clara;61
8;F;2018;Dahlia;8
6;F;2018;Luz;6
7;M;2018;Romeo;7
34;F;2018;Sophie;34
9;F;2018;Tasnim;9
8;F;2018;Zita;8
38;M;2019;Kylian;38
25;F;2019;Andréa;25
13;F;2019;Mariame;13
12;F;2019;Sidra;12
72;M;2024;Octave;72
13;M;2024;Philippe;13
9;F;2024;Célestine;9
9;F;2024;Zeynab;9
9;M;2024;Haron;9
83;F;2024;Victoire;83
15;F;2024;Lola;15
9;M;2024;Gianni;9
7;F;2024;Tali;7
7;M;2024;Roch;7
6;M;2024;François;6
5;F;2024;Camelia;5
5;M;2024;Johan;5
7;F;2019;Aaliyah;7
6;M;2019;Hédi;6
5;M;2019;Skander;5
24;F;2020;Cléo;24
18;M;2020;Adel;18
17;M;2020;Isaiah;17
15;M;2020;Hayden;15
10;F;2020;Colombe;10
9;F;2020;Lucia;9
8;F;2020;Leyla;8
6;F;2020;Gina;6
5;F;2020;Hanae;5
9;F;2021;Lucile;9
7;F;2021;Cali;7
6;M;2021;Karl;6
6;M;2021;Yaël;6
5;M;2004;Zinedine;5
29;F;2005;Axelle;29
6;M;2005;Célian;6
6;M;2005;Enguerrand;6
16;M;2005;Gauthier;16
88;M;2005;Quentin;88
28;F;2005;Sabrina;28
119;F;2004;Julie;119
237;M;2004;Louis;237
11;F;2004;Nell;11
9;F;2004;Rim;9
9;M;2006;Jack;9
37;F;2006;Kenza;37
7;M;2006;Nikola;7
15;F;2007;Cassandre;15
35;M;2007;Ilyes;35
5;M;2007;Ralph;5
9;F;2007;Sira;9
5;F;2008;Isra;5
5;F;2008;Rébecca;5
5;M;2008;Riad;5
11;M;2009;Kamil;11
36;M;2011;Vincent;36
11;F;2011;Zahra;11
78;M;2012;Ismaël;78
10;M;2012;Michaël;10
6;F;2012;Shaïma;6
7;M;2012;Wissem;7
6;F;2013;Andrea;44
6;F;2016;Gaëlle;6
5;F;2016;Mariem;5
5;M;2016;Mouhammad;5
8;F;2016;Yara;8
5;M;2017;Alassane;5
98;F;2017;Apolline;98
8;F;2017;Lital;8
16;M;2017;Nahel;16
6;M;2017;Oskar;6
73;M;2017;Valentin;73
12;M;2018;Adama;12
10;F;2019;Miya;10
9;F;2010;Amélia;9
22;F;2010;Anaëlle;22
17;F;2010;Audrey;17
6;M;2010;Fabien;6
26;F;2011;Livia;26
7;M;2011;Malick;7
36;F;2022;Alicia;36
28;M;2022;Hamza;28
27;M;2022;Haroun;27
23;M;2022;Noa;23
7;M;2022;Abraham;7
5;M;2022;Asher;5
5;F;2022;Nadine;5
22;M;2024;Noa;22
8;F;2024;Estelle;8
6;F;2024;Celia;6
5;F;2024;Perla;5
77;M;2022;Auguste;77
15;F;2022;Amy;15
6;F;2019;Evy;6
13;M;2020;Timothé;13
10;F;2020;Gisèle;10
9;F;2020;Emily;9
30;F;2004;Maud;30
7;M;2004;Paul-Antoine;7
10;F;2006;Assa;10
7;M;2006;Bilel;7
6;M;2006;Ewan;6
10;M;2006;Fares;10
17;F;2007;Cléa;17
9;F;2007;Emily;9
16;M;2007;James;16
9;M;2007;Lior;9
22;M;2008;Andrea;22
40;M;2008;Camille;40
78;F;2008;Capucine;78
6;M;2008;Kenzy;6
9;M;2023;Théophile;9
5;F;2023;Talya;5
86;F;2013;Clémence;86
41;M;2013;Gustave;41
51;F;2013;Inaya;51
5;F;2014;Naelle;5
24;F;2015;Assya;24
25;F;2016;June;25
7;M;2016;Waël;7
7;M;2017;Amara;7
22;F;2017;Jenna;22
8;M;2017;Lior;8
19;M;2018;Aboubacar;19
8;F;2018;Isée;8
24;F;2018;Rachel;24
9;F;2018;Rokia;9
10;M;2019;Olivier;10
43;F;2006;Marion;43
6;F;2008;Éloïse;6
9;F;2008;Sana;9
5;F;2011;Camila;5
5;F;2020;Ramata;5
7;M;2020;Jessim;7
7;F;2020;Maeva;7
38;F;2022;Hannah;38
19;F;2022;Aicha;19
64;M;2022;Georges;64
10;M;2022;Romain;10
5;F;2022;France;5
13;M;2012;Andy;13
29;F;2012;Clarisse;29
14;M;2013;Chris;14
15;F;2014;Angèle;15
11;M;2014;Kenzo;11
18;F;2014;Lilya;18
10;M;2014;Soan;10
31;M;2015;Aylan;31
16;M;2015;Guillaume;16
5;F;2015;Jenny;5
8;M;2015;Oren;8
6;F;2015;Talya;6
42;F;2016;Maria;42
57;M;2016;Robin;57
25;M;2016;Yacine;25
26;M;2016;Zacharie;26
8;F;2017;Ania;8
6;M;2017;Célian;6
6;F;2017;Klara;6
6;M;2018;Zakariya;6
10;F;2022;Sibylle;10
5;F;2022;Marie-Lou;5
12;M;2023;Darius;12
10;F;2023;Isabelle;10
9;F;2023;Amaya;9
40;M;2024;Anas;40
20;M;2024;Kamil;20
9;F;2024;Alexie;9
12;F;2019;Soumaya;12
5;M;2006;Vassili;5
5;M;2007;Lirone;5
22;M;2007;Nathanaël;22
59;M;2007;Tristan;59
45;M;2007;Ulysse;45
25;F;2008;Eléa;25
175;F;2008;Jeanne;175
5;M;2009;Nahil;5
9;F;2010;Amy;9
13;M;2010;Elouan;13
142;F;2010;Jade;142
9;M;2010;Riyad;9
66;F;2010;Sofia;66
6;F;2011;Élodie;6
5;F;2011;Natacha;5
300;M;2011;Raphaël;300
8;F;2011;Tiffany;8
34;M;2004;Daniel;34
6;M;2019;Ayman;6
6;M;2019;Seydina;6
22;F;2020;Chiara;22
15;F;2020;Émilie;15
12;M;2020;Aloïs;12
6;F;2020;Astrée;6
5;M;2004;Tommy;5
5;F;2005;Adélie;5
5;M;2005;Alfred;5
5;F;2005;Barbara;5
7;M;2005;Fabio;7
5;M;2020;Yunus;5
42;F;2021;Nora;42
29;F;2021;Aliénor;29
21;F;2021;Laura;21
16;M;2021;Esteban;16
6;M;2021;Abdallah;6
38;M;2004;Mathéo;38
32;F;2023;Talia;32
8;F;2023;Noée;8
6;M;2023;Qayim;6
14;F;2022;Gisèle;14
8;F;2022;Kady;8
48;F;2004;Anouk;48
50;M;2004;Stanislas;50
6;F;2005;Houda;6
6;M;2005;Hubert;6
16;F;2005;Sidonie;16
69;M;2005;Tristan;69
13;M;2004;Rémy;13
12;M;2012;Fares;12
6;F;2012;Taïna;6
5;F;2013;Hatouma;5
7;M;2013;Oren;7
23;M;2013;Rayane;23
5;M;2013;Yazid;5
6;M;2013;Yohann;6
5;F;2014;Lyne;5
57;M;2014;Ulysse;57
21;M;2014;Youcef;21
18;M;2015;Balthazar;18
34;F;2015;Hortense;34
7;F;2016;Cécilia;7
74;M;2016;Côme;74
35;F;2016;Naomi;35
9;F;2017;Avril;9
5;F;2017;Cyrine;5
33;F;2017;Ines;33
8;F;2017;Paula;8
7;M;2017;Tyler;7
9;M;2022;Jude;9
5;F;2022;Tina;5
5;F;2021;Naïa;5
5;M;2021;Anass;5
8;M;2005;Kamil;8
50;F;2005;Noa;79
11;M;2005;Sabri;11
22;F;2020;Adélaïde;22
11;M;2020;Calixte;11
9;F;2020;May;9
16;F;2004;Marianne;16
6;M;2004;Abdellah;6
5;M;2004;Bakary;5
11;F;2004;Christelle;11
57;F;2023;Giulia;57
13;M;2024;Adem;13
8;F;2024;Aline;8
5;M;2024;Bosco;5
12;M;2024;Louison;12
8;F;2006;Nada;8
10;M;2008;Eytan;10
9;F;2009;Aline;9
18;M;2009;Justin;18
5;F;2009;Leïna;5
7;M;2009;Marouane;7
5;M;2010;Yvan;5
5;M;2004;Diaby;5
5;F;2004;Sandy;5
10;F;2005;Johanna;10
9;F;2005;Lilya;9
19;M;2005;Mickaël;19
11;F;2012;Aaliyah;11
9;F;2012;Nelly;9
6;F;2012;Safa;6
9;F;2013;Séléna;9
23;M;2014;Constantin;23
15;M;2014;Elio;15
6;F;2015;Djeneba;6
5;M;2015;Felix;5
5;F;2015;Fiona;5
21;F;2015;Louna;21
24;F;2016;Emmy;24
6;M;2016;Salif;6
8;F;2017;Annabelle;8
37;F;2017;Daphné;37
26;F;2017;Eléonore;26
56;F;2017;Garance;56
11;F;2018;Johanna;11
19;F;2015;Laure;19
34;F;2016;Selma;34
19;M;2016;Wael;19
9;F;2018;Ivy;9
6;M;2018;Marwan;6
24;F;2019;Mahaut;24
13;F;2004;Zélie;13
9;M;2007;Boris;9
47;M;2007;Noam;47
43;M;2008;Lorenzo;43
41;M;2008;Théodore;41
7;F;2009;Shérine;7
33;M;2011;Abel;33
39;F;2011;Céleste;39
9;F;2011;Mahault;9
6;F;2019;Joyce;6
7;M;2020;Eliakim;7
7;F;2012;Lou-Ann;7
91;F;2012;Marie;91
16;M;2013;Wael;16
9;M;2014;Alessandro;9
8;M;2014;Aristide;8
49;F;2014;Ella;49
15;M;2014;Idris;15
5;F;2014;Leila;5
101;M;2014;Léon;101
12;F;2014;Marilou;12
8;F;2014;Melina;8
35;F;2014;Myriam;35
64;M;2015;Elias;64
13;M;2015;Elliott;13
6;M;2015;Joud;6
5;M;2015;Khalifa;5
14;F;2015;Lucile;14
59;M;2015;William;59
20;F;2016;Colette;20
116;M;2016;Nathan;116
42;M;2016;Nicolas;42
18;F;2017;Colombe;18
25;F;2017;Fanta;25
33;F;2017;Manel;33
7;F;2017;Yousra;7
6;F;2017;Zeynab;6
50;M;2018;Andrea;50
49;F;2018;Assia;49
7;F;2018;Lalya;7
10;F;2018;Luce;10
6;F;2018;Marilou;6
110;M;2006;Benjamin;110
8;M;2006;Brieuc;8
8;M;2006;Eytan;8
5;F;2006;Ilyana;5
6;F;2006;Lindsay;6
10;F;2007;Anastasia;10
11;M;2007;Angelo;11
12;F;2007;Fanta;12
17;F;2007;Naomi;17
29;M;2007;Nils;29
57;M;2007;Ruben;57
16;F;2008;Andréa;25
267;M;2008;Arthur;267
7;F;2008;Marthe;7
8;F;2008;Maureen;8
8;M;2008;Ryad;8
5;F;2008;Soumaya;5
36;M;2008;Thibault;36
11;M;2009;Abdallah;11
11;F;2009;Abigaël;11
5;M;2009;Joakim;5
33;F;2009;Lucile;33
84;M;2009;Valentin;84
6;F;2010;Gaïa;6
208;F;2010;Inès;208
27;M;2010;Kevin;27
35;M;2010;Milo;35
6;F;2011;Ela;6
5;F;2011;Ludmila;5
12;F;2011;Malak;12
16;F;2011;Tessa;16
357;M;2021;Gabriel;357
28;F;2021;Eléonore;28
23;F;2021;Ysée;23
14;F;2021;Isra;14
6;M;2021;Terence;6
5;F;2021;Juliana;5
5;F;2021;Maia;5
175;M;2020;Isaac;175
35;F;2024;Clémence;35
5;F;2024;Alana;5
7;M;2004;Ben;7
14;M;2004;Elouan;14
5;F;2004;Hadja;5
5;F;2004;Malena;5
8;M;2011;Yannis;8
7;M;2012;Emilio;7
5;M;2012;Federico;5
16;M;2012;Niels;16
7;M;2012;Pharell;7
16;M;2012;Sébastien;16
5;F;2012;Selena;5
9;F;2013;Angela;9
8;M;2014;Bakary;8
6;M;2014;Loan;6
85;M;2015;Camille;85
12;F;2015;Elyssa;12
25;M;2015;Hippolyte;25
7;F;2016;Binta;7
6;F;2016;Haby;6
6;M;2016;Sebastian;6
13;F;2016;Soumaya;13
7;F;2016;Swann;24
5;F;2017;Délya;5
5;F;2017;Dieynaba;5
9;M;2017;Malick;9
10;F;2017;Myla;10
144;F;2017;Rose;144
28;F;2018;Fatima;28
19;M;2018;Julien;19
7;F;2018;Solène;7
7;M;2018;Vasco;7
87;F;2019;Camille;87
13;M;2019;Loïc;13
11;M;2019;Wael;11
9;F;2019;Malika;9
7;F;2006;Angélique;7
9;F;2006;Haya;9
49;M;2006;Mathéo;49
6;M;2007;Emil;6
78;F;2007;Héloïse;78
7;M;2007;Marko;7
9;M;2007;Naïm;9
5;F;2007;Tamara;5
10;F;2007;Thalia;10
18;F;2008;Candice;18
21;M;2008;César;21
16;M;2022;Mattéo;16
9;M;2022;Charly;9
9;M;2022;Yusuf;9
5;F;2022;Nova;5
5;F;2022;Tenzin;5
10;M;2024;Esteban;10
6;M;2024;Teodor;6
38;M;2022;Anas;38
34;F;2022;Ysée;34
10;M;2008;Fabien;10
7;F;2008;Lyne;7
6;F;2009;Evy;6
5;F;2009;Irina;5
17;M;2009;Ivan;17
18;F;2009;Mélanie;18
5;M;2010;Edward;5
5;F;2010;Hélèna;5
58;M;2010;Matthieu;58
12;F;2010;Mellina;12
23;F;2010;Nora;23
6;F;2011;Ayline;6
31;M;2011;Diego;31
8;F;2011;Leyna;8
111;F;2011;Romane;111
17;M;2005;Clovis;17
9;F;2005;Orlane;9
78;F;2005;Valentine;78
5;F;2005;Viviane;5
5;M;2021;Aymeric;5
5;M;2021;Dante;5
47;M;2020;Ayoub;47
14;F;2020;Halima;14
13;F;2020;Amélie;13
6;M;2020;Yacouba;6
45;M;2023;Milo;45
5;F;2004;Bénédicte;5
21;M;2004;Eric;21
79;F;2004;Yasmine;79
9;F;2005;Aliya;9
7;F;2005;Haby;7
5;M;2005;Joe;5
160;F;2005;Manon;160
13;F;2004;Sacha;137
6;F;2012;Amelia;6
5;F;2012;Deborah;5
5;M;2014;Ishaq;5
17;F;2014;Marwa;17
5;F;2015;Cléa;5
30;M;2015;Léopold;30
20;F;2015;Sixtine;20
5;M;2006;Reda;5
9;M;2006;Youssouf;9
9;F;2007;Leïla;9
11;F;2007;Salimata;11
6;M;2007;Selim;6
19;F;2008;Aïssatou;19
15;F;2008;Angélina;15
6;F;2008;Charlène;6
7;F;2008;Cyrielle;7
5;M;2008;Réda;5
8;M;2008;Youcef;8
10;F;2008;Zahra;10
14;M;2009;Julian;14
9;M;2009;Lohan;9
14;M;2009;Nikola;14
6;M;2009;Steve;6
6;M;2009;Victorien;6
58;F;2010;Lily;58
5;F;2010;Mama;5
21;M;2010;Roméo;21
6;M;2011;Carl;6
54;F;2011;Fatoumata;54
12;F;2011;Rita;12
10;F;2011;Rokia;10
28;M;2011;Sami;28
25;F;2011;Tess;25
138;M;2004;Adrien;138
109;M;2004;Simon;109
7;M;2005;Ewen;7
19;M;2005;Gaël;19
12;M;2005;Lilian;12
15;F;2005;Romy;15
5;F;2005;Samira;5
125;M;2005;Samuel;125
12;F;2021;Léopoldine;12
5;F;2019;Isée;5
9;F;2020;Hélène;9
7;M;2020;Youri;7
7;M;2004;Nizar;7
33;M;2004;Olivier;33
6;F;2012;Inna;6
9;F;2012;Johanna;9
7;F;2012;Kayla;7
84;F;2012;Léonie;84
31;M;2013;Issa;31
6;M;2013;Merlin;6
8;M;2014;Aboubakar;8
71;M;2014;Benjamin;71
9;M;2014;Carl;9
29;F;2014;Élise;29
27;F;2014;Hortense;27
6;M;2014;Muhammed;6
47;M;2014;Noam;47
33;F;2014;Nora;33
5;F;2014;Sokhna;5
24;M;2015;Grégoire;24
5;M;2015;Kilian;5
7;M;2016;Aymane;7
10;F;2016;Baya;10
11;F;2016;Eléa;11
19;M;2016;Emile;19
31;M;2016;Emmanuel;31
6;F;2016;Esmée;6
17;M;2016;Sandro;17
31;F;2016;Sasha;62
5;M;2017;Andrés;5
20;F;2017;Axelle;20
7;F;2017;Azélie;7
19;F;2017;Coline;19
9;M;2017;Éden;9
27;M;2017;Hamza;27
20;M;2017;Neil;20
30;M;2017;Sasha;30
6;M;2017;Thierno;6
14;M;2018;Hayden;14
18;F;2019;Chiara;18
9;M;2019;Ivan;9
8;F;2024;Rokia;8
5;F;2024;Golda;5
88;M;2024;Léonard;88
11;F;2024;Sacha;11
11;M;2024;Arlo;11
41;M;2023;Aurèle;41
7;M;2023;Virgile;7
120;M;2024;Sacha;120
27;M;2024;Ousmane;27
20;M;2024;Gaston;20
10;F;2024;Pauline;10
6;F;2024;Lili;6
6;F;2024;Max;6
61;M;2024;Naël;61
34;M;2024;Robin;34
6;M;2023;Sanad;6
6;F;2023;Neïla;6
12;M;2022;Moustapha;12
9;M;2022;Giulio;9
6;M;2022;Paulin;6
75;F;2024;Suzanne;75
7;M;2024;Colin;7
7;M;2024;Hélie;7
36;M;2024;Gabin;36
23;M;2024;Amine;23
10;F;2024;Kiara;10
54;M;2024;Issa;54
53;M;2024;Rayan;53
18;F;2024;Bintou;18
12;F;2024;Lya;12
8;M;2024;Corentin;8
15;M;2005;Aurèle;15
7;F;2005;Goundo;7
18;F;2005;Marina;18
8;M;2005;Zakarya;8
5;F;2004;Mayane;5
32;M;2004;Nils;32
7;M;2004;Pierre-Antoine;7
57;F;2012;Aya;57
32;F;2012;Célia;32
13;M;2012;Jayden;13
37;F;2012;Maïa;37
7;M;2012;Mohamed-Ali;7
6;F;2013;Béatrice;6
88;M;2013;Léon;88
14;F;2013;Marguerite;14
10;M;2013;Nathaniel;10
18;M;2013;Timothé;18
9;M;2014;Eliel;9
8;M;2014;Sébastien;8
6;F;2015;Eléna;6
8;F;2015;Lydia;8
13;M;2015;Philippe;13
25;F;2015;Philippine;25
11;M;2015;Waël;11
6;F;2015;Yuna;6
15;M;2016;Anthony;15
5;M;2016;Armel;5
5;F;2016;Elona;5
5;F;2016;Leya;5
318;M;2017;Adam;318
9;F;2017;April;9
6;M;2017;Arnaud;6
5;F;2017;Elikya;5
30;F;2017;Élise;30
7;F;2017;Fatimata;7
6;F;2017;Iliana;6
15;M;2017;Siméon;15
5;F;2018;Abigaël;5
8;M;2019;Valentino;8
71;M;2020;Rayan;71
18;M;2020;Théophile;18
8;M;2004;Auguste;8
5;F;2004;Séréna;5
17;F;2005;Cassandra;17
41;M;2005;Côme;41
8;F;2004;Samantha;8
21;M;2012;Jonathan;21
5;M;2012;Saul;5
8;F;2012;Yousra;8
5;M;2013;Andrei;5
6;M;2011;Yannick;6
6;F;2013;Leïna;6
13;M;2013;Moustapha;13
5;M;2014;Aurel;5
11;M;2014;Boubacar;11
11;F;2014;Maxine;11
9;F;2014;Ora;9
16;F;2014;Rachel;16
9;F;2014;Razane;9
9;M;2015;Abdallah;9
20;M;2013;Sami;20
9;M;2016;Marco;9
13;M;2016;Mattia;13
5;F;2017;Tesnim;5
14;M;2018;Ariel;14
8;F;2018;Frida;8
6;M;2018;Hillel;6
24;F;2018;Judith;24
32;M;2007;Hector;32
12;M;2008;Christian;12
160;M;2008;Sacha;160
16;F;2008;Yousra;16
29;F;2009;Céline;29
21;F;2009;Charline;21
7;M;2009;Loan;7
11;F;2009;Thalia;11
41;F;2010;Alexandra;41
5;F;2010;Chayma;5
22;F;2010;Louisa;22
6;F;2011;Abigail;6
23;M;2011;Anas;23
12;M;2011;Dan;12
5;F;2011;Joanne;5
34;F;2011;Mélina;34
70;F;2011;Olivia;70
22;F;2011;Sirine;22
5;M;2020;Téo;5
5;F;2020;Jane;5
28;F;2021;Ana;28
24;M;2021;Mathéo;24
22;F;2021;Valentina;22
22;M;2021;Lévi;22
11;F;2021;Talya;11
10;M;2021;Colin;10
9;F;2021;Safia;9
7;F;2021;Leila;7
7;F;2021;Sanaa;7
5;F;2021;Dihya;5
22;F;2020;Eugénie;22
10;M;2020;Salim;10
5;F;2018;Arielle;5
12;M;2018;Camil;12
5;M;2018;Pacôme;5
28;M;2019;Luca;28
5;M;2008;Modibo;5
8;M;2010;Evann;8
148;M;2010;Hugo;148
44;M;2010;Yacine;44
7;M;2004;Darius;7
6;F;2005;Séphora;6
5;M;2019;Anselme;5
85;F;2020;Héloïse;85
14;M;2020;Aristide;14
11;M;2021;Quentin;11
7;F;2021;Siloé;7
129;F;2023;Jeanne;129
86;M;2023;Noé;86
17;M;2023;Mahé;17
12;F;2023;Ève;12
5;M;2023;Timur;5
14;F;2006;Catherine;14
6;M;2006;Luigi;6
5;M;2006;Tancrède;5
5;F;2006;Vittoria;5
5;M;2007;Archibald;5
154;F;2007;Juliette;154
47;F;2007;Mariam;47
105;M;2007;Martin;105
6;F;2007;Neyla;6
5;F;2007;Siham;5
5;M;2007;Tahar;5
18;F;2008;Flore;18
20;F;2008;Louisa;20
23;M;2008;Lukas;23
6;M;2008;Marwane;6
5;F;2008;Samira;5
6;M;2008;Tanguy;6
54;F;2009;Alicia;54
7;F;2009;Aude;7
85;M;2009;Benjamin;85
75;M;2009;Eliott;75
10;M;2009;Michael;10
33;M;2009;Milo;33
31;M;2009;Noham;31
6;F;2009;Tasnime;6
70;M;2010;David;70
9;F;2010;Eglantine;9
5;M;2010;Kenzy;5
5;F;2010;Séraphine;5
5;M;2010;Szymon;5
7;M;2011;Allan;7
5;M;2011;Anass;5
5;M;2011;Ange;5
8;F;2011;Élisa;8
8;F;2011;Elodie;8
8;M;2004;Aboubacar;8
5;F;2004;Cyrine;5
16;M;2004;Fabien;16
8;F;2004;Gwendoline;8
42;M;2004;Yassine;42
70;F;2005;Héloïse;70
137;F;2005;Julie;137
6;F;2005;Lalie;6
14;F;2005;Naomie;14
11;M;2004;Jad;11
17;F;2004;Maïlys;17
6;F;2012;Clothilde;6
7;M;2012;Denis;7
196;M;2013;Hugo;196
11;F;2013;Lahna;11
9;F;2013;Melina;9
112;F;2013;Rose;112
9;F;2014;Candice;9
10;F;2015;Baya;10
32;F;2015;Élise;32
13;M;2015;Kevin;13
5;F;2016;Kendra;5
10;F;2017;Cécile;10
22;M;2017;Emile;22
5;M;2017;Kayden;5
8;F;2017;Melissa;8
9;F;2017;Nell;9
44;F;2017;Sasha;74
8;M;2018;Ahmad;8
86;F;2018;Ava;86
15;F;2018;Carla;15
160;M;2018;Gaspard;160
6;M;2018;Leon;6
8;F;2018;Meriam;8
54;M;2018;Milo;54
13;F;2018;Sonia;13
5;F;2018;Tsipora;5
177;F;2019;Chloé;177
20;F;2019;Clarisse;20
19;M;2019;Diego;19
5;M;2019;Kayron;5
58;F;2021;Léna;58
35;M;2021;Armand;35
6;M;2021;Ishak;6
5;M;2021;Andy;5
20;F;2012;Alexandra;20
25;F;2012;Éléonore;25
5;M;2012;Lancelot;5
17;M;2012;Mouhamed;17
204;M;2012;Victor;204
14;M;2012;Viktor;14
26;F;2014;Charline;26
6;M;2014;Edmond;6
6;M;2014;Isaiah;6
11;F;2014;Prune;11
9;F;2014;Zahra;9
8;F;2015;Calie;8
37;F;2015;Ines;37
8;M;2015;Morgan;8
52;F;2015;Sara;52
50;M;2016;Ali;50
180;F;2016;Chloé;180
66;M;2016;David;66
11;F;2016;Joyce;11
23;M;2017;Abdoulaye;23
7;F;2017;Adeline;7
5;M;2017;Jessim;5
5;M;2017;Marley;5
64;F;2017;Nour;69
30;M;2017;Ruben;30
6;M;2008;Emilio;6
16;M;2008;Lino;16
24;M;2008;Nassim;24
8;M;2008;Samba;8
9;M;2009;Cyprien;9
8;M;2009;Jimmy;8
44;M;2009;Malo;44
5;F;2010;Malika;5
130;M;2011;Clément;130
21;M;2011;Lassana;21
9;F;2004;Sibylle;9
112;F;2005;Clémence;112
6;F;2005;Flavie;6
23;F;2018;Célia;23
120;F;2018;Eva;120
14;F;2018;Hélène;14
12;M;2018;Jonathan;12
13;F;2018;Joyce;13
18;M;2018;Malik;18
82;F;2018;Manon;82
16;F;2018;Mayssa;16
30;M;2019;Pablo;30
23;M;2019;Souleymane;23
20;F;2019;Valentina;20
12;M;2010;Ariel;12
41;F;2010;Jasmine;41
18;M;2010;Sam;18
33;M;2011;Emile;33
8;F;2011;Johanna;8
7;M;2019;Hamidou;7
140;F;2020;Jeanne;140
10;M;2020;Aurélien;10
7;M;2020;Ezio;7
27;M;2021;Amine;27
8;F;2021;Cataleya;8
6;M;2021;Guillaume;6
5;F;2004;Liliana;5
6;F;2006;Annabelle;6
5;F;2006;Célina;5
11;M;2006;Yannick;11
9;M;2007;Andréas;9
61;M;2007;Aurélien;61
102;F;2007;Clémence;102
16;F;2007;Mélina;16
13;M;2007;Paolo;13
29;F;2007;Raphaëlle;29
6;M;2008;Andy;6
12;M;2008;Christophe;12
19;M;2008;Dan;19
5;M;2008;Firas;5
39;M;2009;Isaac;39
9;M;2009;Jibril;9
20;F;2009;Ninon;20
45;M;2009;Nolan;45
7;F;2009;Rahma;7
50;F;2009;Stella;50
23;F;2005;Clarisse;23
20;M;2005;Hamza;20
7;M;2005;Santiago;7
6;M;2005;Yves;6
23;F;2012;Pia;23
7;M;2012;Yasser;7
50;M;2013;Hector;50
13;F;2013;Liora;13
5;F;2014;Isabella;5
33;F;2015;Emilie;33
25;M;2015;Jacques;25
10;F;2016;Antonia;10
22;F;2006;Hawa;22
8;F;2007;Augustine;8
8;F;2007;Inés;8
39;M;2007;Roman;39
10;F;2007;Thelma;10
78;M;2008;Augustin;78
9;F;2008;Nawel;9
6;M;2009;Abdel;6
119;F;2009;Lou;119
31;F;2009;Louna;31
9;M;2009;Xavier;9
42;F;2010;Eden;50
13;F;2010;Irène;13
20;M;2010;Marceau;20
32;F;2010;Sophia;32
84;M;2010;Théo;84
22;F;2011;Giulia;22
26;M;2011;Marc;26
37;F;2004;Blanche;37
5;F;2004;Florence;5
34;F;2005;Eve;34
5;M;2005;Swan;5
6;F;2020;Tess;6
40;M;2021;Nolan;40
6;F;2021;Daria;6
5;F;2021;Kimia;5
5;F;2021;Maud;5
5;M;2021;Cosme;5
38;F;2020;Fatima;38
17;F;2020;Salma;17
7;F;2020;Malak;7
12;M;2004;Justin;12
5;M;2004;Paul-Emile;5
9;F;2012;Aïda;9
5;F;2012;Dyna;5
46;M;2012;Esteban;46
7;M;2012;Issam;7
6;M;2013;Kelyan;6
8;M;2013;Tao;8
11;M;2014;Anthony;11
17;F;2014;Asma;17
19;M;2014;Aymen;19
15;M;2014;Ilyan;15
6;M;2014;Nathaniel;6
20;F;2014;Philippine;20
8;M;2015;Benoît;8
11;F;2015;Ethel;11
21;M;2015;François;21
12;M;2015;Jason;12
17;F;2016;Éva;17
48;F;2017;Anouk;48
5;M;2017;Leyth;5
23;M;2017;Noa;23
9;F;2018;Éva;9
10;M;2018;Idris;10
5;F;2018;Lea;5
8;F;2018;Milla;8
7;M;2018;Ryad;7
20;M;2019;Timéo;20
13;M;2019;Mickaël;13
13;F;2019;Georgia;13
12;F;2019;Eline;12
10;F;2019;Alessia;10
6;M;2024;Angel;6
5;M;2024;Abdoul-Aziz;5
23;M;2014;Souleymane;23
170;M;2015;Joseph;170
157;M;2016;Maxime;157
6;M;2011;Yoan;6
9;F;2012;Sonia;9
13;F;2013;Anastasia;13
7;M;2013;Matisse;7
7;F;2013;Nahla;7
38;M;2013;Samy;38
11;F;2013;Sana;11
5;M;2013;Térence;5
9;M;2013;Viktor;9
198;M;2014;Alexandre;198
172;M;2014;Jules;172
11;M;2014;Soren;11
5;F;2014;Sylia;5
8;M;2015;Eyal;8
9;M;2015;Ilan;9
6;F;2015;Laetitia;6
9;F;2015;Sidonie;9
9;M;2016;Morgan;9
37;F;2016;Sophie;37
7;M;2016;Tidiane;7
5;F;2017;Clotilde;5
66;F;2017;Constance;66
6;F;2017;Meriem;6
103;F;2017;Zoé;103
10;F;2018;Colombe;10
9;M;2018;Jassim;9
8;M;2018;Jibril;8
15;M;2018;Julian;15
39;M;2019;Joshua;39
26;M;2019;Sami;26
16;F;2019;Alexandra;16
15;F;2019;Nélya;15
14;F;2019;Sirine;14
11;M;2019;Boubacar;11
5;M;2006;Mateusz;5
8;M;2006;Richard;8
65;M;2006;Ruben;65
12;M;2007;Matis;12
9;M;2008;Ilhan;9
34;M;2008;Joachim;34
150;M;2008;Martin;150
10;F;2009;Aïssata;10
6;M;2009;Kyllian;6
15;M;2009;Mael;15
53;F;2009;Olivia;53
29;M;2009;Ryan;29
6;M;2009;Siméon;6
6;F;2010;Cyrielle;6
5;M;2010;Joakim;5
10;F;2010;Joyce;10
21;F;2010;Maria;21
8;F;2010;Sérine;8
24;F;2010;Sixtine;24
9;M;2011;Gaétan;9
13;M;2011;Jad;13
31;M;2011;Max;31
7;M;2011;Santiago;7
14;F;2021;Lyana;14
9;F;2021;Elia;9
115;M;2022;Sacha;115
11;F;2022;Elyne;11
6;F;2022;Isadora;6
6;F;2017;Camelia;6
23;M;2017;Ibrahima;23
11;M;2017;Joaquim;11
37;M;2017;William;37
10;M;2018;Anass;10
12;M;2018;Jack;12
7;F;2018;Léane;7
5;M;2018;Mansour;5
19;F;2019;Paola;19
15;M;2019;Alexander;15
15;F;2019;Aline;15
10;F;2005;Annabelle;10
16;M;2005;Cyril;16
71;M;2005;Eliott;71
11;F;2012;Ombeline;11
15;M;2012;Salim;15
5;F;2012;Tracy;5
11;F;2014;Alba;11
15;M;2014;Ayden;15
18;M;2014;Dimitri;18
5;F;2014;Sydney;5
25;F;2015;Mélina;25
24;M;2015;Nino;24
16;M;2015;Pablo;16
5;M;2015;Ramy;5
5;M;2016;Chahine;5
6;M;2016;Jassim;6
7;F;2016;Patricia;7
201;F;2017;Alice;201
56;M;2017;Eden;56
37;M;2017;Nicolas;37
45;F;2017;Sophia;45
8;M;2017;Yahya;8
21;F;2018;Bianca;21
10;F;2018;Elyne;10
143;M;2018;Léo;143
13;F;2018;Lilya;13
8;F;2018;Serena;8
12;F;2019;Aïssatou;12
10;M;2019;Yasser;10
13;F;2004;Thelma;13
66;M;2004;William;66
6;M;2004;Yossef;6
23;F;2005;Alexia;23
24;F;2005;Ella;24
28;M;2005;Lenny;28
36;M;2005;Milo;36
79;M;2005;Noah;79
12;M;2005;Oumar;12
5;M;2019;Adams;5
23;F;2020;Bintou;23
6;M;2020;Roch;6
6;F;2020;Shanna;6
5;M;2020;Vianney;5
7;M;2004;Lazare;7
29;M;2006;Dimitri;29
13;M;2006;Marco;13
211;M;2007;Antoine;211
26;M;2007;Arsène;26
15;F;2007;Bintou;15
27;M;2007;François;27
11;M;2007;Gaston;11
13;F;2008;Fiona;13
8;F;2008;Helena;8
11;F;2008;Maéva;11
5;F;2008;Noélie;5
10;F;2009;Cassandra;10
7;F;2009;Ysé;7
32;F;2010;Eloïse;32
7;M;2010;Elyès;7
168;M;2010;Jules;168
9;F;2010;Lya;9
10;F;2010;Marina;10
6;F;2010;Mélinda;6
9;F;2010;Ombeline;9
25;M;2011;Djibril;25
8;F;2011;Leïna;8
20;M;2011;Marceau;20
17;M;2011;Naïm;17
8;M;2011;Noan;8
31;F;2011;Paloma;31
6;F;2019;Clotilde;6
21;M;2020;Andréa;21
18;F;2020;Alexandra;18
12;M;2020;Viktor;12
11;F;2020;Mayssa;11
10;M;2020;Sekou;10
9;F;2020;Vanessa;9
8;F;2020;Inayah;8
6;M;2020;Bradley;6
5;M;2020;Shahine;5
5;F;2020;Giorgia;5
151;F;2021;Chloé;151
115;F;2021;Charlotte;115
27;F;2021;Ines;27
11;F;2021;Binta;11
9;F;2021;Léana;9
8;F;2021;Thalie;8
7;F;2021;Céline;7
6;F;2021;Safiatou;6
7;M;2012;Danny;7
7;F;2012;Delphine;7
60;M;2012;Pierre;60
65;F;2013;Constance;65
112;F;2013;Sofia;112
9;F;2014;Amani;9
15;M;2014;Bastien;15
5;M;2014;Ezio;5
21;F;2014;Fanta;21
7;M;2014;Ismail;7
7;F;2014;Mélanie;7
7;M;2014;Tidiane;7
9;F;2015;Ema;9
36;M;2015;Lenny;36
7;M;2016;Andy;7
9;F;2016;Emily;9
15;F;2016;Eugénie;15
117;F;2016;Eva;117
6;M;2016;Jun;6
10;F;2016;Neyla;10
24;M;2016;Sami;24
48;M;2016;Théodore;48
5;M;2017;Eloi;5
21;M;2017;Iyad;21
183;F;2017;Jeanne;183
6;M;2017;Jed;6
28;F;2017;Maëlle;28
10;F;2017;Soraya;10
84;F;2017;Valentine;84
14;M;2017;Vladimir;14
36;F;2018;Daphné;36
29;M;2018;Diego;29
5;M;2018;Muhammed;5
9;M;2018;Nil;9
46;M;2019;Pierre;46
15;F;2019;Ora;15
13;M;2019;Soren;13
10;M;2019;Ilyane;10
44;F;2006;Anouk;44
8;M;2006;Barnabé;8
6;F;2006;Ely;6
32;M;2006;Sofiane;32
7;M;2007;Andréa;7
5;F;2007;Armelle;5
14;M;2007;Bakary;14
33;M;2007;Edgar;33
24;F;2007;Elodie;24
9;M;2007;Kenzo;9
7;F;2007;Milena;7
25;F;2007;Selma;25
6;F;2007;Tiphaine;6
26;M;2008;Bilal;26
11;M;2008;Joan;11
6;F;2009;Blandine;6
9;F;2009;Clélia;9
107;F;2011;Lou;117
25;F;2011;Maëlle;25
6;F;2011;Naïma;6
10;M;2004;Alexander;10
18;M;2004;Dan;18
29;M;2004;Dimitri;29
12;M;2004;Zachary;12
107;M;2005;Benjamin;107
5;F;2005;Iliana;5
6;F;2005;Sienna;6
5;M;2005;Timoté;5
17;M;2019;François;17
17;M;2006;Florent;17
20;F;2007;Hortense;20
8;F;2007;Nawel;8
6;F;2008;Naya;6
48;M;2009;Yassine;48
5;F;2010;Amaya;5
6;F;2010;Ambrine;6
9;M;2010;Nour;9
13;M;2011;Georges;13
242;M;2011;Louis;242
36;F;2020;Thaïs;36
31;M;2020;Jonas;31
10;F;2020;Amalia;10
5;M;2021;Arlo;5
9;F;2018;Lilas;9
71;F;2018;Margot;71
8;M;2019;Élias;8
25;F;2020;Elise;25
18;F;2020;Amélia;18
30;M;2021;Djibril;30
22;F;2021;Flora;22
7;F;2011;Ysée;7
30;M;2012;Arsène;30
11;F;2012;Elissa;11
7;F;2012;Emily;7
9;M;2012;Jim;9
5;M;2012;Oliver;5
45;F;2012;Romy;45
10;F;2012;Yasmina;10
8;F;2013;Éloïse;8
6;M;2013;Igor;6
21;M;2013;Johan;21
8;F;2013;Tina;8
7;M;2013;Yoann;7
11;F;2014;Janna;11
9;F;2014;Sienna;9
8;M;2014;Yoann;8
9;F;2015;Domitille;9
63;F;2015;Madeleine;63
37;M;2015;Marcel;37
65;M;2015;Marius;65
6;M;2015;Pietro;6
17;M;2016;Gaston;17
7;F;2016;Telma;7
11;M;2016;Walid;11
251;M;2017;Arthur;251
13;M;2017;Bakary;13
121;M;2017;Martin;121
14;F;2017;Soumaya;14
32;M;2018;Antonin;32
93;M;2018;Ibrahim;93
22;M;2018;Ismael;22
25;F;2018;Maïa;25
5;F;2018;Zeynab;5
13;M;2019;Elyas;13
9;M;2019;Matisse;9
9;F;2019;Hafsa;9
9;F;2019;Inna;9
7;F;2010;Amelia;7
12;M;2010;Christophe;12
5;F;2010;Koumba;5
5;F;2011;Cyrielle;5
11;F;2011;Fatou;11
6;F;2011;Keren;6
141;F;2011;Manon;141
11;M;2011;Nahil;11
10;F;2011;Ornella;10
5;F;2011;Séléna;5
12;F;2004;Flore;12
5;F;2020;Luisa;5
16;F;2021;Aaliyah;16
11;F;2021;Louna;11
7;F;2021;Tahel;7
6;F;2021;Kadiatou;6
10;M;2005;Gaétan;10
9;F;2005;Safa;9
6;F;2019;Tal;6
158;M;2020;Paul;158
105;F;2020;Ella;105
84;F;2020;Zoé;84
51;M;2020;Aylan;51
25;F;2020;Judith;25
9;F;2020;Maé;9
5;F;2020;Bonnie;5
5;F;2020;Félicie;5
5;F;2020;Ramatoulaye;5
34;M;2021;Émile;34
18;F;2021;Anastasia;18
14;F;2021;Bérénice;14
7;F;2021;Antonia;7
7;F;2021;Maëlya;7
7;M;2021;Matthias;7
5;F;2021;Lune;5
20;F;2004;Assia;20
6;M;2004;Carl;6
15;M;2004;Cyril;15
28;M;2005;Ayoub;28
6;M;2005;Carl;6
14;M;2005;Johan;14
6;F;2005;Loane;6
17;F;2004;Ilana;17
16;F;2004;Léane;16
9;M;2004;Loris;9
15;F;2004;Marina;15
39;F;2006;Daphné;39
121;F;2006;Lisa;121
38;F;2007;Amandine;38
5;M;2007;Safwane;5
7;M;2007;Tancrède;7
55;M;2007;William;55
5;M;2008;Johann;5
65;F;2008;Olivia;65
7;F;2008;Orlane;7
6;F;2008;Sabrine;6
5;M;2008;Sadio;5
18;M;2008;Virgile;18
13;M;2009;Aksel;13
12;M;2009;Alessandro;12
9;F;2009;Auriane;9
7;F;2009;Hind;7
16;F;2009;Irène;16
73;F;2009;Joséphine;73
8;M;2009;Sohan;8
5;F;2012;Alissa;5
56;F;2012;Ava;56
5;M;2012;Bogdan;5
7;F;2012;Francesca;7
5;F;2012;Hind;5
17;F;2012;Hortense;17
42;M;2012;Mehdi;42
9;F;2012;Rosa;9
6;F;2012;Sally;6
38;F;2013;Assia;38
9;M;2013;Clarence;9
5;M;2013;Cyril;5
5;F;2013;Georgia;5
17;M;2013;Luc;17
14;F;2013;Tessa;14
29;M;2014;Anis;29
8;F;2014;Ève;8
9;F;2015;Aïssata;9
7;M;2015;Emil;7
40;M;2022;Jean;40
7;F;2022;Romie;7
6;F;2022;Cataleya;6
5;F;2022;Laïa;5
190;M;2022;Isaac;190
16;M;2022;Luka;16
11;M;2022;Arié;11
9;M;2022;Joaquim;9
8;F;2022;Eliana;8
6;M;2022;Eren;6
5;F;2022;Justine;5
144;F;2022;Anna;144
66;M;2022;Martin;66
50;F;2022;Luna;50
24;F;2022;Sixtine;24
18;F;2022;Nayla;18
17;F;2022;Georgia;17
12;F;2022;Soline;12
34;F;2024;Amina;34
26;M;2024;Anatole;26
6;F;2024;Saskia;6
51;M;2022;Ayden;51
20;M;2022;Elon;20
13;F;2022;Julie;13
13;F;2022;Kiara;13
9;M;2022;Eliot;9
8;M;2022;Mael;8
5;M;2022;Emil;5
109;M;2022;Ibrahim;109
14;M;2022;Lassana;14
8;M;2022;Ezio;8
5;M;2022;Aslan;5
20;F;2024;Selma;20
7;M;2024;Bilel;7
6;M;2023;Francesco;6
127;M;2023;Victor;127
104;F;2023;Chloé;104
44;M;2023;Émile;44
34;F;2023;Marie;34
29;F;2023;Hortense;29
8;M;2023;Yossef;8
6;M;2023;Emil;6
6;F;2023;Kira;6
5;F;2023;Liliane;5
41;M;2023;Enzo;41
10;F;2023;Safa;10
8;F;2023;Aïda;8
49;F;2023;Raphaëlle;49
22;F;2023;Noémie;22
12;F;2023;Georgia;12
5;F;2023;Filippa;5
7;F;2004;Cyrielle;7
6;F;2012;Chelsea;6
18;M;2012;Lamine;18
14;M;2012;Leo;14
7;M;2012;Lubin;7
9;M;2012;Mathurin;9
25;M;2012;Nils;25
6;F;2013;Basma;6
6;M;2017;Louca;6
17;F;2017;Mona;17
36;M;2017;Nino;36
15;F;2017;Pénélope;15
25;F;2017;Zélie;25
39;F;2018;Charlie;59
21;F;2019;Selma;21
15;M;2019;Moustapha;15
265;F;2007;Louise;265
19;F;2007;Maud;19
6;F;2009;Luce;6
11;F;2010;Assa;11
16;M;2010;Mohammed;16
7;M;2011;Aubin;7
47;F;2024;Billie;47
6;F;2024;Elizabeth;6
59;M;2024;Valentin;59
38;F;2024;Elsa;38
10;F;2024;Giorgia;10
10;M;2024;Yacouba;10
5;F;2024;Fatimata;5
17;F;2023;Adélaïde;17
13;F;2023;Rym;13
104;F;2024;Iris;104
48;F;2024;Ysée;48
28;F;2024;Cléo;28
8;M;2024;Thaddée;8
6;M;2024;Cayden;6
14;F;2024;Célia;14
7;F;2024;Maé;7
5;M;2020;Jack;5
17;M;2005;Abel;17
20;F;2005;Maïssa;20
12;F;2006;Hana;12
10;F;2006;Karine;10
127;M;2007;Ethan;127
12;M;2007;Marceau;12
131;F;2007;Marie;131
5;M;2007;Namory;5
8;M;2007;Wesley;8
5;F;2008;Rim;5
5;M;2008;Théophane;5
12;M;2009;Gaëtan;12
5;M;2009;Lirone;5
6;F;2009;Liya;6
5;F;2009;Lucy;5
22;F;2009;Morgane;22
7;M;2009;Nathaniel;7
13;F;2009;Norah;13
19;M;2010;Adel;19
6;F;2011;Bonnie;6
77;M;2022;Naël;77
6;M;2011;Dani;6
64;M;2022;Félix;64
6;F;2011;Grâce;6
5;F;2022;Noura;5
48;M;2011;Julien;48
16;F;2005;Angelina;16
54;F;2005;Myriam;54
140;M;2005;Nicolas;140
6;F;2005;Satine;6
21;M;2004;Liam;21
42;F;2004;Maëlle;42
18;M;2004;Mathys;18
20;M;2011;Zacharie;20
12;F;2012;Aline;12
18;M;2012;Jérémy;18
27;M;2012;Julian;27
9;F;2012;June;9
69;F;2012;Maya;69
17;M;2012;Mohammed;17
16;F;2013;Angèle;16
5;F;2013;Gaëlle;5
7;M;2013;Malick;7
9;M;2013;Tidiane;9
34;M;2013;Vadim;34
9;M;2014;Andrei;9
6;F;2014;Athéna;6
50;M;2014;Elias;50
7;F;2015;Diana;7
8;M;2015;Kays;8
15;M;2015;Mahé;15
8;M;2016;Eloi;8
5;F;2016;Liya;5
5;M;2016;Salman;5
28;F;2017;Augustine;28
61;F;2017;Aya;61
8;F;2017;Keren;8
11;F;2017;Khadidja;11
5;M;2017;Nour;5
12;F;2018;Anaé;12
15;F;2019;Baya;15
10;M;2019;Julian;10
5;M;2019;Gaspar;5
5;M;2019;Raoul;5
51;M;2020;Solal;51
45;F;2020;Albane;45
44;M;2020;Evan;44
38;F;2020;Thelma;38
16;M;2020;Julian;16
12;M;2020;Ewen;12
9;F;2020;Mara;9
8;F;2021;Arielle;8
8;F;2021;Eleanor;8
6;M;2021;Wael;6
5;F;2021;Zayneb;5
50;F;2012;Madeleine;50
6;M;2012;Zakary;6
13;F;2013;Aaliyah;13
15;F;2013;Colette;15
103;M;2013;Enzo;103
5;M;2013;Hedi;5
37;M;2013;Malo;37
9;F;2013;Maxime;198
21;F;2013;Nélia;21
7;F;2013;Neyla;7
49;F;2014;Aminata;49
10;M;2014;Ayman;10
13;F;2014;Éloïse;13
39;F;2014;Emilie;39
5;M;2014;Kiyan;5
11;F;2014;Maïwenn;11
24;M;2015;Elliot;24
19;F;2015;Estelle;19
27;M;2015;Omar;27
37;F;2015;Sasha;56
25;M;2015;Timothé;25
9;M;2016;Archibald;9
5;M;2016;Fadi;5
15;M;2016;Mateo;15
7;F;2017;Alyah;7
8;M;2017;Marcello;8
5;F;2017;Nourane;5
13;M;2017;Wael;13
6;M;2018;Mark;6
11;M;2018;Nassim;11
114;F;2019;Victoire;114
17;F;2019;Mona;17
7;F;2006;Brune;7
60;F;2006;Luna;60
9;M;2006;Warren;9
18;F;2007;Bianca;18
11;M;2007;Cameron;11
6;F;2007;Énora;6
14;M;2007;Joachim;14
5;M;2008;Ianis;5
18;F;2008;Isabelle;18
30;F;2008;Lise;30
22;F;2008;Solène;22
13;M;2008;Xavier;13
8;F;2009;Adama;19
93;M;2009;Baptiste;93
6;F;2009;Éléa;6
7;F;2009;Maïwenn;7
6;M;2010;Adame;6
5;F;2004;Alison;5
17;F;2004;Farah;17
10;M;2004;Grégory;10
15;M;2004;Vadim;15
6;F;2005;Djénéba;6
5;M;2005;Louison;5
90;M;2005;Matthieu;90
21;M;2004;Jérémie;21
6;M;2004;Josh;6
46;M;2010;Isaac;46
7;M;2010;Loup;7
109;F;2011;Clémence;109
8;M;2011;Jean-Baptiste;8
5;M;2011;Kenzi;5
5;M;2011;Kim;5
7;F;2011;Olympe;7
35;F;2011;Roxane;35
6;F;2020;Johanna;6
47;M;2021;Pablo;47
34;M;2021;Aurèle;34
23;F;2021;Amina;23
22;F;2021;Lena;22
10;F;2021;Amy;10
9;F;2021;Coumba;9
7;M;2021;Mady;7
6;F;2021;Dalia;6
6;M;2021;Elyo;6
25;M;2020;Gaston;25
7;M;2020;Wael;7
6;F;2005;Morgan;12
5;M;2011;Zacharia;5
6;F;2013;Adélie;6
6;F;2013;Rivka;6
17;F;2013;Sixtine;17
6;M;2014;Eyal;6
19;M;2014;Mohammed;19
7;M;2015;Siméon;7
95;M;2015;Yanis;95
13;M;2016;Boubacar;13
6;F;2016;Kheira;6
7;M;2016;Mohammad;7
9;F;2017;Jessica;9
11;M;2017;Thiago;11
20;F;2018;Émilie;20
7;F;2018;Shirel;7
15;F;2019;Assiya;15
37;M;2006;Edouard;37
155;M;2006;Mohamed;155
31;M;2007;Alex;31
6;F;2007;Dune;6
45;M;2007;Samy;45
64;M;2008;Mathieu;64
6;F;2009;Nell;6
7;M;2009;Tim;7
5;M;2010;Ewen;5
26;F;2010;Hortense;26
30;F;2010;Sirine;30
23;F;2011;Nora;23
89;F;2021;Inès;89
14;F;2021;Paula;14
7;M;2019;Malek;7
47;F;2020;Billie;47
26;F;2020;Mona;26
17;M;2022;Naïl;17
8;F;2022;Éloïse;8
15;M;2022;Aly;15
10;F;2017;Ysé;10
8;F;2018;Esmée;8
8;F;2006;Laurène;8
31;M;2006;Rafaël;31
5;M;2006;Sélim;5
67;F;2007;Capucine;67
37;M;2007;Dylan;37
221;M;2008;Antoine;221
10;F;2008;Tiphaine;10
59;M;2011;Ibrahim;59
83;M;2011;Liam;83
63;M;2004;Aurélien;63
86;F;2005;Margaux;86
49;M;2005;Marius;49
6;M;2019;Elouan;6
5;M;2020;Selyan;5
38;F;2021;Hawa;38
30;M;2021;Sasha;30
12;F;2012;Ludivine;12
11;F;2012;Mariama;11
11;M;2013;Aboubacar;11
37;M;2013;Amir;37
18;F;2013;Brune;18
5;M;2013;Étienne;5
5;F;2013;Kaïna;5
26;F;2014;Blanche;26
24;F;2014;Céline;24
26;F;2014;Jasmine;26
75;M;2014;Naël;75
6;M;2014;Seydou;6
27;M;2015;Djibril;27
6;M;2015;Ennio;6
12;F;2015;Isra;12
320;M;2015;Raphaël;320
33;F;2016;Amina;33
5;M;2016;Arthus;5
8;F;2016;Liora;8
7;M;2016;Yani;7
8;M;2017;Andréa;8
9;F;2017;Gaëlle;9
5;M;2004;Artus;5
9;F;2004;Erin;9
23;F;2005;Astrid;23
39;M;2005;Jérémy;39
5;M;2005;Mady;5
46;F;2006;Alexandra;46
5;F;2004;Mariana;5
5;F;2012;Blandine;5
15;F;2012;Flore;15
99;F;2012;Gabrielle;99
5;M;2012;Juan;5
39;F;2012;Justine;39
6;F;2013;Sacha;156
11;F;2014;Fatim;11
6;M;2014;Jayan;6
18;M;2015;Dylan;18
7;F;2015;Ora;7
15;M;2016;Alex;15
6;F;2016;Lyse;6
15;F;2016;Sana;15
5;M;2017;Pacôme;5
15;F;2019;Liya;15
5;F;2006;Lorie;5
22;F;2006;Philippine;22
5;M;2007;Cheikh;5
11;M;2007;Shaï;11
29;M;2008;Anis;29
5;M;2008;Igor;5
5;F;2008;Léanne;5
5;F;2008;Mara;5
7;F;2009;Dana;7
6;M;2022;Leon;6
108;F;2012;Rose;108
10;F;2013;Lea;10
8;F;2013;Sakina;8
74;M;2013;Timothée;74
5;M;2014;Benoît;5
22;M;2015;Amadou;22
41;F;2015;Assia;41
5;M;2015;Barthélemy;5
133;F;2015;Charlotte;133
17;F;2015;Mina;17
6;F;2015;Zina;6
5;F;2016;Alycia;5
17;F;2016;Cléo;17
8;F;2016;Rym;8
8;F;2016;Solène;8
22;F;2017;Emy;22
47;M;2017;Léopold;47
20;F;2018;Léana;20
9;M;2019;Mory;9
5;F;2010;Dora;5
17;F;2010;Flore;17
9;M;2010;Mahdi;9
26;M;2010;Moussa;26
6;F;2010;Soumaya;6
17;F;2011;Aliya;17
81;M;2011;Côme;81
12;M;2011;Elio;12
54;F;2011;Esther;54
19;F;2011;Hana;19
11;F;2011;Méline;11
23;M;2011;Milan;23
8;F;2011;Noélie;8
9;F;2011;Roxanne;9
6;F;2004;Adeline;6
72;M;2004;Augustin;72
7;M;2004;Fares;7
36;M;2021;Arsène;36
14;M;2021;Matéo;14
12;F;2021;Lucia;12
10;F;2021;Maé;10
9;M;2021;Joud;9
6;F;2021;Layel;6
6;M;2004;Tim;6
13;M;2005;Allan;13
31;M;2005;Joshua;31
248;M;2005;Paul;248
6;M;2006;Abdou;6
24;F;2023;Alicia;24
8;F;2023;Razane;8
6;F;2023;Maeve;6
23;M;2022;Oumar;23
22;M;2022;Youssouf;22
10;F;2022;Leïa;10
48;M;2010;Hector;48
6;M;2010;Ismail;6
35;F;2010;Lilou;35
7;F;2010;Perrine;7
89;M;2010;Pierre;89
37;M;2010;Samy;37
5;M;2011;Cheikh;5
12;F;2011;Isabelle;12
5;F;2011;Lévana;5
6;F;2019;Michelle;6
5;M;2019;Angelo;5
9;M;2020;Menahem;9
8;M;2020;Zakarya;8
7;F;2020;Aïsha;7
6;M;2020;Christian;6
11;M;2021;Alix;11
54;M;2006;Aurélien;54
18;M;2006;Guilhem;18
6;F;2006;Kaïna;6
7;M;2006;Mayeul;7
8;F;2006;Safa;8
80;M;2006;Théo;80
77;M;2007;Charles;77
311;M;2007;Gabriel;311
33;F;2007;Maëlle;33
5;M;2007;Théophane;5
21;M;2008;Cyprien;21
12;F;2008;Elina;12
43;F;2008;Garance;43
9;M;2008;Ian;9
13;M;2008;Mael;13
7;F;2008;Marie-Lou;7
11;M;2009;Aboubacar;11
26;F;2009;Amandine;26
6;F;2009;Anaelle;6
9;M;2009;André;9
6;F;2009;Coralie;6
5;M;2009;Joan;5
6;F;2009;Meryam;6
10;M;2009;Nahel;10
5;M;2012;Elone;5
8;M;2012;Florent;8
6;F;2013;Abigaël;6
5;M;2013;Florent;5
6;M;2013;Mohamed-Lamine;6
6;F;2014;Assil;6
17;M;2014;Bilal;17
5;M;2014;Francesco;5
12;F;2014;Mariame;12
48;M;2014;Ruben;48
5;M;2014;Samba;5
6;F;2014;Samia;6
65;F;2015;Constance;65
9;F;2015;Coumba;9
12;M;2015;Lior;12
13;M;2016;Aubin;13
5;M;2016;Baudouin;5
5;M;2016;Lazar;5
10;M;2016;Mohamed-Amine;10
8;F;2016;Philomène;8
5;M;2016;Raoul;5
33;M;2016;Stanislas;33
9;M;2017;Albert;9
12;M;2017;Mateo;12
46;F;2018;Elsa;46
152;M;2018;Léon;152
7;F;2018;Nana;7
43;F;2019;Hanna;43
26;M;2019;Haroun;26
25;F;2019;Alia;25
12;F;2019;Calie;12
11;M;2019;Virgile;11
38;F;2004;Anaëlle;38
34;F;2005;Maëlys;34
15;F;2005;Vanessa;15
85;F;2004;Julia;85
34;M;2004;Loïc;34
6;M;2012;Chris;6
9;M;2012;Johan;9
12;F;2012;Nawel;12
98;M;2012;Yanis;98
88;M;2013;Benjamin;88
9;M;2013;Ilan;9
9;F;2014;Carmen;9
24;M;2014;Esteban;24
80;F;2014;Héloïse;80
34;M;2014;Julien;34
22;F;2014;Khadija;22
5;M;2014;Loup;5
9;M;2014;Saul;9
38;F;2014;Sophie;38
8;F;2014;Tia;8
9;M;2014;Zakariya;9
6;M;2015;Ahmad;6
13;M;2015;Florian;13
6;M;2015;Hamidou;6
5;M;2015;Mohamed-Ali;5
8;M;2015;Nil;8
48;M;2015;Ruben;48
15;F;2016;Élisa;15
14;F;2016;Joy;14
6;F;2016;Liana;6
5;M;2016;Roch;5
81;F;2024;Romy;81
60;F;2024;Céleste;60
11;M;2024;Aksel;11
7;M;2024;Hamidou;7
7;M;2024;Leyann;7
16;M;2023;Loup;16
9;F;2023;Haya;9
8;F;2023;Aby;8
6;M;2023;Lino;6
5;M;2023;Mylan;5
13;M;2024;Ilay;13
11;F;2024;Mariame;11
10;M;2024;Oussaïd;10
19;F;2022;Laya;19
17;F;2024;Aicha;17
16;M;2024;Kayden;16
15;F;2024;Irène;15
15;M;2024;Bakary;15
5;F;2024;Élie;5
61;F;2024;Noa;61
8;F;2024;Malia;8
6;F;2024;Olga;6
6;M;2024;Iyed;6
75;F;2012;Salomé;75
18;M;2014;Abdallah;18
43;F;2015;Hanna;43
27;F;2015;Lilia;27
23;F;2017;Dina;23
9;F;2017;Lahna;9
24;F;2018;Lena;24
12;F;2018;Lison;12
181;M;2019;Léon;181
196;M;2024;Louis;196
9;F;2024;Abigaïl;9
9;F;2024;Layla;9
5;M;2024;Leyth;5
36;F;2022;Khadija;36
14;F;2022;Amélia;14
5;M;2022;Paolo;5
5;F;2022;Miya;5
14;F;2024;Assya;14
13;F;2024;Ilyana;13
10;M;2024;Ilian;10
7;F;2024;Lena;7
6;M;2024;Ryad;6
5;M;2024;Elad;5
13;M;2019;Emmanuel;13
10;M;2006;Colin;10
15;F;2006;Eléa;15
6;M;2006;Flavien;6
18;M;2007;Frédéric;18
5;M;2008;Grégory;5
79;F;2008;Yasmine;79
7;M;2009;Aleksandar;7
5;M;2009;Amara;5
15;F;2009;Rym;15
77;M;2010;Côme;77
8;M;2010;Théotime;8
53;M;2010;Yassine;53
8;F;2011;Tasnim;8
6;M;2004;Adil;6
19;F;2004;Blandine;19
14;M;2020;Mady;14
12;M;2020;André;12
11;M;2020;Titouan;11
17;M;2004;Walid;17
23;M;2005;Alban;23
50;F;2005;Fatoumata;50
20;F;2005;Nora;20
29;M;2021;Jonas;29
12;F;2004;Nada;12
6;F;2004;Naya;6
305;M;2024;Gabriel;305
29;F;2024;Dina;29
24;F;2024;Ayline;24
23;F;2024;Gaïa;23
19;F;2024;Sasha;19
15;F;2024;Neyla;15
5;F;2024;Firdaws;5
58;F;2024;Madeleine;58
27;M;2024;Mouhamed;27
16;F;2024;Flora;16
8;M;2024;Qassim;8
7;F;2024;Noya;7
5;M;2024;Joaquim;5
39;M;2024;Yanis;39
5;M;2024;Amidou;5
5;M;2024;Matéo;5
5;M;2024;Seydou;5
54;M;2024;Milo;54
15;F;2024;Maxime;15
10;F;2024;Cassandre;10
8;M;2024;Dimitri;8
6;F;2024;Alyah;6
6;F;2024;Meriem;6
49;M;2023;Noam;49
21;M;2023;Timéo;21
14;F;2023;Amy;14
10;F;2023;Bertille;10
5;M;2023;Haï;5
18;M;2024;Raphael;18
8;M;2024;Grégoire;8
7;M;2024;Carl;7
40;F;2022;Ellie;40
29;M;2022;Jad;29
22;F;2022;Dina;22
46;F;2022;Éléonore;46
21;F;2022;Lison;21
11;M;2022;Alex;11
8;M;2022;Zoumana;8
7;M;2022;Alphonse;7
9;F;2022;Tessa;9
8;F;2022;Haby;8
5;M;2012;Malcolm;5
8;F;2012;Mya;8
14;M;2012;Yannis;14
54;M;2013;Côme;54
6;F;2013;Gisèle;6
6;M;2013;Oskar;6
7;M;2014;Alfred;7
5;F;2014;Dania;5
34;M;2014;Léandre;34
5;M;2014;Malek;5
7;F;2016;Ashley;7
9;F;2016;Gloria;9
12;F;2018;Estelle;12
7;F;2018;Gemma;7
32;M;2019;Alban;32
9;M;2007;Alexander;9
24;F;2007;Rebecca;24
5;M;2007;Roland;5
9;F;2008;Daria;9
9;F;2009;Emeline;9
7;F;2009;Kiara;7
18;F;2009;Maria;18
5;F;2010;Abigail;5
9;F;2010;Ania;9
20;F;2010;Bianca;20
8;F;2019;Meriem;8
33;F;2020;Esther;33
10;M;2020;Jason;10
10;F;2004;Yousra;10
28;F;2005;Awa;28
8;M;2005;Brice;8
13;M;2005;Sylvain;13
11;M;2021;Ewen;11
5;F;2021;Aglaé;5
19;M;2004;Jonas;19
254;M;2022;Adam;254
8;F;2022;Elyssa;8
8;F;2022;Naïa;8
5;F;2022;Luisa;5
21;M;2022;Noham;21
7;F;2022;Sanaa;7
6;F;2022;Enora;6
71;M;2023;Eden;71
6;F;2023;Grace;6
47;M;2022;Nino;47
26;M;2022;Andréa;26
7;F;2022;Ayah;7
6;F;2022;Éléanore;6
78;F;2024;Julia;78
31;M;2024;Marin;31
8;F;2024;Zeyneb;8
19;M;2023;Zayd;19
9;F;2023;Khadidja;9
20;M;2024;Ayoub;20
5;F;2024;Norma;5
22;F;2018;Emna;22
13;M;2018;Ismaïl;13
5;F;2018;Maëva;5
12;F;2018;Mariame;12
23;F;2018;Maxine;23
17;M;2018;Rafaël;17
24;F;2018;Sixtine;24
53;F;2019;Mariam;53
10;F;2019;Irina;10
41;F;2010;Clémentine;41
6;F;2010;Isis;6
61;M;2010;Ismaël;61
12;F;2011;Emmanuelle;12
5;F;2011;Fatma;5
6;F;2019;India;6
5;F;2019;Camilia;5
5;M;2012;Abdourahmane;5
7;M;2012;Elio;7
23;M;2012;Idriss;23
6;F;2012;Lévana;6
35;M;2012;Zakaria;35
7;F;2013;Annabelle;7
5;M;2013;Idrissa;5
150;M;2013;Sacha;150
7;F;2014;Izia;7
5;M;2014;Marc-Antoine;5
6;M;2015;Badis;6
6;F;2015;Israa;6
15;M;2015;Leonardo;15
10;M;2015;Soan;10
73;F;2016;Clémence;73
5;M;2017;Étienne;5
141;F;2017;Léa;141
5;F;2010;Charlène;5
15;M;2010;Ernest;15
20;F;2010;Louane;20
23;F;2010;Mina;23
10;M;2011;Armel;10
68;M;2011;David;68
9;M;2011;Leandro;9
9;F;2011;Lucia;9
13;M;2011;Mateo;13
9;M;2020;George;9
8;M;2020;Malone;8
26;F;2007;Prune;26
5;F;2008;Eva-Rose;5
11;M;2008;Georges;11
5;F;2008;Gisèle;5
11;M;2008;Mayeul;11
6;M;2005;Abdelkader;6
142;F;2005;Charlotte;142
73;M;2024;Maël;73
46;M;2024;Imran;46
33;F;2024;Daphné;33
29;M;2024;Aurèle;29
5;M;2024;Yoann;5
5;F;2014;Aissatou;5
55;M;2014;Edgar;55
12;M;2016;Dorian;12
30;F;2017;Hawa;30
7;M;2017;Matthew;7
16;M;2017;Nahil;16
7;F;2017;Tahel;7
60;M;2018;Gustave;60
20;F;2019;Bérénice;20
11;M;2010;Angelo;11
36;M;2010;Matteo;36
243;M;2011;Alexandre;243
5;F;2011;Angel;5
6;F;2011;Elyssa;6
7;M;2011;Loïs;7
37;M;2021;Gabin;37
12;F;2021;Angelina;12
6;F;2021;Leah;6
5;M;2021;Abd;5
86;F;2005;Ambre;86
10;F;2005;Elia;10
9;F;2005;Grâce;9
5;F;2019;Maylis;5
7;M;2020;Mael;7
5;F;2007;Dana;5
6;M;2007;Eugène;6
25;F;2007;Salma;25
44;M;2008;Ismaël;44
121;F;2009;Clémence;121
25;F;2009;Giulia;25
5;F;2009;Talya;5
14;F;2009;Yaël;19
28;M;2024;Idriss;28
5;F;2024;Linda;5
31;M;2022;Pablo;31
18;M;2022;Loup;18
10;F;2022;Isabelle;10
16;F;2012;Aïssatou;16
18;F;2012;Alexia;18
109;F;2012;Joséphine;109
28;F;2012;Mélissa;28
13;M;2012;Tony;13
7;M;2013;Alpha;7
10;M;2013;Camil;10
66;M;2014;Eliott;66
16;F;2014;Ellie;16
20;F;2014;Emy;20
12;F;2015;Ilyana;12
10;M;2015;Zachary;10
196;M;2016;Alexandre;196
6;M;2016;Hillel;6
10;M;2016;Orso;10
9;F;2018;Clarisse;9
6;M;2018;Ilya;6
17;M;2019;Sandro;17
6;M;2006;Erwann;6
7;F;2007;Ashley;7
8;F;2007;Lilly;8
14;F;2007;Sonia;14
45;F;2010;Marion;45
5;F;2011;Daphnée;5
12;M;2021;Ryan;12
10;F;2021;Aïsha;10
6;M;2012;Auxence;6
162;M;2012;Mohamed;162
17;M;2014;Ismaïl;17
7;M;2014;Levi;7
7;M;2014;Vladimir;7
15;M;2015;Ambroise;15
6;F;2015;Janna;6
5;M;2016;Manil;5
116;F;2016;Mila;116
5;F;2017;Caroline;5
7;F;2017;Divine;7
23;F;2017;Hana;23
25;M;2018;Ilyas;25
17;M;2018;Iyed;17
79;M;2019;Amir;79
14;F;2019;Marguerite;14
42;F;2004;Stella;42
7;M;2005;Abdel;7
20;F;2020;Castille;20
11;M;2020;Sandro;11
6;M;2020;Caleb;6
5;F;2020;Ciara;5
8;F;2021;Rahma;8
7;M;2021;Roch;7
5;M;2021;Abdel;5
12;F;2006;Bianca;12
13;F;2006;Lilya;13
75;F;2006;Noémie;75
7;M;2006;Saïd;7
36;M;2008;Ahmed;36
9;F;2008;Catherine;9
8;M;2008;Nour;8
5;F;2009;Eliora;5
20;F;2009;Flore;20
9;M;2010;Ayman;9
42;M;2010;Daniel;42
6;M;2010;Mattia;6
21;F;2004;Elisabeth;21
5;F;2019;Sadio;5
6;M;2020;Soën;6
7;M;2012;Aubin;7
5;F;2012;Elyssa;5
5;F;2012;Tiguida;5
126;M;2013;Augustin;126
10;M;2013;Sean;10
15;F;2014;Sibylle;15
6;F;2015;Eulalie;6
165;M;2015;Gaspard;165
9;M;2016;Leandro;9
5;M;2016;Nizar;5
17;M;2016;Timéo;17
7;F;2017;Adama;22
10;F;2017;Assiya;10
8;M;2017;Josué;8
10;F;2017;Marguerite;10
6;M;2017;Selim;6
26;F;2018;Bérénice;26
61;M;2018;Hector;61
9;F;2019;Mariya;9
6;F;2007;Divine;6
157;F;2007;Lucie;157
6;F;2008;Aglaé;6
5;M;2008;Aron;5
5;F;2008;Barbara;5
5;M;2008;Kenny;5
5;M;2008;Kenzi;5
40;F;2008;Myriam;40
47;M;2006;Dylan;47
5;M;2007;Abdallah;5
8;F;2007;Janna;8
14;F;2007;Marianne;14
13;F;2008;Lucille;13
41;F;2009;Lily;41
31;F;2009;Thaïs;31
8;M;2009;Yannick;8
37;M;2010;Charlie;37
12;F;2010;Khadija;12
5;F;2011;Aicha;5
16;M;2011;Gauthier;16
11;F;2005;Adélaïde;11
15;F;2005;Lucy;15
7;F;2006;Adélie;7
5;M;2004;Mouhamed;5
54;M;2011;William;54
8;F;2012;Prune;8
7;M;2015;Anes;7
8;M;2015;Nadir;8
31;F;2015;Thaïs;31
71;M;2015;Théo;71
15;F;2016;Myla;15
5;F;2017;Aylin;5
16;M;2017;Yacine;16
5;M;2012;Alpha;5
7;F;2012;Lia;7
5;M;2012;Pol;5
8;F;2013;Aurélie;8
46;F;2013;Céleste;46
31;M;2013;Emile;31
11;M;2013;Ilyès;11
7;F;2013;Jihane;7
153;F;2013;Lina;153
16;M;2013;Mouhamed;16
7;M;2014;Adil;7
13;M;2014;Kévin;13
10;F;2014;Leyna;10
6;M;2014;Romeo;6
41;M;2015;Eden;41
5;M;2015;Elia;5
21;M;2015;Ismael;21
6;M;2015;Theo;6
26;F;2016;Brune;26
8;F;2016;Ema;8
7;M;2016;Otto;7
9;M;2016;Souleyman;9
82;F;2017;Ava;82
15;M;2017;Darius;15
11;M;2017;Issam;11
119;F;2018;Nina;119
38;M;2018;Nino;38
5;M;2018;Yoann;5
67;M;2019;Achille;67
22;F;2019;Jannah;22
18;F;2021;Helena;18
18;F;2021;Mariama;18
16;M;2021;Idris;16
13;M;2021;Ivan;13
10;F;2021;Dahlia;10
10;F;2021;Malak;10
9;F;2021;Nélya;9
6;M;2021;Abdullah;6
8;F;2019;Swann;8
57;M;2020;Ali;57
47;M;2020;Baptiste;47
40;M;2020;Vadim;40
21;M;2020;Wassim;21
14;F;2020;Tessa;14
10;F;2020;Adélie;10
7;F;2020;Clarisse;7
7;F;2020;Grâce;7
9;M;2006;Nadir;9
5;F;2007;Meriem;5
129;F;2008;Anaïs;129
11;F;2008;Dounia;11
11;M;2015;Salim;11
7;F;2016;Domitille;7
20;M;2016;Jayden;20
23;M;2017;Anton;23
56;M;2017;Pierre;56
116;M;2017;Samuel;116
5;M;2004;Curtis;5
6;M;2004;Vladimir;6
5;M;2005;Grégory;5
7;F;2009;Annabelle;7
5;M;2010;Térence;5
12;M;2011;Soren;12
7;M;2020;Charly;7
5;M;2021;Bradley;5
17;F;2012;Fatou;17
13;F;2012;Hana;13
6;M;2013;Noha;6
6;M;2014;Loris;6
12;F;2014;Louna;12
10;M;2014;Marwan;10
16;F;2014;Valentina;16
10;M;2014;Wael;10
6;M;2015;Alan;6
5;F;2015;Ilina;5
13;M;2016;Owen;13
21;M;2017;Lyam;21
19;M;2017;Romain;19
13;F;2017;Sienna;13
132;F;2018;Adèle;132
5;M;2018;Demba;5
7;F;2018;Khadidiatou;7
16;F;2018;Mahault;16
44;F;2019;Luna;44
16;M;2019;Kassim;16
15;F;2019;Athénaïs;15
6;M;2010;Killian;6
8;M;2010;Louka;8
15;F;2011;Assa;15
16;M;2011;Ewen;16
14;F;2021;Prune;14
5;M;2021;Seydina;5
26;M;2005;Matteo;26
19;F;2024;Aria;19
10;M;2024;Eliot;10
9;F;2024;Naomie;9
8;M;2024;Hamady;8
194;F;2004;Clara;194
41;M;2004;Ilan;41
8;M;2004;Matisse;8
14;M;2004;Oumar;14
70;M;2012;Axel;70
21;F;2012;Dina;21
16;F;2012;Domitille;16
5;M;2012;Jibril;5
14;F;2012;Lilya;14
9;F;2013;Amel;9
6;F;2013;Ludivine;6
6;F;2013;Nelia;6
7;M;2013;Younès;7
19;F;2014;Amira;19
61;M;2014;Félix;61
10;F;2014;Louane;10
10;M;2014;Mateo;10
19;F;2014;Solène;19
7;F;2014;Suzie;7
19;F;2015;Colette;19
21;F;2015;Olympe;21
6;M;2015;Ron;6
19;M;2015;Yann;19
21;F;2016;Bianca;21
27;F;2016;Justine;27
8;M;2017;Colin;8
5;F;2017;Purity;5
15;F;2017;Yuna;15
70;M;2018;Félix;70
14;F;2018;Liora;14
20;F;2018;Ninon;20
9;F;2018;Olga;9
152;F;2019;Alma;152
105;M;2019;Auguste;105
13;M;2019;Eyden;13
12;M;2019;Ahmad;12
12;F;2019;Aïda;12
5;F;2006;India;5
14;F;2006;Melissa;14
12;M;2007;Merlin;12
16;M;2007;Raphael;16
6;F;2007;Rébecca;6
7;M;2007;Yacouba;7
5;M;2007;Yoël;5
7;F;2008;Adja;7
10;M;2008;Justin;10
6;F;2008;Mathilda;6
5;M;2009;Éthan;5
6;M;2009;Kenzi;6
179;F;2009;Léa;179
12;F;2009;Ludivine;12
7;F;2009;Shaïna;7
5;M;2009;Yolan;5
5;F;2010;Aglaé;5
6;F;2010;Djénéba;6
10;F;2010;Neïla;10
5;F;2011;Aissatou;5
39;M;2011;Armand;39
65;M;2011;Elias;65
5;F;2011;Elissa;5
11;F;2011;Gabriela;11
6;M;2011;Leny;6
8;M;2011;Marlon;8
13;M;2011;Niels;13
5;M;2011;Prosper;5
10;M;2005;Rami;10
66;M;2006;Aaron;66
10;F;2021;Sira;10
6;F;2019;Djena;6
6;F;2019;Niouma;6
48;M;2020;Marin;48
23;M;2016;Mouhamed;23
41;F;2016;Zélie;41
9;M;2017;Aly;9
47;F;2017;Ella;47
26;F;2017;Lilia;26
5;M;2017;Maurice;5
7;F;2017;Shana;7
10;F;2018;Adélaïde;10
43;M;2018;Edgar;43
43;M;2018;Naïm;43
48;F;2018;Sophia;48
106;F;2019;Olivia;106
17;F;2019;Gaïa;17
15;F;2019;Serena;15
12;M;2019;Fares;12
9;F;2019;Ivy;9
11;F;2006;Joana;11
53;F;2006;Justine;53
8;F;2007;Eglantine;8
165;F;2007;Eva;165
42;M;2007;Ibrahim;42
7;M;2008;Arda;7
22;F;2008;Isaure;22
25;M;2008;Luc;25
8;F;2009;Maélys;8
9;M;2009;Marco;9
35;M;2009;Pablo;35
71;M;2010;Evan;71
14;F;2010;Jenna;14
12;M;2011;Eugène;12
6;M;2011;Naïl;6
7;F;2011;Tamara;7
5;M;2020;Armel;5
15;M;2021;Ferdinand;15
14;M;2021;Elliott;14
13;M;2021;Nils;13
6;F;2021;Clotilde;6
6;M;2021;Néo;6
41;F;2020;Noémie;41
10;M;2020;Lior;10
37;F;2023;Lilia;37
11;F;2023;Nélya;11
26;F;2005;Amina;26
15;F;2004;Mia;15
83;M;2013;Aaron;83
38;M;2005;Corentin;38
178;F;2005;Marie;178
6;F;2005;Marie-Lou;6
5;M;2005;Mattia;5
29;F;2005;Paloma;29
6;M;2006;Amadou;6
18;F;2004;Kelly;18
6;M;2004;Manuel;6
27;M;2012;Luc;27
7;M;2012;Teddy;7
27;M;2013;Alex;27
6;M;2023;Richard;6
15;F;2024;Layane;15
9;M;2024;Ari;9
41;F;2023;Aya;41
12;M;2023;Mateo;12
8;M;2023;Shaï;8
5;F;2023;Marthe;5
15;M;2022;Saul;15
10;F;2022;Rokia;10
8;M;2022;Santiago;8
8;F;2022;Lahna;8
8;F;2022;May;8
6;F;2022;Deva;6
6;F;2022;Siena;6
5;M;2022;Saliou;5
5;M;2006;Ari;5
16;M;2006;Artus;16
49;F;2006;Célia;49
9;M;2006;Mahé;9
6;F;2006;Naya;6
30;M;2007;Hamza;30
73;M;2007;Tom;73
6;F;2008;Ania;6
32;M;2008;Dylan;32
10;M;2008;Enguerrand;10
26;M;2008;Jérémy;26
14;M;2008;Killian;14
18;F;2008;Mélanie;18
26;M;2009;Andrea;26
16;F;2009;Emmanuelle;16
5;M;2009;Hassan;5
5;M;2009;Oskar;5
33;F;2010;Chiara;33
11;F;2010;Clotilde;11
37;M;2010;Max;37
30;M;2010;Nassim;30
7;F;2010;Rosa;7
38;F;2011;Aïcha;38
14;M;2011;Alan;14
161;F;2011;Eva;161
6;M;2011;Michaël;6
15;F;2004;Hawa;15
69;M;2004;Vincent;69
7;F;2004;Yuna;7
21;F;2005;Cécile;21
31;M;2005;Cyprien;31
37;F;2005;Hélène;37
5;F;2005;Hermione;5
11;M;2005;Ilyas;11
7;F;2005;Pia;7
19;F;2006;Anastasia;19
13;M;2012;Alan;13
52;M;2012;Ibrahim;52
11;M;2013;Iyad;11
5;M;2014;Armel;5
21;F;2014;Colette;21
9;M;2014;Khalil;9
13;M;2014;Marcus;13
17;F;2014;Meriem;17
5;F;2014;Olga;5
45;M;2015;Achille;45
8;F;2015;Anaelle;8
246;M;2015;Arthur;246
23;F;2015;Maïssa;23
20;F;2015;Naëlle;20
28;F;2016;Awa;28
5;F;2016;Hadja;5
8;F;2016;Hajar;8
6;F;2016;Lili;6
21;M;2017;Leo;21
7;F;2017;Maé;7
12;M;2017;Moustapha;12
14;F;2017;Nelya;14
37;M;2017;Noham;37
109;F;2018;Jade;109
21;M;2018;Lyam;21
100;M;2018;Maël;100
5;F;2018;Maëlyne;5
100;M;2019;Marius;100
32;F;2019;Elise;32
10;F;2019;Carla;10
5;F;2019;Molly;5
98;M;2020;Aaron;98
77;F;2020;Agathe;77
17;F;2020;Ninon;17
6;F;2020;Léone;6
55;M;2021;Adrien;55
20;M;2021;Yassine;20
19;M;2021;Lino;19
11;F;2021;Mélissa;11
9;M;2021;Selyan;9
7;F;2021;Samira;7
6;F;2021;Nine;6
152;M;2018;Augustin;152
98;F;2018;Camille;191
6;F;2018;Swann;23
32;F;2019;Hannah;32
15;M;2019;Dan;15
15;M;2006;Ivan;15
8;M;2006;Michael;8
5;M;2007;Adriano;5
57;F;2007;Marion;57
6;F;2008;Abigail;6
7;F;2008;Amanda;7
5;F;2008;Shyrel;5
6;M;2009;Kenny;6
14;F;2009;Léonore;14
6;M;2009;Thierry;6
6;M;2010;Alix;6
5;F;2010;Charlize;5
10;F;2010;Inés;10
13;F;2010;Maïlys;13
153;F;2010;Manon;153
10;M;2010;Stéphane;10
14;F;2011;Anastasia;14
274;F;2011;Chloé;274
55;M;2021;César;55
8;F;2021;Ela;8
7;M;2021;Ben;7
6;F;2021;Eliana;6
5;M;2021;Dany;5
6;F;2019;Amaya;6
5;M;2019;Joud;5
9;F;2020;Kiara;9
9;F;2020;Melissa;9
9;F;2020;Tasnim;9
6;F;2020;Angela;6
13;M;2023;Charly;13
12;F;2023;Ethel;12
7;F;2023;Cali;7
5;F;2012;Linoy;5
147;M;2012;Thomas;147
15;F;2013;Rita;15
22;F;2015;Alexandra;22
15;F;2016;Fatou;15
5;F;2016;Janelle;5
12;M;2016;Matéo;12
33;F;2016;Myriam;33
41;M;2022;Ezra;41
38;M;2022;Léandre;38
33;F;2022;Andréa;33
25;M;2022;Ousmane;25
16;M;2022;Constantin;16
7;F;2022;Alina;7
19;F;2023;Lara;19
18;F;2023;Gabriella;18
5;M;2023;Taym;5
20;F;2023;Alia;20
18;F;2023;Elisa;18
27;F;2017;Emilie;27
186;M;2017;Joseph;186
11;M;2017;Kenzo;11
5;F;2017;Layane;5
11;M;2018;Albert;11
9;M;2018;Logan;9
13;M;2018;Milhan;13
195;M;2018;Mohamed;195
42;F;2018;Nora;42
16;M;2018;Thibault;16
37;M;2019;Kaïs;37
30;M;2019;Aksel;30
23;F;2019;Louison;23
12;M;2019;André;12
31;M;2006;Arsène;31
39;M;2006;Basile;39
12;F;2006;Sacha;145
12;M;2007;Allan;12
17;M;2007;Eloi;17
11;F;2007;Nadia;11
8;F;2007;Nelly;8
11;M;2007;Stéphane;11
25;M;2007;Vadim;25
6;M;2008;Fabio;6
9;M;2008;Ismaïl;9
9;F;2008;Lily-Rose;9
7;F;2008;Linda;7
9;F;2009;Fleur;9
9;F;2009;Jenna;9
5;F;2010;Auriane;5
11;F;2010;Elissa;11
21;M;2010;Issa;21
5;F;2010;Layla;5
118;F;2010;Lou;128
5;F;2010;Malek;12
18;M;2010;Rémi;18
12;M;2011;Colin;12
17;F;2011;Éléonore;17
6;M;2011;Jonah;6
169;M;2011;Nathan;169
7;M;2004;Estéban;7
124;M;2005;Ethan;124
7;F;2005;Helena;7
9;M;2005;Nathanaël;9
6;F;2005;Nine;6
39;M;2005;Solal;39
7;F;2006;Alya;7
8;F;2019;Shirel;8
6;M;2019;Selim;6
14;M;2020;Mateo;14
12;M;2020;Vladimir;12
56;F;2021;Constance;56
51;M;2021;Moussa;51
50;M;2021;Tom;50
14;F;2021;Amalia;14
11;M;2004;Jordan;11
11;F;2004;Laurine;11
5;M;2004;Lionel;5
23;M;2022;Vadim;23
21;F;2022;Hawa;21
10;M;2022;Niels;10
5;F;2022;Mélia;5
17;F;2022;June;17
8;M;2022;Eric;8
8;F;2022;Grace;8
19;F;2022;Paula;19
9;F;2022;Zaynab;9
5;F;2022;Éline;5
41;F;2022;Roxane;41
20;M;2022;Malik;20
10;M;2022;Yahya;10
6;M;2022;Aydan;6
12;F;2011;Alyssa;12
10;F;2011;Sienna;10
111;M;2020;Sacha;111
13;F;2020;Kadiatou;13
6;F;2020;Rosie;6
5;F;2020;Tahira;5
43;F;2021;Khadija;43
7;M;2021;Louka;7
6;M;2021;Giorgio;6
5;M;2006;Angelo;5
18;M;2006;Cyril;18
7;F;2006;Manelle;7
30;F;2006;Sasha;53
5;M;2008;Artus;5
24;F;2008;Tess;24
19;F;2009;Amy;19
7;M;2009;Emilien;7
5;F;2009;Erin;5
5;F;2009;Léontine;5
18;M;2010;Adama;18
20;F;2012;Louna;20
8;M;2013;Samba;8
369;M;2014;Gabriel;369
18;M;2015;Max;18
6;M;2016;Emir;6
6;F;2016;Lyana;6
57;F;2022;Fatima;57
10;F;2022;Carmen;10
5;F;2022;Ida;5
6;M;2017;Joan;6
140;M;2017;Sacha;140
11;M;2019;Carl;11
20;F;2004;Awa;20
5;F;2004;Donia;5
9;M;2004;Timéo;9
5;F;2005;Yamina;5
20;F;2004;Pénélope;20
70;M;2012;Léon;70
5;F;2012;Maxime;182
8;M;2012;Oskar;8
14;F;2012;Rita;14
95;F;2013;Clara;95
11;M;2013;Issam;11
18;M;2013;Kamil;18
5;F;2013;Wiem;5
6;M;2014;Mylan;6
10;M;2014;Naïl;10
60;F;2014;Suzanne;60
6;M;2015;Angel;6
6;F;2015;Arya;6
8;M;2015;Matis;8
18;F;2015;Mayssa;18
5;F;2015;Noura;5
7;M;2015;Yani;7
42;M;2016;Georges;42
14;F;2016;Imane;14
12;F;2016;Léane;12
72;M;2016;Marius;72
7;M;2016;Yahya;7
12;F;2017;Cléophée;12
116;M;2017;Hugo;116
8;F;2017;Israa;8
12;M;2017;Matthias;12
33;M;2017;Omar;33
10;F;2017;Ophélie;10
18;F;2018;Eléonore;18
5;M;2018;Honoré;5
23;F;2018;Justine;23
12;F;2018;Lyne;12
16;M;2018;Virgile;16
5;M;2018;Yazen;5
55;M;2019;Sohan;55
10;M;2019;Hedi;10
17;M;2006;Bryan;17
6;F;2006;Loula;6
7;F;2006;Paula;7
7;F;2007;Béatrice;7
7;F;2007;Ela;7
7;M;2007;Kyle;7
126;M;2007;Samuel;126
10;M;2008;Boubacar;10
16;M;2008;Ewen;16
21;F;2008;Hanna;21
6;F;2008;Joy;6
14;F;2008;Lou-Ann;14
25;F;2008;Ninon;25
20;M;2008;Youssouf;20
47;M;2009;Amaury;47
5;F;2009;Asia;5
5;M;2009;Imran;5
18;F;2009;Lilas;18
13;M;2009;Lukas;13
14;F;2009;Sidonie;14
31;F;2009;Sophia;31
8;M;2010;Enguerrand;8
6;M;2010;Nikita;6
5;F;2010;Wendy;5
9;F;2011;Amel;9
13;F;2011;Talia;13
6;M;2011;Tim;6
5;F;2020;Amal;5
33;F;2021;Valentine;33
15;F;2021;Nava;15
11;M;2021;Ilan;11
54;M;2023;Gustave;54
36;F;2023;Maria;36
11;F;2023;Jasmine;11
8;M;2023;Dario;8
8;F;2023;India;8
5;M;2023;Caleb;5
5;F;2023;Fleur;5
5;F;2023;Ilana;5
5;F;2022;Maïwenn;5
35;M;2012;Djibril;35
5;M;2012;Fodé;5
6;M;2013;Aly;6
5;M;2013;Edward;5
5;M;2013;Iliane;5
13;F;2014;Anissa;13
5;M;2014;Éthan;5
6;M;2014;Evann;6
6;F;2014;Eya;6
5;M;2014;Joud;5
10;F;2014;Noor;10
31;M;2015;Georges;31
46;M;2015;Henri;46
9;M;2016;Tony;9
14;M;2018;Andréa;14
6;F;2018;Catherine;6
8;F;2018;Félicie;8
37;F;2018;Léonore;37
110;F;2018;Olivia;110
10;M;2019;Paolo;10
34;M;2004;Sofiane;34
92;M;2004;Valentin;92
6;F;2005;Élise;6
6;M;2019;Thierno;6
31;F;2020;Ines;31
13;M;2020;Luka;13
9;M;2020;Dimitri;9
8;M;2020;Aimé;8
26;F;2021;Sara;26
23;F;2021;Jennah;23
7;M;2021;Jalil;7
7;F;2004;Loane;7
9;M;2004;Melchior;9
10;F;2004;Paola;10
9;F;2006;Éva;9
19;M;2006;Matthias;19
57;M;2006;Tristan;57
24;F;2007;Anaëlle;24
89;M;2007;Elias;89
89;M;2007;Pierre;89
71;F;2007;Sara;71
5;M;2007;Zakariya;5
26;F;2008;Angèle;26
5;F;2008;Ayala;5
6;F;2008;Dana;6
7;F;2008;Hermine;7
15;F;2008;Laetitia;15
136;M;2008;Yanis;136
26;M;2009;Erwan;26
7;M;2009;Loris;7
115;M;2009;Noah;115
7;F;2010;Adélie;7
7;M;2010;Aloys;7
13;M;2010;Elijah;13
5;F;2010;Maëlie;5
26;F;2010;Rachel;26
5;F;2010;Roxanne;5
7;M;2010;Tim;7
11;M;2010;Vianney;11
22;F;2011;Elena;22
27;F;2011;Isaure;27
64;M;2011;Romain;64
22;M;2004;Aymeric;22
5;M;2004;Barnabé;5
7;F;2004;Clothilde;7
5;F;2004;Cynthia;5
6;F;2004;Hasna;6
43;M;2022;Sohan;43
24;F;2022;Maëlys;24
8;F;2022;Isis;8
7;M;2019;Zéphyr;7
10;F;2020;Haya;10
5;F;2020;Mayssane;5
26;M;2021;Aboubacar;26
11;F;2021;Mayar;11
5;F;2021;Marilou;5
269;F;2012;Chloé;269
5;F;2012;Liyah;5
16;F;2012;Mahaut;16
5;M;2012;Samir;5
14;M;2013;Aksel;14
27;M;2013;Elliot;27
8;F;2014;Paola;8
13;F;2014;Rita;13
6;F;2014;Salima;6
176;F;2014;Sarah;176
44;F;2014;Stella;44
8;M;2014;Swann;8
18;F;2015;Cassandre;18
12;F;2015;Emna;12
6;M;2015;Ladji;6
78;M;2015;Mathis;78
9;F;2015;Mélia;9
9;F;2016;Anaé;9
52;M;2016;Ayoub;52
10;F;2016;Elyssa;10
12;F;2016;Soraya;12
10;F;2017;Andrea;54
8;F;2017;Anissa;8
24;M;2017;Dylan;24
7;F;2017;Nava;7
12;F;2018;Aline;12
6;F;2018;Hafsa;6
5;F;2018;Maëline;5
7;M;2018;Nathanael;7
130;M;2018;Noah;130
16;F;2018;Rosalie;16
43;M;2018;William;43
17;F;2019;Mélissa;17
14;M;2006;Andy;14
5;F;2006;Augustine;5
9;F;2006;Flavie;9
13;F;2006;Théa;13
8;M;2007;Marvin;8
6;F;2007;Milla;6
9;M;2007;Sean;9
20;F;2007;Sophia;20
114;M;2008;Baptiste;114
5;F;2008;Héléna;5
10;M;2008;Kenzo;10
8;F;2006;Orlane;8
13;F;2008;Carmen;13
6;M;2009;Émile;6
13;M;2009;James;13
7;M;2011;Vianney;7
14;F;2004;Cloé;14
23;M;2004;Gabin;23
24;M;2005;Gabin;24
35;M;2006;Alex;35
6;F;2006;Aline;6
10;M;2004;Patrick;10
9;M;2012;Aksil;9
24;F;2012;Elisabeth;24
24;M;2012;Emmanuel;24
7;F;2012;Ondine;7
7;F;2012;Priscille;7
5;F;2013;Maëlyne;5
10;F;2013;Tasnim;10
9;F;2014;Assya;9
8;M;2014;Aymeric;8
24;M;2014;Edouard;24
7;F;2014;Elissa;7
5;M;2014;Yannick;5
6;M;2015;Élias;6
5;M;2015;Frédéric;5
6;F;2015;Mélanie;6
41;F;2016;Céleste;41
25;F;2017;Maëlys;25
15;M;2017;Rayane;15
9;F;2018;Caroline;9
7;F;2019;Eve;7
19;M;2020;Maximilien;19
16;F;2021;Clémentine;16
11;F;2022;Rachel;11
26;M;2020;Nicolas;26
18;F;2020;Rebecca;18
13;M;2020;Ismail;13
6;M;2020;Alessandro;6
24;M;2022;Sasha;24
19;M;2013;André;19
5;M;2013;Éric;5
8;F;2014;Carla;8
24;M;2014;Mathys;24
6;M;2012;Alessandro;6
7;F;2012;Halima;7
10;F;2012;Imen;10
9;F;2012;Kadiatou;9
6;F;2012;Nayla;6
23;F;2013;Coline;23
137;M;2013;Ethan;137
23;F;2013;Thelma;23
8;F;2014;Talya;8
13;M;2015;Élie;13
73;M;2015;Eliott;73
6;M;2015;Kyan;6
8;F;2015;Maëline;8
8;M;2016;Aksil;8
5;M;2016;Karamba;5
5;F;2016;Nadia;5
16;M;2017;Dimitri;16
5;F;2017;Ioana;5
9;M;2017;Naïl;9
47;F;2018;Alicia;47
12;F;2018;Éloïse;12
10;F;2018;Fleur;10
15;F;2018;Naïla;15
5;M;2018;Nikita;5
6;M;2018;Tim;6
22;M;2019;Anton;22
22;F;2019;Mariama;22
15;M;2019;Khalil;15
10;F;2019;Colombe;10
6;F;2020;Solveig;6
5;F;2020;Adeline;5
19;M;2021;Aurélien;19
18;M;2021;Yacine;18
13;F;2021;Hanaé;13
11;F;2021;Thalia;11
7;M;2019;George;7
6;M;2019;Alessio;6
19;F;2020;Ysée;19
14;M;2006;Melvin;14
11;F;2006;Pia;11
314;M;2006;Raphaël;314
63;M;2006;William;63
70;F;2006;Yasmine;70
11;M;2007;Aksel;11
6;F;2007;Amelia;6
200;F;2007;Inès;200
7;M;2007;Jawad;7
15;M;2007;Marin;15
5;F;2007;Shayma;5
23;F;2008;Aliénor;23
46;F;2008;Anouk;46
11;F;2008;Castille;11
30;F;2008;Clarisse;30
5;F;2015;Ortal;5
9;M;2016;Florent;9
100;F;2017;Gabrielle;100
6;M;2017;Nizar;6
8;M;2018;Malek;8
9;M;2018;Melvil;9
39;F;2019;Sara;39
57;F;2004;Sara;57
46;F;2005;Célia;46
38;M;2005;Malo;38
24;M;2006;Christian;24
58;F;2006;Océane;58
9;M;2007;Edwin;9
8;F;2007;Éléonore;8
8;M;2007;Lubin;8
10;F;2008;Hanaé;10
9;F;2008;Louane;9
5;M;2008;Willem;5
37;M;2009;Marc;37
7;F;2010;Grace;7
11;F;2010;Vanessa;11
12;F;2011;Aliyah;12
56;M;2011;Matthieu;56
30;M;2011;Stanislas;30
5;F;2019;Annaëlle;5
8;F;2021;Elinor;8
6;F;2021;Amanda;6
15;M;2020;Mattéo;15
13;M;2020;Thibault;13
8;M;2021;Matias;8
6;F;2021;Gabriela;6
47;F;2004;Morgane;47
61;M;2006;Eliott;61
5;M;2007;Alessio;5
25;F;2007;Clarisse;25
15;M;2008;Aymeric;15
256;F;2008;Emma;256
5;F;2010;Lehna;5
30;M;2010;Wassim;30
36;M;2011;Ali;36
25;M;2011;Ilian;25
30;F;2004;Estelle;30
15;F;2020;Dania;15
7;M;2021;Youcef;7
6;M;2012;Louka;6
7;M;2012;Michael;7
5;M;2013;Abdramane;5
20;F;2013;Amandine;20
45;M;2013;Ayoub;45
9;M;2013;Lisandro;9
19;F;2013;Oumou;19
6;F;2014;Deva;6
5;M;2014;Khaled;5
57;M;2014;Marceau;57
70;F;2014;Salomé;70
10;M;2015;Christ;10
21;F;2015;Nélia;21
5;F;2015;Ritaj;5
6;M;2015;Steven;6
58;M;2015;Théodore;58
65;F;2015;Yasmine;65
6;M;2016;Aïden;6
7;M;2016;Loris;7
5;M;2017;Izaac;5
6;M;2017;Marlon;6
56;M;2018;Benjamin;56
9;F;2018;Maeva;9
39;M;2006;Anthony;39
5;M;2006;Philibert;5
32;M;2007;Amaury;32
8;M;2008;Célestin;8
6;F;2008;Émilie;6
5;M;2008;Hamidou;5
89;M;2008;Pierre;89
16;F;2009;Angelina;16
5;F;2011;Joyce;5
16;M;2004;Anton;16
24;M;2004;Elliot;24
22;F;2004;Hortense;22
6;M;2004;Térence;6
5;M;2005;Elyès;5
20;F;2005;Lilia;20
10;F;2005;Mina;10
12;F;2005;Natacha;12
29;F;2004;Jessica;29
41;M;2009;Elie;41
22;F;2009;Mahaut;22
8;F;2009;Manelle;8
8;M;2009;Yoann;8
12;M;2010;Clovis;12
5;F;2010;Isild;5
17;M;2010;Karim;17
7;F;2010;Yasmina;7
20;F;2011;Cléo;20
7;F;2011;Maéva;7
66;M;2011;Tom;66
32;M;2004;Ahmed;32
6;F;2004;Chelsea;6
14;F;2004;Elia;14
9;F;2004;Soraya;9
24;M;2005;Abdoulaye;24
5;F;2005;Aïnhoa;5
6;F;2005;Lauryn;6
250;M;2022;Raphaël;250
30;M;2022;Alban;30
9;M;2022;Bryan;9
5;F;2012;Cindy;5
8;M;2012;Matéo;8
189;F;2012;Sarah;189
10;F;2012;Tanya;10
9;M;2013;Clovis;9
35;F;2013;Lyna;35
12;F;2013;Maud;12
8;F;2013;Mya;8
101;M;2013;Noah;101
8;F;2013;Sibylle;8
11;F;2014;Aïda;11
98;F;2014;Anaïs;98
13;F;2014;Élisa;13
5;M;2014;Giulio;5
5;F;2014;Tasnime;5
34;F;2015;Esther;34
24;F;2015;Jenna;24
116;F;2016;Apolline;116
8;M;2016;Joan;8
11;M;2016;Oliver;11
27;M;2016;Omar;27
20;M;2017;Alban;20
12;M;2017;Eugène;12
87;M;2017;Mathis;87
29;M;2018;Aurèle;29
13;F;2018;Candice;13
27;F;2018;Colette;27
5;M;2018;Florent;5
9;M;2018;Gaston;9
6;F;2018;Ritej;6
97;M;2019;Camille;97
87;F;2019;Ava;87
76;F;2019;Léonie;76
22;F;2019;Maëlys;22
7;M;2006;Ryad;7
241;M;2007;Arthur;241
18;F;2007;Astrid;18
5;M;2007;Malone;5
7;M;2007;Saïd;7
13;M;2008;Ilyan;13
40;M;2008;Ulysse;40
8;F;2009;Cécilia;8
89;M;2009;Mathis;89
125;F;2009;Rose;125
71;M;2010;Basile;71
6;F;2010;Emmie;6
16;M;2010;Philippe;16
6;F;2011;Cécilia;6
12;M;2011;Chris;12
5;F;2011;Tsipora;5
48;F;2021;Billie;48
32;F;2021;Chiara;32
24;M;2021;Loup;24
22;F;2021;Anaëlle;22
14;F;2021;Hafsa;14
6;F;2019;Melina;6
5;M;2019;Amara;5
5;M;2019;Keziah;5
5;M;2019;Sebastian;5
141;F;2020;Chloé;141
114;F;2020;Charlotte;114
179;M;2024;Isaac;179
83;F;2024;Lina;83
30;M;2024;Alix;30
24;M;2024;Ismaïl;24
14;M;2024;Aristide;14
10;F;2024;Avril;10
6;M;2024;Massyl;6
72;F;2004;Agathe;72
10;F;2004;Emmy;10
11;M;2004;Frédéric;11
5;F;2004;Rana;5
9;M;2011;Yoann;9
9;M;2012;Sékou;9
69;M;2013;Ibrahim;69
40;M;2013;Julien;40
11;M;2013;Kévin;11
5;F;2013;Linoy;5
221;M;2013;Paul;221
19;F;2013;Syrine;19
42;F;2013;Violette;42
5;M;2014;Jassem;5
6;M;2014;Kays;6
30;F;2014;Lilia;30
67;M;2014;Maël;67
7;M;2014;Melchior;7
28;F;2014;Paloma;28
6;M;2014;Swan;6
6;F;2015;Saja;6
15;M;2016;Adel;15
38;F;2016;Daphné;38
61;F;2016;Fatoumata;61
5;M;2016;Haron;5
10;F;2016;Jennah;10
59;M;2016;Lucien;59
9;F;2016;Nayla;9
7;M;2016;Oren;7
57;M;2016;Théo;57
9;M;2017;Alan;9
11;M;2017;Loïc;11
7;M;2018;Dario;7
5;M;2018;Leyth;5
141;M;2019;Lucas;141
114;M;2019;Liam;114
19;M;2019;Adrian;19
12;F;2019;Marilou;12
5;F;2006;Eileen;5
25;M;2006;Liam;25
32;M;2006;Milo;32
5;F;2007;Auriane;5
59;F;2007;Elsa;59
5;F;2007;Sarra;5
15;M;2008;Charlie;15
9;M;2008;Andréa;9
7;M;2008;Moustapha;7
7;F;2008;Viviane;7
13;F;2009;Fatima;13
10;F;2010;Nada;10
26;M;2011;Hippolyte;26
50;M;2005;Mathias;50
5;M;2005;Salomon;5
19;F;2012;Hannah;19
7;M;2012;Nikita;7
6;F;2012;Zohra;6
13;M;2014;Nelson;13
17;M;2015;Elijah;17
6;M;2016;Cameron;6
19;F;2016;Célia;19
21;F;2016;Mina;21
50;M;2016;Youssef;50
76;F;2008;Salomé;76
32;M;2009;Vincent;32
12;M;2010;Benoît;12
32;M;2010;Erwan;32
8;M;2010;Jayson;8
5;F;2010;Kadidia;5
25;F;2010;Pénélope;25
50;M;2011;Amine;50
31;M;2023;Alban;31
10;F;2011;Eulalie;10
7;F;2023;Isïa;7
9;M;2011;Melvin;9
5;F;2011;Prudence;5
20;M;2004;Virgile;20
9;M;2005;Mohamed-Amine;9
221;F;2005;Sarah;221
5;F;2020;Elyssa;5
101;F;2021;Sarah;101
18;M;2021;Oumar;18
139;M;2020;Lucas;139
18;F;2020;Elina;18
5;M;2019;Selyan;5
40;M;2020;Mamadou;40
28;F;2020;Myriam;28
6;F;2021;Mathilda;6
80;M;2014;Alexis;80
5;M;2014;Enguerrand;5
5;M;2014;Téo;5
100;F;2014;Yasmine;100
88;M;2015;Adrien;88
72;M;2015;Ibrahim;72
9;F;2015;Liora;9
12;F;2015;Norah;12
19;F;2016;Clarisse;19
7;F;2016;Hermine;7
225;M;2006;Arthur;225
24;F;2006;Céleste;24
6;F;2006;Cléophée;6
23;F;2006;Lilia;23
44;M;2006;Noam;44
8;M;2006;Philéas;8
20;M;2006;Tiago;20
14;M;2007;Aymen;14
6;F;2007;Leïna;6
5;M;2007;Youness;5
6;F;2008;Béryl;6
14;F;2008;Cléa;14
8;F;2008;Elyssa;8
60;F;2008;Fatoumata;60
9;M;2008;Lazare;9
6;F;2008;Sienna;6
40;M;2009;Anis;40
8;M;2009;Damian;8
34;M;2009;Dylan;34
5;F;2009;Léona;5
5;M;2010;Alec;5
36;F;2010;Inaya;36
15;F;2010;Laure;15
7;F;2010;Liliane;7
46;F;2010;Romy;46
6;M;2010;Stefan;6
5;F;2011;Laurine;5
5;M;2011;Theo;5
29;M;2004;Bastien;29
10;F;2004;Charline;10
26;M;2004;Cyprien;26
9;F;2004;Eglantine;9
5;F;2004;Françoise;5
10;F;2004;Gloria;10
18;F;2005;Alma;18
22;M;2005;Arsène;22
14;F;2005;Farah;14
7;F;2005;Jennifer;7
7;F;2005;Mahault;7
8;F;2005;Tiphaine;8
15;M;2024;Aris;15
68;M;2024;Zayn;68
48;M;2024;Orso;48
19;M;2024;Mathéo;19
5;M;2024;Saïd;5
6;M;2004;Brayan;6
12;M;2012;Colin;12
10;F;2012;Dounia;10
10;F;2012;Félicie;10
6;F;2013;Adame;6
9;M;2013;Angelo;9
8;F;2013;Kelya;8
14;M;2013;Youssouf;14
7;F;2014;Bouchra;7
125;F;2014;Charlotte;125
14;M;2014;Jayden;14
31;F;2014;Maëlle;31
31;M;2014;Mathéo;31
18;F;2014;Naïla;18
14;F;2014;Soumaya;14
5;M;2015;Brayan;5
27;F;2015;Mélissa;27
14;F;2015;Ninon;14
33;F;2015;Sirine;33
129;M;2016;Liam;129
6;F;2016;Malia;6
5;M;2017;Dani;5
95;M;2017;Eliott;95
23;F;2017;Khadija;23
6;M;2017;Merlin;6
20;F;2018;Ariane;20
12;F;2018;Mélia;12
52;F;2019;Anouk;52
9;F;2019;Liana;9
5;M;2006;Fabien;5
20;F;2006;Sixtine;20
15;F;2007;Elisabeth;15
11;M;2007;Elyas;11
44;M;2007;Kevin;44
7;M;2007;Nabil;7
14;M;2007;Théotime;14
10;F;2008;Anouck;10
270;F;2008;Chloé;270
42;F;2022;Isaure;42
40;F;2022;Alya;40
6;F;2022;Jane;6
5;M;2022;Ayaz;5
5;M;2022;Timothé;5
6;F;2014;Éléa;6
11;M;2014;Milhan;11
10;F;2015;Aïsha;10
8;F;2015;Sira;8
43;M;2022;Evan;43
7;F;2022;Nadia;7
6;F;2022;Jodie;6
5;M;2016;Sean;5
23;M;2017;Diego;23
19;F;2017;Elia;19
15;F;2017;Jennah;15
12;F;2018;Athénaïs;12
5;F;2018;Hidaya;5
114;F;2006;Lina;114
8;F;2006;Sibylle;8
26;M;2009;Nassim;26
180;M;2009;Nathan;180
9;F;2010;Goundo;9
7;F;2011;Ambrine;7
5;M;2011;Gianni;5
55;F;2021;Luna;55
25;M;2021;Hadrien;25
18;F;2020;Carmen;18
8;M;2020;Alfred;8
7;M;2020;Paolo;7
6;M;2020;Hillel;6
5;F;2015;Khady;5
17;F;2015;Mona;17
71;F;2015;Romy;71
21;F;2016;Dina;21
5;M;2016;Jed;5
15;F;2016;Léana;15
6;F;2016;Nahla;6
72;M;2016;Valentin;72
7;F;2016;Yaël;7
8;M;2017;Alessandro;8
8;F;2018;Hermine;8
60;M;2010;Ruben;60
10;M;2010;Soan;10
5;F;2010;Typhaine;5
37;M;2011;Anis;37
6;M;2011;Brahim;6
5;F;2011;Castille;5
47;M;2011;Roman;47
21;F;2024;Leïla;21
18;F;2024;Jenna;18
17;F;2024;Ève;17
88;M;2022;Nathan;88
56;F;2022;Léna;56
21;M;2022;Nael;21
17;M;2022;Mehdi;17
5;F;2022;Alexia;5
7;F;2019;Joana;7
5;M;2019;Eyad;5
5;F;2019;Léone;5
7;F;2020;Maddalena;7
6;M;2020;Chahine;6
5;F;2020;Beya;5
13;M;2021;Melchior;13
7;F;2021;Haya;7
5;F;2021;Cécile;5
7;F;2004;Carmen;7
5;F;2004;Shaïli;5
11;M;2005;Idir;11
44;F;2005;Ines;44
11;F;2005;Karine;11
5;F;2005;Shaïna;5
6;F;2005;Valérie;6
6;F;2004;Loubna;6
13;F;2004;Perrine;13
7;M;2004;Saïd;7
24;M;2006;Jérémie;24
5;F;2006;Maureen;5
32;F;2006;Salma;32
10;F;2006;Tali;10
21;F;2007;Fanny;21
5;M;2007;Fantin;5
8;F;2007;Melina;8
5;F;2007;Naïla;5
9;M;2007;Youssouf;9
61;F;2008;Apolline;61
17;F;2008;Cassandra;17
5;F;2008;Dahlia;5
71;F;2009;Julie;71
9;M;2009;Mathurin;9
8;M;2009;Pierre-Louis;8
11;F;2010;Adriana;11
5;M;2012;Achraf;5
5;M;2012;Anass;5
7;M;2012;Constant;7
8;M;2012;Giovanni;8
13;M;2013;Adrian;13
10;F;2013;Jessica;10
7;F;2013;Namizata;7
7;F;2014;Coralie;7
8;M;2014;Ezra;8
21;M;2014;Ilyas;21
96;M;2014;Isaac;96
10;M;2014;Jaden;10
12;M;2014;Leonardo;12
18;F;2024;Mira;18
13;F;2024;Sira;13
5;F;2024;Elyssa;5
96;F;2015;Gabrielle;96
108;M;2015;Liam;108
76;M;2015;Nolan;76
6;M;2016;Aldo;6
136;F;2016;Juliette;136
13;M;2017;Aydan;13
11;M;2017;Ilian;11
7;F;2017;Safia;7
5;F;2018;Aïssata;5
8;M;2018;Ben;8
6;F;2018;Dana;6
6;M;2018;Dani;6
9;F;2018;Sandra;9
23;F;2018;Ysée;23
110;M;2019;Ibrahim;110
51;M;2019;Daniel;51
36;F;2019;Lana;36
16;M;2019;Yacine;16
11;M;2019;El;11
9;M;2019;Aymeric;9
9;M;2019;Colin;9
8;M;2019;Albert;8
8;M;2019;Gael;8
9;F;2010;Amalia;9
20;M;2010;Bilal;20
11;M;2010;Elio;11
6;F;2010;Lula;6
54;F;2010;Maëlys;54
8;M;2010;Mohamed-Amine;8
110;M;2011;Léo;110
22;M;2024;Vadim;22
16;M;2024;Haroun;16
11;M;2024;Otto;11
68;M;2024;Timothée;68
12;M;2024;Eugène;12
6;M;2024;Matias;6
5;M;2022;Sören;5
56;M;2024;Ezra;56
20;F;2024;Elya;20
10;M;2024;Livio;10
7;F;2024;Anaïa;7
24;F;2023;Roxane;24
215;M;2024;Arthur;215
15;F;2024;Maëlys;15
8;M;2024;Marlon;8
5;F;2024;Kelly;5
50;F;2024;Albane;50
35;F;2024;Alicia;35
10;M;2024;Jim;10
61;M;2022;Théo;61
79;F;2024;Mia;79
27;M;2024;Jayden;27
10;F;2024;Jane;10
5;F;2024;Eleanor;5
26;M;2023;Hippolyte;26
11;M;2023;Emilio;11
105;M;2023;Ismaël;105
65;M;2023;Maxime;65
5;M;2023;Quentin;5
43;F;2023;Billie;43
6;M;2023;Roch;6
5;F;2023;Niya;5
33;M;2023;Jacques;33
6;F;2023;Isis;6
5;M;2023;Khéphren;5
5;F;2023;Isabel;5
67;M;2023;Georges;67
11;F;2023;Anaëlle;11
6;F;2023;Ayana;6
19;M;2023;Jacob;19
11;F;2023;Alyssa;11
5;F;2023;Éva;5
6;M;2023;Ziyad;6
41;M;2023;Youssouf;41
9;F;2022;Kamila;9
7;F;2022;Mazarine;7
7;F;2022;Tasnime;7
5;F;2022;Nabintou;5
23;F;2022;Zélie;23
11;M;2023;Milann;11
8;F;2023;Israa;8
191;M;2023;Louis;191
9;F;2023;Flore;9
6;M;2023;Alassane;6
23;M;2023;Isaïah;23
17;M;2023;Amadou;17
27;F;2018;Hannah;27
6;M;2006;Étienne;6
10;F;2006;Mélodie;10
9;M;2007;Eyal;9
127;F;2008;Anna;127
44;F;2008;Lily;44
6;M;2009;Hédi;6
6;M;2009;Kilyan;6
35;F;2009;Lyna;35
12;M;2009;Sekou;12
5;F;2010;Doriane;5
16;F;2010;Morgane;16
5;M;2010;Selim;5
7;F;2021;Noura;7
7;M;2021;Timothé;7
6;M;2019;Riyad;6
17;F;2020;Rosalie;17
7;F;2020;Blandine;7
61;M;2022;Elias;61
40;F;2022;Margot;40
11;M;2022;Issam;11
5;M;2022;Alessandro;5
9;M;2010;Ben;9
9;F;2010;Dana;9
5;M;2010;Ryad;5
5;M;2010;Yanni;5
214;M;2011;Antoine;214
70;M;2011;Camille;70
5;M;2011;Ilyane;5
13;M;2011;Kamil;13
6;M;2011;Nayel;6
20;M;2011;Rafaël;20
70;M;2011;Timothée;70
9;M;2020;Ian;9
9;F;2020;Sélène;9
8;F;2020;Athénaïs;8
5;M;2020;Laurent;5
178;M;2021;Mohamed;178
47;M;2021;William;47
13;F;2021;Emilie;13
11;M;2021;Leandro;11
59;F;2006;Apolline;59
9;M;2006;Elijah;9
8;F;2006;Emmy;8
5;M;2006;Leonardo;5
5;F;2006;Marie-Ange;5
6;F;2007;Anita;6
7;F;2007;Domitille;7
25;F;2007;Romy;25
14;M;2008;Ilyas;14
11;M;2008;Lamine;11
8;M;2008;Mouhamed;8
7;M;2009;Elia;7
25;F;2009;Elodie;25
31;F;2009;Eve;31
25;F;2009;Imane;25
8;M;2009;Jack;8
127;M;2009;Joseph;127
6;M;2009;Leandro;6
35;M;2011;Yassine;35
9;F;2012;Billie;9
6;M;2012;Cheick-Oumar;6
6;M;2012;Hedi;6
37;M;2013;Ali;37
42;F;2013;Ella;42
8;F;2013;Imène;8
8;M;2013;Lévi;8
24;M;2013;Timéo;24
6;M;2014;Ilies;6
26;M;2014;Roméo;26
9;F;2015;Marina;9
84;F;2015;Mathilde;84
94;M;2015;Nathan;94
46;F;2016;Roxane;46
68;M;2017;Baptiste;68
16;F;2017;Elina;16
140;M;2017;Léo;140
75;M;2017;Léonard;75
11;F;2017;Maëva;11
6;F;2017;Mama;6
10;F;2017;Scarlett;10
7;F;2017;Tosca;7
6;M;2018;Aubin;6
7;M;2018;Aymeric;7
10;F;2018;Baya;10
72;F;2018;Clémence;72
25;M;2018;Jad;25
5;M;2018;Mouhammad;5
23;F;2018;Naomi;23
5;M;2018;Roch;5
11;M;2018;Sam;11
5;M;2018;Vianney;5
25;M;2019;James;25
21;F;2019;Maëlle;21
19;M;2019;Elliott;19
15;M;2004;Adama;15
141;F;2005;Anna;141
22;F;2005;Bérénice;22
15;F;2005;Clotilde;15
5;M;2005;Filipe;5
29;M;2005;Nassim;29
5;F;2005;Rosa;5
32;M;2005;Yassine;32
18;F;2004;Naomie;18
24;M;2023;Milan;24
7;F;2023;Marion;7
6;F;2012;Aimée;6
20;M;2012;Aymen;20
72;F;2012;Héloïse;72
38;M;2014;Hamza;38
17;M;2014;Vincent;17
6;M;2016;Yossef;6
6;F;2018;Aissatou;6
43;F;2019;Sasha;43
48;M;2022;Daniel;48
32;M;2022;Djibril;32
18;F;2022;Ana;18
13;M;2022;Ewen;13
13;F;2022;Océane;13
6;M;2004;Virgil;6
7;M;2021;Ezechiel;7
12;M;2022;Zachary;12
11;M;2022;Grégoire;11
8;F;2022;Angelina;8
7;M;2022;Anis;7
5;F;2022;Razane;5
7;M;2022;Antonio;7
5;M;2022;Aubin;5
332;M;2022;Gabriel;332
22;M;2022;Abdoulaye;22
8;M;2022;Aris;8
7;F;2022;Linoy;7
5;F;2022;Zara;5
6;F;2022;Liana;6
6;F;2022;Ophélie;6
29;M;2023;Gaël;29
18;M;2023;Édouard;18
14;F;2023;Mya;14
9;F;2023;Nélia;9
7;M;2022;Zakariya;7
12;F;2023;Cléa;12
39;M;2023;Daniel;39
37;M;2023;William;37
19;F;2023;Gaïa;19
12;F;2023;Ysé;12
5;M;2023;Giorgio;5
44;F;2022;Daphné;44
9;M;2022;Andy;9
6;M;2022;Serigne;6
6;F;2022;Edmée;6
5;F;2022;Melissa;5
35;M;2022;Ismaïl;35
20;F;2022;Arya;20
18;F;2022;Augustine;18
7;M;2021;Raoul;7
6;F;2021;Aïssata;6
5;F;2021;Yona;5
63;M;2005;Augustin;63
7;F;2005;Christina;7
14;M;2005;Constantin;14
7;M;2019;Nathaniel;7
106;F;2020;Victoria;106
103;M;2020;Maxime;103
32;M;2020;Emmanuel;32
26;F;2020;Sixtine;26
10;M;2020;Aboubakar;10
10;M;2020;Ilyès;10
6;F;2020;Ida;6
26;M;2004;Joshua;26
7;M;2004;Lassana;7
29;F;2004;Olivia;29
6;F;2004;Safa;6
31;M;2004;Anatole;31
17;M;2023;Livio;17
8;M;2023;Logan;8
7;F;2023;Liora;7
14;M;2009;Mahé;14
11;M;2009;Mohamed-Amine;11
5;F;2010;Anael;5
69;F;2010;Elsa;69
17;F;2010;Leïla;17
5;M;2010;Lirone;5
10;M;2010;Mathurin;10
8;F;2011;Katia;8
5;M;2004;Alfred;5
116;F;2004;Anna;116
6;F;2004;Chanel;6
37;F;2005;Aminata;37
9;M;2005;Hugues;9
7;F;2005;Imen;7
24;M;2005;Léon;24
9;F;2005;Paola;9
9;F;2004;Priscille;9
74;F;2023;Charlotte;74
59;M;2023;Issa;59
19;M;2023;Hadrien;19
8;F;2023;Djamila;8
6;F;2023;Emily;6
7;F;2019;Bella;7
6;M;2019;Ilhan;6
28;F;2020;Lilia;28
58;M;2021;Ayden;58
31;M;2021;Samy;31
8;F;2008;Soraya;8
5;M;2008;Yaya;5
121;M;2009;Adrien;121
5;M;2009;Lyam;5
8;M;2010;Fares;8
5;F;2011;Lou-Anne;5
5;M;2011;Tyron;5
13;F;2005;Amel;13
6;M;2005;Marc-Antoine;6
7;F;2005;Toscane;7
142;M;2004;Mathis;142
36;F;2004;Roxane;36
8;F;2004;Roxanne;8
8;M;2020;Sidy;8
7;M;2020;Melvil;7
6;F;2004;Bahia;6
57;F;2004;Fatoumata;57
5;F;2004;Yasmina;5
34;M;2005;Amaury;34
29;M;2005;Jonas;29
5;F;2005;Maëly;5
6;M;2005;Riyad;6
130;M;2005;Sacha;130
9;F;2005;Yuna;9
31;M;2006;Anatole;31
5;F;2004;Rosa;5
28;M;2005;Achille;28
12;F;2005;Éva;12
5;F;2012;Nélya;5
150;M;2013;Joseph;150
9;M;2013;Yannick;9
211;F;2014;Inès;211
17;M;2014;Leo;17
9;F;2015;Agnès;9
84;M;2015;Basile;84
16;F;2016;Elisabeth;16
8;M;2016;Harouna;8
42;F;2021;Mathilde;42
17;F;2021;Leyna;17
6;F;2021;Cassie;6
6;M;2019;Assil;6
6;M;2019;Rémi;6
5;M;2019;Andria;5
119;F;2020;Gabrielle;119
13;M;2020;Adrian;13
7;F;2020;Israa;7
7;M;2004;Lamine;7
28;F;2012;Awa;28
13;F;2012;Louane;13
6;F;2012;Lyana;6
14;F;2013;Bianca;14
11;F;2013;Emily;11
20;M;2013;Maximilien;20
280;M;2013;Raphaël;280
5;M;2013;Tyron;5
33;F;2014;Assia;33
5;M;2014;Demba;5
5;M;2014;Leny;5
5;M;2014;Namory;5
5;F;2015;Eya;5
10;F;2015;Kadiatou;10
8;M;2015;Mylan;8
10;F;2015;Ombeline;10
134;F;2015;Rose;134
9;F;2016;Angelina;9
23;F;2016;Augustine;23
49;M;2016;Ilyes;49
8;M;2016;Zachary;8
10;F;2017;Ada;10
7;F;2017;Fanny;7
15;F;2017;Leïla;15
26;F;2018;Aliyah;26
39;M;2018;Ayoub;39
5;F;2018;Cataleya;5
6;M;2018;Denis;6
5;M;2018;Éthan;5
15;M;2018;Jayden;15
17;F;2018;Jennah;17
7;M;2018;Mahdi;7
12;M;2018;Youcef;12
23;M;2019;Ruben;23
6;M;2013;Hédi;6
6;F;2013;Maïwenn;6
8;F;2014;Lalya;8
9;F;2014;Nola;9
27;M;2018;Jonas;27
8;M;2018;Mustapha;8
72;F;2020;Suzanne;72
15;F;2020;Neyla;15
5;F;2019;Nalya;5
12;F;2020;Eléa;12
9;F;2020;Yara;9
6;F;2020;Aisha;6
14;M;2021;Iyad;14
6;F;2021;Fatma;6
100;M;2004;Axel;100
35;F;2004;Esther;35
6;F;2005;Manelle;6
26;M;2006;Ali;26
8;F;2004;Jana;8
9;F;2004;Kadiatou;9
65;F;2006;Esther;65
6;M;2006;Maceo;6
52;M;2006;Vincent;52
6;M;2008;Seydou;6
9;F;2008;Tali;9
6;F;2009;Alizée;6
8;F;2009;Arielle;8
44;F;2009;Ella;44
35;F;2009;Mariam;35
16;F;2009;Mariama;16
128;F;2009;Mathilde;128
30;M;2009;Nino;30
50;F;2009;Violette;50
6;F;2009;Zoë;6
5;F;2009;Zohra;5
48;F;2012;Alicia;48
16;M;2012;François;16
11;F;2012;Isra;11
7;M;2012;Melvil;7
5;F;2012;Prisca;5
7;M;2013;Aïssa;7
24;M;2013;Constantin;24
5;F;2013;Kate;5
5;F;2013;Rébecca;5
6;M;2014;Kilian;6
86;M;2014;Noé;86
5;M;2014;Pacôme;5
13;F;2015;Aicha;13
16;F;2024;Faustine;16
5;M;2024;Viggo;5
11;M;2022;Sami;11
11;F;2022;Salma;11
9;F;2022;Aure;9
5;F;2022;Layana;5
10;F;2023;Lucia;10
8;F;2023;Anastasia;8
8;F;2023;Fatima-Zahra;8
5;M;2023;Sidy;5
5;F;2023;Maïssane;5
119;M;2022;Hugo;119
7;M;2022;Jalil;7
105;M;2023;Andrea;105
20;F;2023;Norah;20
10;F;2023;Kiara;10
7;M;2023;Ismail;7
7;M;2004;Corto;7
18;M;2004;Florent;18
5;M;2004;Gilles;5
35;M;2004;Hippolyte;35
7;M;2004;Seydou;7
18;M;2004;Ugo;18
11;M;2005;Julian;11
59;F;2005;Marine;59
17;F;2005;Théa;17
11;F;2004;Maëva;11
118;M;2004;Martin;118
7;F;2004;Nadia;7
37;F;2012;Sasha;52
5;M;2013;Andréas;5
6;M;2013;Orso;6
5;M;2014;Arslane;5
11;M;2014;Gauthier;11
36;M;2014;Henri;36
10;M;2014;Lazare;10
6;M;2014;Lilian;6
14;F;2014;Mona;14
8;M;2014;Santiago;8
7;F;2015;Dahlia;7
14;F;2015;Elya;14
6;F;2015;Hermine;6
6;F;2015;Lucille;6
140;F;2016;Anna;140
30;M;2016;Antonin;30
20;M;2016;Constantin;20
5;M;2017;Habib;5
5;F;2017;Saran;5
7;F;2018;Alycia;7
22;F;2018;Amalia;22
264;M;2018;Arthur;264
6;F;2018;Lyah;6
6;F;2018;Ritaj;6
37;F;2019;Awa;37
11;F;2006;Kahina;11
39;M;2007;Florian;39
5;F;2007;Juliane;5
8;F;2007;Nola;8
6;F;2007;Priscille;6
21;M;2008;François;21
13;M;2008;Ilyès;13
8;F;2008;Liliana;8
18;F;2008;Loane;18
32;F;2008;Lyna;32
7;M;2008;Noha;7
27;F;2008;Sixtine;27
208;M;2008;Victor;208
5;M;2009;Iliane;5
59;M;2009;Ulysse;59
36;F;2010;Aminata;36
6;F;2010;Fatim;6
6;M;2010;Fodé;6
13;F;2010;Lea;13
5;M;2011;Alpha;5
15;F;2011;Colette;15
17;F;2011;Jenna;17
5;F;2011;Lily-Rose;5
77;M;2011;Mathis;77
83;F;2011;Maya;83
24;M;2011;Timothé;24
6;M;2021;Anis;6
6;M;2021;John;6
6;M;2019;Ezio;6
44;F;2020;Lana;44
11;M;2020;Aymen;11
6;M;2020;Jérémie;6
6;F;2020;Éléanore;6
14;F;2023;Lahna;14
